ISO-10303-21;
HEADER;
FILE_DESCRIPTION(('KiCad electronic assembly'),'2;1');
FILE_NAME('pos.step','2025-09-03T09:38:58',('Pcbnew'),('Kicad'),
  'Open CASCADE STEP processor 7.5','KiCad to STEP converter','Unknown'
  );
FILE_SCHEMA(('AUTOMOTIVE_DESIGN { 1 0 10303 214 1 1 1 1 }'));
ENDSEC;
DATA;
#1 = APPLICATION_PROTOCOL_DEFINITION('international standard',
  'automotive_design',2000,#2);
#2 = APPLICATION_CONTEXT(
  'core data for automotive mechanical design processes');
#3 = SHAPE_DEFINITION_REPRESENTATION(#4,#10);
#4 = PRODUCT_DEFINITION_SHAPE('','',#5);
#5 = PRODUCT_DEFINITION('design','',#6,#9);
#6 = PRODUCT_DEFINITION_FORMATION('','',#7);
#7 = PRODUCT('pos 1','pos 1','',(#8));
#8 = PRODUCT_CONTEXT('',#2,'mechanical');
#9 = PRODUCT_DEFINITION_CONTEXT('part definition',#2,'design');
#10 = SHAPE_REPRESENTATION('',(#11,#15,#19,#23,#27,#31),#35);
#11 = AXIS2_PLACEMENT_3D('',#12,#13,#14);
#12 = CARTESIAN_POINT('',(0.,0.,0.));
#13 = DIRECTION('',(0.,0.,1.));
#14 = DIRECTION('',(1.,0.,-0.));
#15 = AXIS2_PLACEMENT_3D('',#16,#17,#18);
#16 = CARTESIAN_POINT('',(158.2,-68.5,1.595198));
#17 = DIRECTION('',(0.,0.,1.));
#18 = DIRECTION('',(-1.,1.224646799147E-16,0.));
#19 = AXIS2_PLACEMENT_3D('',#20,#21,#22);
#20 = CARTESIAN_POINT('',(168.425,-70.6,1.595198));
#21 = DIRECTION('',(0.,0.,1.));
#22 = DIRECTION('',(1.,0.,0.));
#23 = AXIS2_PLACEMENT_3D('',#24,#25,#26);
#24 = CARTESIAN_POINT('',(158.35,-60.2,1.595198));
#25 = DIRECTION('',(0.,0.,1.));
#26 = DIRECTION('',(-1.,1.224646799147E-16,0.));
#27 = AXIS2_PLACEMENT_3D('',#28,#29,#30);
#28 = CARTESIAN_POINT('',(170.9,-58.49,1.595198));
#29 = DIRECTION('',(-0.,0.,1.));
#30 = DIRECTION('',(1.110223024625E-16,-1.,0.));
#31 = AXIS2_PLACEMENT_3D('',#32,#33,#34);
#32 = CARTESIAN_POINT('',(0.,0.,0.));
#33 = DIRECTION('',(0.,0.,1.));
#34 = DIRECTION('',(1.,0.,-0.));
#35 = ( GEOMETRIC_REPRESENTATION_CONTEXT(3) 
GLOBAL_UNCERTAINTY_ASSIGNED_CONTEXT((#39)) GLOBAL_UNIT_ASSIGNED_CONTEXT(
(#36,#37,#38)) REPRESENTATION_CONTEXT('Context #1',
  '3D Context with UNIT and UNCERTAINTY') );
#36 = ( LENGTH_UNIT() NAMED_UNIT(*) SI_UNIT(.MILLI.,.METRE.) );
#37 = ( NAMED_UNIT(*) PLANE_ANGLE_UNIT() SI_UNIT($,.RADIAN.) );
#38 = ( NAMED_UNIT(*) SI_UNIT($,.STERADIAN.) SOLID_ANGLE_UNIT() );
#39 = UNCERTAINTY_MEASURE_WITH_UNIT(LENGTH_MEASURE(1.E-06),#36,
  'distance_accuracy_value','confusion accuracy');
#40 = PRODUCT_RELATED_PRODUCT_CATEGORY('part',$,(#7));
#41 = ADVANCED_BREP_SHAPE_REPRESENTATION('',(#11,#42),#2082);
#42 = BREP_WITH_VOIDS('',#43,(#1960));
#43 = CLOSED_SHELL('',(#44,#61,#86,#135,#168,#186,#211,#243,#261,#270,
    #308,#330,#390,#418,#584,#650,#716,#834,#1000,#1080,#1114,#1194,
    #1226,#1292,#1369,#1403,#1418,#1436,#1468,#1486,#1629,#1681,#1705,
    #1729,#1753,#1815,#1832,#1856,#1872,#1896,#1908,#1924,#1936,#1948));
#44 = ADVANCED_FACE('',(#45),#56,.F.);
#45 = FACE_BOUND('',#46,.F.);
#46 = EDGE_LOOP('',(#47));
#47 = ORIENTED_EDGE('',*,*,#48,.T.);
#48 = EDGE_CURVE('',#49,#49,#51,.T.);
#49 = VERTEX_POINT('',#50);
#50 = CARTESIAN_POINT('',(1.75,-9.184850993605E-17,-1.9));
#51 = CIRCLE('',#52,0.25);
#52 = AXIS2_PLACEMENT_3D('',#53,#54,#55);
#53 = CARTESIAN_POINT('',(2.,-1.224646799147E-16,-1.9));
#54 = DIRECTION('',(0.,0.,1.));
#55 = DIRECTION('',(-1.,1.224646799147E-16,0.));
#56 = PLANE('',#57);
#57 = AXIS2_PLACEMENT_3D('',#58,#59,#60);
#58 = CARTESIAN_POINT('',(2.,-1.443086680282E-16,-1.9));
#59 = DIRECTION('',(-1.889979252092E-31,4.08046586736E-33,1.));
#60 = DIRECTION('',(-1.,1.224646799147E-16,-1.889979252092E-31));
#61 = ADVANCED_FACE('',(#62),#81,.T.);
#62 = FACE_BOUND('',#63,.T.);
#63 = EDGE_LOOP('',(#64,#73,#79,#80));
#64 = ORIENTED_EDGE('',*,*,#65,.F.);
#65 = EDGE_CURVE('',#66,#66,#68,.T.);
#66 = VERTEX_POINT('',#67);
#67 = CARTESIAN_POINT('',(1.75,-9.184850993605E-17,0.2));
#68 = CIRCLE('',#69,0.25);
#69 = AXIS2_PLACEMENT_3D('',#70,#71,#72);
#70 = CARTESIAN_POINT('',(2.,-1.224646799147E-16,0.2));
#71 = DIRECTION('',(0.,0.,1.));
#72 = DIRECTION('',(-1.,1.224646799147E-16,0.));
#73 = ORIENTED_EDGE('',*,*,#74,.T.);
#74 = EDGE_CURVE('',#66,#49,#75,.T.);
#75 = LINE('',#76,#77);
#76 = CARTESIAN_POINT('',(1.75,-9.184850993605E-17,0.3));
#77 = VECTOR('',#78,1.);
#78 = DIRECTION('',(0.,0.,-1.));
#79 = ORIENTED_EDGE('',*,*,#48,.T.);
#80 = ORIENTED_EDGE('',*,*,#74,.F.);
#81 = CYLINDRICAL_SURFACE('',#82,0.25);
#82 = AXIS2_PLACEMENT_3D('',#83,#84,#85);
#83 = CARTESIAN_POINT('',(2.,-1.224646799147E-16,0.3));
#84 = DIRECTION('',(0.,0.,1.));
#85 = DIRECTION('',(-1.,1.224646799147E-16,0.));
#86 = ADVANCED_FACE('',(#87,#116,#119),#130,.F.);
#87 = FACE_BOUND('',#88,.F.);
#88 = EDGE_LOOP('',(#89,#100,#109));
#89 = ORIENTED_EDGE('',*,*,#90,.T.);
#90 = EDGE_CURVE('',#91,#93,#95,.T.);
#91 = VERTEX_POINT('',#92);
#92 = CARTESIAN_POINT('',(-0.75,2.143131898508E-16,0.2));
#93 = VERTEX_POINT('',#94);
#94 = CARTESIAN_POINT('',(2.616789181895,-0.669696006639,0.2));
#95 = CIRCLE('',#96,1.75);
#96 = AXIS2_PLACEMENT_3D('',#97,#98,#99);
#97 = CARTESIAN_POINT('',(1.,0.,0.2));
#98 = DIRECTION('',(0.,0.,1.));
#99 = DIRECTION('',(-1.,1.224646799147E-16,0.));
#100 = ORIENTED_EDGE('',*,*,#101,.T.);
#101 = EDGE_CURVE('',#93,#102,#104,.T.);
#102 = VERTEX_POINT('',#103);
#103 = CARTESIAN_POINT('',(2.616789181895,0.669696006639,0.2));
#104 = CIRCLE('',#105,1.75);
#105 = AXIS2_PLACEMENT_3D('',#106,#107,#108);
#106 = CARTESIAN_POINT('',(1.,0.,0.2));
#107 = DIRECTION('',(0.,0.,1.));
#108 = DIRECTION('',(-1.,1.224646799147E-16,0.));
#109 = ORIENTED_EDGE('',*,*,#110,.T.);
#110 = EDGE_CURVE('',#102,#91,#111,.T.);
#111 = CIRCLE('',#112,1.75);
#112 = AXIS2_PLACEMENT_3D('',#113,#114,#115);
#113 = CARTESIAN_POINT('',(1.,0.,0.2));
#114 = DIRECTION('',(0.,0.,1.));
#115 = DIRECTION('',(-1.,1.224646799147E-16,0.));
#116 = FACE_BOUND('',#117,.F.);
#117 = EDGE_LOOP('',(#118));
#118 = ORIENTED_EDGE('',*,*,#65,.F.);
#119 = FACE_BOUND('',#120,.F.);
#120 = EDGE_LOOP('',(#121));
#121 = ORIENTED_EDGE('',*,*,#122,.F.);
#122 = EDGE_CURVE('',#123,#123,#125,.T.);
#123 = VERTEX_POINT('',#124);
#124 = CARTESIAN_POINT('',(-0.25,1.530808498934E-16,0.2));
#125 = CIRCLE('',#126,0.25);
#126 = AXIS2_PLACEMENT_3D('',#127,#128,#129);
#127 = CARTESIAN_POINT('',(0.,1.224646799147E-16,0.2));
#128 = DIRECTION('',(0.,0.,1.));
#129 = DIRECTION('',(-1.,1.224646799147E-16,0.));
#130 = PLANE('',#131);
#131 = AXIS2_PLACEMENT_3D('',#132,#133,#134);
#132 = CARTESIAN_POINT('',(1.,-1.239108604125E-16,0.2));
#133 = DIRECTION('',(0.,0.,1.));
#134 = DIRECTION('',(-1.,1.224646799147E-16,0.));
#135 = ADVANCED_FACE('',(#136),#163,.F.);
#136 = FACE_BOUND('',#137,.F.);
#137 = EDGE_LOOP('',(#138,#146,#147,#148,#156));
#138 = ORIENTED_EDGE('',*,*,#139,.F.);
#139 = EDGE_CURVE('',#93,#140,#142,.T.);
#140 = VERTEX_POINT('',#141);
#141 = CARTESIAN_POINT('',(2.616789181895,-0.669696006639,0.));
#142 = LINE('',#143,#144);
#143 = CARTESIAN_POINT('',(2.616789181895,-0.669696006639,0.3));
#144 = VECTOR('',#145,1.);
#145 = DIRECTION('',(0.,0.,-1.));
#146 = ORIENTED_EDGE('',*,*,#90,.F.);
#147 = ORIENTED_EDGE('',*,*,#110,.F.);
#148 = ORIENTED_EDGE('',*,*,#149,.T.);
#149 = EDGE_CURVE('',#102,#150,#152,.T.);
#150 = VERTEX_POINT('',#151);
#151 = CARTESIAN_POINT('',(2.616789181895,0.669696006639,0.));
#152 = LINE('',#153,#154);
#153 = CARTESIAN_POINT('',(2.616789181895,0.669696006639,0.3));
#154 = VECTOR('',#155,1.);
#155 = DIRECTION('',(0.,0.,-1.));
#156 = ORIENTED_EDGE('',*,*,#157,.F.);
#157 = EDGE_CURVE('',#140,#150,#158,.T.);
#158 = CIRCLE('',#159,1.75);
#159 = AXIS2_PLACEMENT_3D('',#160,#161,#162);
#160 = CARTESIAN_POINT('',(1.,0.,0.));
#161 = DIRECTION('',(0.,-0.,-1.));
#162 = DIRECTION('',(0.923879532511,-0.382683432365,0.));
#163 = CYLINDRICAL_SURFACE('',#164,1.75);
#164 = AXIS2_PLACEMENT_3D('',#165,#166,#167);
#165 = CARTESIAN_POINT('',(1.,0.,0.3));
#166 = DIRECTION('',(0.,0.,-1.));
#167 = DIRECTION('',(0.923879532511,-0.382683432365,0.));
#168 = ADVANCED_FACE('',(#169),#181,.F.);
#169 = FACE_BOUND('',#170,.F.);
#170 = EDGE_LOOP('',(#171,#172,#173,#174));
#171 = ORIENTED_EDGE('',*,*,#149,.F.);
#172 = ORIENTED_EDGE('',*,*,#101,.F.);
#173 = ORIENTED_EDGE('',*,*,#139,.T.);
#174 = ORIENTED_EDGE('',*,*,#175,.F.);
#175 = EDGE_CURVE('',#150,#140,#176,.T.);
#176 = CIRCLE('',#177,1.75);
#177 = AXIS2_PLACEMENT_3D('',#178,#179,#180);
#178 = CARTESIAN_POINT('',(1.,0.,0.));
#179 = DIRECTION('',(0.,0.,-1.));
#180 = DIRECTION('',(0.923879532511,0.382683432365,0.));
#181 = CYLINDRICAL_SURFACE('',#182,1.75);
#182 = AXIS2_PLACEMENT_3D('',#183,#184,#185);
#183 = CARTESIAN_POINT('',(1.,0.,0.3));
#184 = DIRECTION('',(0.,0.,-1.));
#185 = DIRECTION('',(0.923879532511,0.382683432365,0.));
#186 = ADVANCED_FACE('',(#187),#206,.T.);
#187 = FACE_BOUND('',#188,.T.);
#188 = EDGE_LOOP('',(#189,#190,#198,#205));
#189 = ORIENTED_EDGE('',*,*,#122,.F.);
#190 = ORIENTED_EDGE('',*,*,#191,.T.);
#191 = EDGE_CURVE('',#123,#192,#194,.T.);
#192 = VERTEX_POINT('',#193);
#193 = CARTESIAN_POINT('',(-0.25,1.530808498934E-16,-2.));
#194 = LINE('',#195,#196);
#195 = CARTESIAN_POINT('',(-0.25,1.530808498934E-16,0.3));
#196 = VECTOR('',#197,1.);
#197 = DIRECTION('',(0.,0.,-1.));
#198 = ORIENTED_EDGE('',*,*,#199,.T.);
#199 = EDGE_CURVE('',#192,#192,#200,.T.);
#200 = CIRCLE('',#201,0.25);
#201 = AXIS2_PLACEMENT_3D('',#202,#203,#204);
#202 = CARTESIAN_POINT('',(0.,1.224646799147E-16,-2.));
#203 = DIRECTION('',(0.,0.,1.));
#204 = DIRECTION('',(-1.,1.224646799147E-16,0.));
#205 = ORIENTED_EDGE('',*,*,#191,.F.);
#206 = CYLINDRICAL_SURFACE('',#207,0.25);
#207 = AXIS2_PLACEMENT_3D('',#208,#209,#210);
#208 = CARTESIAN_POINT('',(0.,1.224646799147E-16,0.3));
#209 = DIRECTION('',(0.,0.,1.));
#210 = DIRECTION('',(-1.,1.224646799147E-16,0.));
#211 = ADVANCED_FACE('',(#212),#238,.T.);
#212 = FACE_BOUND('',#213,.F.);
#213 = EDGE_LOOP('',(#214,#215,#223,#232));
#214 = ORIENTED_EDGE('',*,*,#157,.T.);
#215 = ORIENTED_EDGE('',*,*,#216,.T.);
#216 = EDGE_CURVE('',#150,#217,#219,.T.);
#217 = VERTEX_POINT('',#218);
#218 = CARTESIAN_POINT('',(3.124922924776,0.88017189444,
    1.387778780781E-17));
#219 = LINE('',#220,#221);
#220 = CARTESIAN_POINT('',(2.616789181895,0.669696006639,0.));
#221 = VECTOR('',#222,1.);
#222 = DIRECTION('',(0.923879532511,0.382683432365,0.));
#223 = ORIENTED_EDGE('',*,*,#224,.F.);
#224 = EDGE_CURVE('',#225,#217,#227,.T.);
#225 = VERTEX_POINT('',#226);
#226 = CARTESIAN_POINT('',(3.124922924776,-0.88017189444,
    1.387778780781E-17));
#227 = CIRCLE('',#228,2.3);
#228 = AXIS2_PLACEMENT_3D('',#229,#230,#231);
#229 = CARTESIAN_POINT('',(1.,0.,1.387778780781E-17));
#230 = DIRECTION('',(0.,-0.,-1.));
#231 = DIRECTION('',(0.923879532511,-0.382683432365,0.));
#232 = ORIENTED_EDGE('',*,*,#233,.F.);
#233 = EDGE_CURVE('',#140,#225,#234,.T.);
#234 = LINE('',#235,#236);
#235 = CARTESIAN_POINT('',(2.616789181895,-0.669696006639,0.));
#236 = VECTOR('',#237,1.);
#237 = DIRECTION('',(0.923879532511,-0.382683432365,0.));
#238 = PLANE('',#239);
#239 = AXIS2_PLACEMENT_3D('',#240,#241,#242);
#240 = CARTESIAN_POINT('',(1.,0.,0.));
#241 = DIRECTION('',(0.,0.,-1.));
#242 = DIRECTION('',(0.923879532511,-0.382683432365,0.));
#243 = ADVANCED_FACE('',(#244),#256,.T.);
#244 = FACE_BOUND('',#245,.F.);
#245 = EDGE_LOOP('',(#246,#247,#248,#255));
#246 = ORIENTED_EDGE('',*,*,#175,.T.);
#247 = ORIENTED_EDGE('',*,*,#233,.T.);
#248 = ORIENTED_EDGE('',*,*,#249,.F.);
#249 = EDGE_CURVE('',#217,#225,#250,.T.);
#250 = CIRCLE('',#251,2.3);
#251 = AXIS2_PLACEMENT_3D('',#252,#253,#254);
#252 = CARTESIAN_POINT('',(1.,0.,1.387778780781E-17));
#253 = DIRECTION('',(0.,0.,-1.));
#254 = DIRECTION('',(0.923879532511,0.382683432365,0.));
#255 = ORIENTED_EDGE('',*,*,#216,.F.);
#256 = PLANE('',#257);
#257 = AXIS2_PLACEMENT_3D('',#258,#259,#260);
#258 = CARTESIAN_POINT('',(1.,0.,0.));
#259 = DIRECTION('',(0.,0.,-1.));
#260 = DIRECTION('',(0.923879532511,0.382683432365,0.));
#261 = ADVANCED_FACE('',(#262),#265,.F.);
#262 = FACE_BOUND('',#263,.F.);
#263 = EDGE_LOOP('',(#264));
#264 = ORIENTED_EDGE('',*,*,#199,.T.);
#265 = PLANE('',#266);
#266 = AXIS2_PLACEMENT_3D('',#267,#268,#269);
#267 = CARTESIAN_POINT('',(-2.22044604925E-16,1.006206918012E-16,-2.));
#268 = DIRECTION('',(2.218671295934E-31,4.08046586736E-33,1.));
#269 = DIRECTION('',(-1.,1.224646799147E-16,2.218671295934E-31));
#270 = ADVANCED_FACE('',(#271),#299,.F.);
#271 = FACE_BOUND('',#272,.F.);
#272 = EDGE_LOOP('',(#273,#274,#283,#292));
#273 = ORIENTED_EDGE('',*,*,#224,.T.);
#274 = ORIENTED_EDGE('',*,*,#275,.T.);
#275 = EDGE_CURVE('',#217,#276,#278,.T.);
#276 = VERTEX_POINT('',#277);
#277 = CARTESIAN_POINT('',(3.309698831278,0.956708580913,0.2));
#278 = CIRCLE('',#279,0.2);
#279 = AXIS2_PLACEMENT_3D('',#280,#281,#282);
#280 = CARTESIAN_POINT('',(3.124922924776,0.88017189444,0.2));
#281 = DIRECTION('',(0.382683432365,-0.923879532511,0.));
#282 = DIRECTION('',(0.,0.,-1.));
#283 = ORIENTED_EDGE('',*,*,#284,.F.);
#284 = EDGE_CURVE('',#285,#276,#287,.T.);
#285 = VERTEX_POINT('',#286);
#286 = CARTESIAN_POINT('',(3.309698831278,-0.956708580913,0.2));
#287 = CIRCLE('',#288,2.5);
#288 = AXIS2_PLACEMENT_3D('',#289,#290,#291);
#289 = CARTESIAN_POINT('',(1.,0.,0.2));
#290 = DIRECTION('',(0.,-0.,-1.));
#291 = DIRECTION('',(0.923879532511,-0.382683432365,0.));
#292 = ORIENTED_EDGE('',*,*,#293,.F.);
#293 = EDGE_CURVE('',#225,#285,#294,.T.);
#294 = CIRCLE('',#295,0.2);
#295 = AXIS2_PLACEMENT_3D('',#296,#297,#298);
#296 = CARTESIAN_POINT('',(3.124922924776,-0.88017189444,0.2));
#297 = DIRECTION('',(-0.382683432365,-0.923879532511,-0.));
#298 = DIRECTION('',(0.,0.,-1.));
#299 = SURFACE_OF_REVOLUTION('',#300,#305);
#300 = CIRCLE('',#301,0.2);
#301 = AXIS2_PLACEMENT_3D('',#302,#303,#304);
#302 = CARTESIAN_POINT('',(3.124922924776,-0.88017189444,0.2));
#303 = DIRECTION('',(-0.382683432365,-0.923879532511,-0.));
#304 = DIRECTION('',(0.,0.,-1.));
#305 = AXIS1_PLACEMENT('',#306,#307);
#306 = CARTESIAN_POINT('',(1.,0.,0.));
#307 = DIRECTION('',(0.,0.,-1.));
#308 = ADVANCED_FACE('',(#309),#321,.F.);
#309 = FACE_BOUND('',#310,.F.);
#310 = EDGE_LOOP('',(#311,#312,#313,#320));
#311 = ORIENTED_EDGE('',*,*,#249,.T.);
#312 = ORIENTED_EDGE('',*,*,#293,.T.);
#313 = ORIENTED_EDGE('',*,*,#314,.F.);
#314 = EDGE_CURVE('',#276,#285,#315,.T.);
#315 = CIRCLE('',#316,2.5);
#316 = AXIS2_PLACEMENT_3D('',#317,#318,#319);
#317 = CARTESIAN_POINT('',(1.,0.,0.2));
#318 = DIRECTION('',(0.,0.,-1.));
#319 = DIRECTION('',(0.923879532511,0.382683432365,0.));
#320 = ORIENTED_EDGE('',*,*,#275,.F.);
#321 = SURFACE_OF_REVOLUTION('',#322,#327);
#322 = CIRCLE('',#323,0.2);
#323 = AXIS2_PLACEMENT_3D('',#324,#325,#326);
#324 = CARTESIAN_POINT('',(3.124922924776,0.88017189444,0.2));
#325 = DIRECTION('',(0.382683432365,-0.923879532511,0.));
#326 = DIRECTION('',(0.,0.,-1.));
#327 = AXIS1_PLACEMENT('',#328,#329);
#328 = CARTESIAN_POINT('',(1.,0.,0.));
#329 = DIRECTION('',(0.,0.,-1.));
#330 = ADVANCED_FACE('',(#331),#385,.T.);
#331 = FACE_BOUND('',#332,.T.);
#332 = EDGE_LOOP('',(#333,#372,#378,#379));
#333 = ORIENTED_EDGE('',*,*,#334,.T.);
#334 = EDGE_CURVE('',#335,#337,#339,.T.);
#335 = VERTEX_POINT('',#336);
#336 = CARTESIAN_POINT('',(3.309698831278,-0.956708580913,1.064979142851
    ));
#337 = VERTEX_POINT('',#338);
#338 = CARTESIAN_POINT('',(3.309698831278,0.956708580913,1.064979142851)
  );
#339 = B_SPLINE_CURVE_WITH_KNOTS('',11,(#340,#341,#342,#343,#344,#345,
    #346,#347,#348,#349,#350,#351,#352,#353,#354,#355,#356,#357,#358,
    #359,#360,#361,#362,#363,#364,#365,#366,#367,#368,#369,#370,#371),
  .UNSPECIFIED.,.F.,.F.,(12,10,10,12),(-0.585615641583,
    2.874910026413E-15,13.744467859455,14.330083501039),.UNSPECIFIED.);
#340 = CARTESIAN_POINT('',(3.533804235046,-0.415670275735,1.064979142851
    ));
#341 = CARTESIAN_POINT('',(3.513289829604,-0.465196431576,1.064979142851
    ));
#342 = CARTESIAN_POINT('',(3.492803661547,-0.514654416342,1.064979142851
    ));
#343 = CARTESIAN_POINT('',(3.472345730872,-0.564044230035,1.064979142851
    ));
#344 = CARTESIAN_POINT('',(3.451916037581,-0.613365872653,1.064979142851
    ));
#345 = CARTESIAN_POINT('',(3.431514581673,-0.662619344198,1.064979142851
    ));
#346 = CARTESIAN_POINT('',(3.411141363149,-0.711804644669,1.064979142851
    ));
#347 = CARTESIAN_POINT('',(3.390796382008,-0.760921774065,1.064979142851
    ));
#348 = CARTESIAN_POINT('',(3.370479638251,-0.809970732388,1.064979142851
    ));
#349 = CARTESIAN_POINT('',(3.350191131876,-0.858951519637,1.064979142851
    ));
#350 = CARTESIAN_POINT('',(3.329930862886,-0.907864135812,1.064979142851
    ));
#351 = CARTESIAN_POINT('',(2.834850674205,-2.103093441787,1.064979142851
    ));
#352 = CARTESIAN_POINT('',(1.727586252494,-3.009448724487,1.064979062911
    ));
#353 = CARTESIAN_POINT('',(0.105855011951,-3.257464103804,1.064979307428
    ));
#354 = CARTESIAN_POINT('',(-1.475741298782,-2.506760000403,
    1.064978963603));
#355 = CARTESIAN_POINT('',(-2.588653308495,-1.059860959896,
    1.064979218435));
#356 = CARTESIAN_POINT('',(-2.588653308509,1.059860959896,1.064979218442
    ));
#357 = CARTESIAN_POINT('',(-1.475741298772,2.506760000402,1.064978963597
    ));
#358 = CARTESIAN_POINT('',(0.105855011945,3.257464103804,1.064979307432)
  );
#359 = CARTESIAN_POINT('',(1.727586252497,3.009448724487,1.064979062909)
  );
#360 = CARTESIAN_POINT('',(2.834850674204,2.103093441788,1.064979142851)
  );
#361 = CARTESIAN_POINT('',(3.329930862886,0.907864135812,1.064979142851)
  );
#362 = CARTESIAN_POINT('',(3.350191131876,0.858951519637,1.064979142851)
  );
#363 = CARTESIAN_POINT('',(3.370479638251,0.809970732388,1.064979142851)
  );
#364 = CARTESIAN_POINT('',(3.390796382008,0.760921774065,1.064979142851)
  );
#365 = CARTESIAN_POINT('',(3.411141363149,0.711804644669,1.064979142851)
  );
#366 = CARTESIAN_POINT('',(3.431514581673,0.662619344198,1.064979142851)
  );
#367 = CARTESIAN_POINT('',(3.451916037581,0.613365872653,1.064979142851)
  );
#368 = CARTESIAN_POINT('',(3.472345730872,0.564044230035,1.064979142851)
  );
#369 = CARTESIAN_POINT('',(3.492803661547,0.514654416342,1.064979142851)
  );
#370 = CARTESIAN_POINT('',(3.513289829605,0.465196431576,1.064979142851)
  );
#371 = CARTESIAN_POINT('',(3.533804235046,0.415670275736,1.064979142851)
  );
#372 = ORIENTED_EDGE('',*,*,#373,.F.);
#373 = EDGE_CURVE('',#276,#337,#374,.T.);
#374 = LINE('',#375,#376);
#375 = CARTESIAN_POINT('',(3.309698831278,0.956708580913,0.2));
#376 = VECTOR('',#377,1.);
#377 = DIRECTION('',(0.,0.,1.));
#378 = ORIENTED_EDGE('',*,*,#284,.F.);
#379 = ORIENTED_EDGE('',*,*,#380,.T.);
#380 = EDGE_CURVE('',#285,#335,#381,.T.);
#381 = LINE('',#382,#383);
#382 = CARTESIAN_POINT('',(3.309698831278,-0.956708580913,0.2));
#383 = VECTOR('',#384,1.);
#384 = DIRECTION('',(0.,0.,1.));
#385 = CYLINDRICAL_SURFACE('',#386,2.5);
#386 = AXIS2_PLACEMENT_3D('',#387,#388,#389);
#387 = CARTESIAN_POINT('',(1.,0.,0.2));
#388 = DIRECTION('',(0.,0.,1.));
#389 = DIRECTION('',(0.923879532511,-0.382683432365,0.));
#390 = ADVANCED_FACE('',(#391),#413,.T.);
#391 = FACE_BOUND('',#392,.T.);
#392 = EDGE_LOOP('',(#393,#410,#411,#412));
#393 = ORIENTED_EDGE('',*,*,#394,.T.);
#394 = EDGE_CURVE('',#337,#335,#395,.T.);
#395 = B_SPLINE_CURVE_WITH_KNOTS('',5,(#396,#397,#398,#399,#400,#401,
    #402,#403,#404,#405,#406,#407,#408,#409),.UNSPECIFIED.,.F.,.F.,(6,4,
    4,6),(-0.119413470026,-1.353371911114E-07,1.96349554383,
    2.08290869425),.UNSPECIFIED.);
#396 = CARTESIAN_POINT('',(3.264001325546,1.067032118743,1.064979142851)
  );
#397 = CARTESIAN_POINT('',(3.273140829292,1.0449674049,1.064979142851));
#398 = CARTESIAN_POINT('',(3.282280331654,1.0229026944,1.064979142851));
#399 = CARTESIAN_POINT('',(3.291419832631,1.000837987243,1.064979142851)
  );
#400 = CARTESIAN_POINT('',(3.300559332224,0.978773283428,1.064979142851)
  );
#401 = CARTESIAN_POINT('',(3.45997823841,0.593901998977,1.064979142851)
  );
#402 = CARTESIAN_POINT('',(3.539038746156,0.201591257513,1.064979142851)
  );
#403 = CARTESIAN_POINT('',(3.539039291386,-0.201589955698,1.064979142851
    ));
#404 = CARTESIAN_POINT('',(3.45997851584,-0.593901329202,1.064979142851)
  );
#405 = CARTESIAN_POINT('',(3.300559329455,-0.978773290113,1.064979142851
    ));
#406 = CARTESIAN_POINT('',(3.291419828478,-1.00083799727,1.064979142851)
  );
#407 = CARTESIAN_POINT('',(3.2822803275,-1.022902704428,1.064979142851)
  );
#408 = CARTESIAN_POINT('',(3.273140826523,-1.044967411585,1.064979142851
    ));
#409 = CARTESIAN_POINT('',(3.264001325546,-1.067032118743,1.064979142851
    ));
#410 = ORIENTED_EDGE('',*,*,#380,.F.);
#411 = ORIENTED_EDGE('',*,*,#314,.F.);
#412 = ORIENTED_EDGE('',*,*,#373,.T.);
#413 = CYLINDRICAL_SURFACE('',#414,2.5);
#414 = AXIS2_PLACEMENT_3D('',#415,#416,#417);
#415 = CARTESIAN_POINT('',(1.,0.,0.2));
#416 = DIRECTION('',(0.,0.,1.));
#417 = DIRECTION('',(0.923879532511,0.382683432365,-0.));
#418 = ADVANCED_FACE('',(#419),#487,.T.);
#419 = FACE_BOUND('',#420,.T.);
#420 = EDGE_LOOP('',(#421,#436,#473,#486));
#421 = ORIENTED_EDGE('',*,*,#422,.T.);
#422 = EDGE_CURVE('',#335,#423,#425,.T.);
#423 = VERTEX_POINT('',#424);
#424 = CARTESIAN_POINT('',(3.235446538439,-0.925952274181,1.269338405373
    ));
#425 = B_SPLINE_CURVE_WITH_KNOTS('',5,(#426,#427,#428,#429,#430,#431,
    #432,#433,#434,#435),.UNSPECIFIED.,.F.,.F.,(6,4,6),(0.,0.5,1.),
  .UNSPECIFIED.);
#426 = CARTESIAN_POINT('',(3.309698831278,-0.956708580913,1.064979142851
    ));
#427 = CARTESIAN_POINT('',(3.30969883117,-0.956708580868,1.086946886076)
  );
#428 = CARTESIAN_POINT('',(3.307841659805,-0.955939315301,1.109289585017
    ));
#429 = CARTESIAN_POINT('',(3.303997166347,-0.95434687397,1.131655175667)
  );
#430 = CARTESIAN_POINT('',(3.298159251937,-0.951928730645,1.153610443506
    ));
#431 = CARTESIAN_POINT('',(3.282778034968,-0.945557621971,1.195943064308
    ));
#432 = CARTESIAN_POINT('',(3.273234543788,-0.941604578492,1.2163209364)
  );
#433 = CARTESIAN_POINT('',(3.261973435419,-0.936940074678,1.235529410754
    ));
#434 = CARTESIAN_POINT('',(3.249271815997,-0.93167889165,1.253255827993)
  );
#435 = CARTESIAN_POINT('',(3.235446538439,-0.925952274181,1.269338405373
    ));
#436 = ORIENTED_EDGE('',*,*,#437,.T.);
#437 = EDGE_CURVE('',#423,#438,#440,.T.);
#438 = VERTEX_POINT('',#439);
#439 = CARTESIAN_POINT('',(3.235446538439,0.925952274181,1.269338405373)
  );
#440 = B_SPLINE_CURVE_WITH_KNOTS('',11,(#441,#442,#443,#444,#445,#446,
    #447,#448,#449,#450,#451,#452,#453,#454,#455,#456,#457,#458,#459,
    #460,#461,#462,#463,#464,#465,#466,#467,#468,#469,#470,#471,#472),
  .UNSPECIFIED.,.F.,.F.,(12,10,10,12),(-0.585615641583,
    2.874910026413E-15,13.744467859455,14.330083501039),.UNSPECIFIED.);
#441 = CARTESIAN_POINT('',(3.459551942206,-0.384913969004,1.269338405373
    ));
#442 = CARTESIAN_POINT('',(3.438387116582,-0.43601037807,1.269338405373)
  );
#443 = CARTESIAN_POINT('',(3.417380612378,-0.486724565418,1.269338405373
    ));
#444 = CARTESIAN_POINT('',(3.396532429594,-0.537056531046,1.269338405373
    ));
#445 = CARTESIAN_POINT('',(3.37584256823,-0.587006274955,1.269338405373)
  );
#446 = CARTESIAN_POINT('',(3.355311028286,-0.636573797145,1.269338405373
    ));
#447 = CARTESIAN_POINT('',(3.334937809761,-0.685759097616,1.269338405373
    ));
#448 = CARTESIAN_POINT('',(3.314722912657,-0.734562176367,1.269338405373
    ));
#449 = CARTESIAN_POINT('',(3.294666336973,-0.782983033399,1.269338405373
    ));
#450 = CARTESIAN_POINT('',(3.274768082708,-0.831021668713,1.269338405373
    ));
#451 = CARTESIAN_POINT('',(3.255028149863,-0.878678082306,1.269338405373
    ));
#452 = CARTESIAN_POINT('',(2.775863819411,-2.03548310749,1.269338405373)
  );
#453 = CARTESIAN_POINT('',(1.704091980563,-2.912929929979,1.269338420699
    ));
#454 = CARTESIAN_POINT('',(0.134360577618,-3.152280979089,1.26933837382)
  );
#455 = CARTESIAN_POINT('',(-1.395396108631,-2.426388868524,1.26933843974
    ));
#456 = CARTESIAN_POINT('',(-2.473728053044,-1.02623416819,1.269338390878
    ));
#457 = CARTESIAN_POINT('',(-2.473728053057,1.026234168191,1.269338390886
    ));
#458 = CARTESIAN_POINT('',(-1.395396108622,2.426388868523,1.269338439734
    ));
#459 = CARTESIAN_POINT('',(0.134360577613,3.152280979089,1.269338373823)
  );
#460 = CARTESIAN_POINT('',(1.704091980565,2.912929929979,1.269338420697)
  );
#461 = CARTESIAN_POINT('',(2.775863819411,2.03548310749,1.269338405373)
  );
#462 = CARTESIAN_POINT('',(3.255028149863,0.878678082306,1.269338405373)
  );
#463 = CARTESIAN_POINT('',(3.274768082708,0.831021668713,1.269338405373)
  );
#464 = CARTESIAN_POINT('',(3.294666336973,0.782983033399,1.269338405373)
  );
#465 = CARTESIAN_POINT('',(3.314722912657,0.734562176367,1.269338405373)
  );
#466 = CARTESIAN_POINT('',(3.334937809762,0.685759097616,1.269338405373)
  );
#467 = CARTESIAN_POINT('',(3.355311028286,0.636573797145,1.269338405373)
  );
#468 = CARTESIAN_POINT('',(3.37584256823,0.587006274955,1.269338405373)
  );
#469 = CARTESIAN_POINT('',(3.396532429594,0.537056531046,1.269338405373)
  );
#470 = CARTESIAN_POINT('',(3.417380612378,0.486724565418,1.269338405373)
  );
#471 = CARTESIAN_POINT('',(3.438387116583,0.436010378071,1.269338405373)
  );
#472 = CARTESIAN_POINT('',(3.459551942206,0.384913969004,1.269338405373)
  );
#473 = ORIENTED_EDGE('',*,*,#474,.F.);
#474 = EDGE_CURVE('',#337,#438,#475,.T.);
#475 = B_SPLINE_CURVE_WITH_KNOTS('',5,(#476,#477,#478,#479,#480,#481,
    #482,#483,#484,#485),.UNSPECIFIED.,.F.,.F.,(6,4,6),(0.,0.5,1.),
  .UNSPECIFIED.);
#476 = CARTESIAN_POINT('',(3.309698831278,0.956708580913,1.064979142851)
  );
#477 = CARTESIAN_POINT('',(3.30969883117,0.956708580868,1.086946886076)
  );
#478 = CARTESIAN_POINT('',(3.307841659805,0.955939315301,1.109289585017)
  );
#479 = CARTESIAN_POINT('',(3.303997166347,0.95434687397,1.131655175667)
  );
#480 = CARTESIAN_POINT('',(3.298159251937,0.951928730645,1.153610443506)
  );
#481 = CARTESIAN_POINT('',(3.282778034968,0.945557621971,1.195943064308)
  );
#482 = CARTESIAN_POINT('',(3.273234543788,0.941604578492,1.2163209364));
#483 = CARTESIAN_POINT('',(3.261973435419,0.936940074678,1.235529410754)
  );
#484 = CARTESIAN_POINT('',(3.249271815997,0.93167889165,1.253255827993)
  );
#485 = CARTESIAN_POINT('',(3.235446538439,0.925952274181,1.269338405373)
  );
#486 = ORIENTED_EDGE('',*,*,#334,.F.);
#487 = ( BOUNDED_SURFACE() B_SPLINE_SURFACE(2,11,(
    (#488,#489,#490,#491,#492,#493,#494,#495,#496,#497,#498,#499,#500
      ,#501,#502,#503,#504,#505,#506,#507,#508,#509,#510,#511,#512,#513
      ,#514,#515,#516,#517,#518,#519)
    ,(#520,#521,#522,#523,#524,#525,#526,#527,#528,#529,#530,#531,#532
      ,#533,#534,#535,#536,#537,#538,#539,#540,#541,#542,#543,#544,#545
      ,#546,#547,#548,#549,#550,#551)
    ,(#552,#553,#554,#555,#556,#557,#558,#559,#560,#561,#562,#563,#564
      ,#565,#566,#567,#568,#569,#570,#571,#572,#573,#574,#575,#576,#577
      ,#578,#579,#580,#581,#582,#583
)),.UNSPECIFIED.,.F.,.F.,.F.) B_SPLINE_SURFACE_WITH_KNOTS((3,3),(12,10,
    10,12),(0.,13.744467859455),(-0.585615641583,2.874910026413E-15,
    13.744467859455,14.330083501039),.UNSPECIFIED.) 
GEOMETRIC_REPRESENTATION_ITEM() RATIONAL_B_SPLINE_SURFACE((
    (1.,1.,1.,1.,1.,1.,1.,1.,1.,1.,1.,1.,1.,1.,1.,1.,1.,1.,1.,1.,1.,1.
      ,1.,1.,1.,1.,1.,1.,1.,1.,1.,1.)
    ,(0.93061798229,0.93061798229,0.93061798229,0.93061798229
      ,0.93061798229,0.93061798229,0.93061798229,0.93061798229
      ,0.93061798229,0.93061798229,0.93061798229,0.93061798229
      ,0.930617902914,0.930618145704,0.930617804307,0.93061805734
      ,0.930618057346,0.930617804303,0.930618145707,0.930617902913
      ,0.93061798229,0.93061798229,0.93061798229,0.93061798229
      ,0.93061798229,0.93061798229,0.93061798229,0.93061798229
      ,0.93061798229,0.93061798229,0.93061798229,0.93061798229)
    ,(1.,1.,1.,1.,1.,1.,1.,1.,1.,1.,1.,1.,1.,1.,1.,1.,1.,1.,1.,1.,1.,1.
,1.,1.,1.,1.,1.,1.,1.,1.,1.,1.))) REPRESENTATION_ITEM('') SURFACE() );
#488 = CARTESIAN_POINT('',(3.533804235046,-0.415670275735,1.064979142851
    ));
#489 = CARTESIAN_POINT('',(3.513289829604,-0.465196431576,1.064979142851
    ));
#490 = CARTESIAN_POINT('',(3.492803661547,-0.514654416342,1.064979142851
    ));
#491 = CARTESIAN_POINT('',(3.472345730872,-0.564044230035,1.064979142851
    ));
#492 = CARTESIAN_POINT('',(3.451916037581,-0.613365872653,1.064979142851
    ));
#493 = CARTESIAN_POINT('',(3.431514581673,-0.662619344198,1.064979142851
    ));
#494 = CARTESIAN_POINT('',(3.411141363149,-0.711804644669,1.064979142851
    ));
#495 = CARTESIAN_POINT('',(3.390796382008,-0.760921774065,1.064979142851
    ));
#496 = CARTESIAN_POINT('',(3.370479638251,-0.809970732388,1.064979142851
    ));
#497 = CARTESIAN_POINT('',(3.350191131876,-0.858951519637,1.064979142851
    ));
#498 = CARTESIAN_POINT('',(3.329930862886,-0.907864135812,1.064979142851
    ));
#499 = CARTESIAN_POINT('',(2.834850674205,-2.103093441787,1.064979142851
    ));
#500 = CARTESIAN_POINT('',(1.727586252494,-3.009448724487,1.064979062911
    ));
#501 = CARTESIAN_POINT('',(0.105855011951,-3.257464103804,1.064979307428
    ));
#502 = CARTESIAN_POINT('',(-1.475741298782,-2.506760000403,
    1.064978963603));
#503 = CARTESIAN_POINT('',(-2.588653308495,-1.059860959896,
    1.064979218435));
#504 = CARTESIAN_POINT('',(-2.588653308509,1.059860959896,1.064979218442
    ));
#505 = CARTESIAN_POINT('',(-1.475741298772,2.506760000402,1.064978963597
    ));
#506 = CARTESIAN_POINT('',(0.105855011945,3.257464103804,1.064979307432)
  );
#507 = CARTESIAN_POINT('',(1.727586252497,3.009448724487,1.064979062909)
  );
#508 = CARTESIAN_POINT('',(2.834850674204,2.103093441788,1.064979142851)
  );
#509 = CARTESIAN_POINT('',(3.329930862886,0.907864135812,1.064979142851)
  );
#510 = CARTESIAN_POINT('',(3.350191131876,0.858951519637,1.064979142851)
  );
#511 = CARTESIAN_POINT('',(3.370479638251,0.809970732388,1.064979142851)
  );
#512 = CARTESIAN_POINT('',(3.390796382008,0.760921774065,1.064979142851)
  );
#513 = CARTESIAN_POINT('',(3.411141363149,0.711804644669,1.064979142851)
  );
#514 = CARTESIAN_POINT('',(3.431514581673,0.662619344198,1.064979142851)
  );
#515 = CARTESIAN_POINT('',(3.451916037581,0.613365872653,1.064979142851)
  );
#516 = CARTESIAN_POINT('',(3.472345730872,0.564044230035,1.064979142851)
  );
#517 = CARTESIAN_POINT('',(3.492803661547,0.514654416342,1.064979142851)
  );
#518 = CARTESIAN_POINT('',(3.513289829605,0.465196431576,1.064979142851)
  );
#519 = CARTESIAN_POINT('',(3.533804235046,0.415670275736,1.064979142851)
  );
#520 = CARTESIAN_POINT('',(3.533804235046,-0.415670275735,1.182962690499
    ));
#521 = CARTESIAN_POINT('',(3.513289829604,-0.465196431576,1.182962690499
    ));
#522 = CARTESIAN_POINT('',(3.492803661547,-0.514654416342,1.182962690499
    ));
#523 = CARTESIAN_POINT('',(3.472345730872,-0.564044230035,1.182962690499
    ));
#524 = CARTESIAN_POINT('',(3.451916037581,-0.613365872653,1.182962690499
    ));
#525 = CARTESIAN_POINT('',(3.431514581673,-0.662619344198,1.182962690499
    ));
#526 = CARTESIAN_POINT('',(3.411141363149,-0.711804644669,1.182962690499
    ));
#527 = CARTESIAN_POINT('',(3.390796382008,-0.760921774065,1.182962690499
    ));
#528 = CARTESIAN_POINT('',(3.37047963825,-0.809970732388,1.182962690499)
  );
#529 = CARTESIAN_POINT('',(3.350191131876,-0.858951519637,1.182962690499
    ));
#530 = CARTESIAN_POINT('',(3.329930862886,-0.907864135812,1.182962690499
    ));
#531 = CARTESIAN_POINT('',(2.834850674205,-2.103093441788,1.182962690499
    ));
#532 = CARTESIAN_POINT('',(1.727586214542,-3.009448936943,1.182962685685
    ));
#533 = CARTESIAN_POINT('',(0.105855341319,-3.257463206685,1.18296270041)
  );
#534 = CARTESIAN_POINT('',(-1.475741895234,-2.506761759151,
    1.182962679705));
#535 = CARTESIAN_POINT('',(-2.588652975416,-1.059858637809,
    1.182962695051));
#536 = CARTESIAN_POINT('',(-2.588652975407,1.059858637802,1.182962695051
    ));
#537 = CARTESIAN_POINT('',(-1.475741895235,2.506761759163,1.182962679705
    ));
#538 = CARTESIAN_POINT('',(0.105855341315,3.257463206676,1.18296270041)
  );
#539 = CARTESIAN_POINT('',(1.727586214545,3.009448936947,1.182962685685)
  );
#540 = CARTESIAN_POINT('',(2.834850674204,2.103093441787,1.182962690499)
  );
#541 = CARTESIAN_POINT('',(3.329930862886,0.907864135812,1.182962690499)
  );
#542 = CARTESIAN_POINT('',(3.350191131876,0.858951519637,1.182962690499)
  );
#543 = CARTESIAN_POINT('',(3.370479638251,0.809970732388,1.182962690499)
  );
#544 = CARTESIAN_POINT('',(3.390796382008,0.760921774065,1.182962690499)
  );
#545 = CARTESIAN_POINT('',(3.411141363149,0.711804644669,1.182962690499)
  );
#546 = CARTESIAN_POINT('',(3.431514581674,0.662619344198,1.182962690499)
  );
#547 = CARTESIAN_POINT('',(3.451916037581,0.613365872653,1.182962690499)
  );
#548 = CARTESIAN_POINT('',(3.472345730872,0.564044230035,1.182962690499)
  );
#549 = CARTESIAN_POINT('',(3.492803661547,0.514654416342,1.182962690499)
  );
#550 = CARTESIAN_POINT('',(3.513289829605,0.465196431576,1.182962690499)
  );
#551 = CARTESIAN_POINT('',(3.533804235046,0.415670275736,1.182962690499)
  );
#552 = CARTESIAN_POINT('',(3.459551942206,-0.384913969004,1.269338405373
    ));
#553 = CARTESIAN_POINT('',(3.438387116582,-0.43601037807,1.269338405373)
  );
#554 = CARTESIAN_POINT('',(3.417380612378,-0.486724565418,1.269338405373
    ));
#555 = CARTESIAN_POINT('',(3.396532429594,-0.537056531046,1.269338405373
    ));
#556 = CARTESIAN_POINT('',(3.37584256823,-0.587006274955,1.269338405373)
  );
#557 = CARTESIAN_POINT('',(3.355311028286,-0.636573797145,1.269338405373
    ));
#558 = CARTESIAN_POINT('',(3.334937809761,-0.685759097616,1.269338405373
    ));
#559 = CARTESIAN_POINT('',(3.314722912657,-0.734562176367,1.269338405373
    ));
#560 = CARTESIAN_POINT('',(3.294666336973,-0.782983033399,1.269338405373
    ));
#561 = CARTESIAN_POINT('',(3.274768082708,-0.831021668713,1.269338405373
    ));
#562 = CARTESIAN_POINT('',(3.255028149863,-0.878678082306,1.269338405373
    ));
#563 = CARTESIAN_POINT('',(2.775863819411,-2.03548310749,1.269338405373)
  );
#564 = CARTESIAN_POINT('',(1.704091980563,-2.912929929979,1.269338420699
    ));
#565 = CARTESIAN_POINT('',(0.134360577618,-3.152280979089,1.26933837382)
  );
#566 = CARTESIAN_POINT('',(-1.395396108631,-2.426388868524,1.26933843974
    ));
#567 = CARTESIAN_POINT('',(-2.473728053044,-1.02623416819,1.269338390878
    ));
#568 = CARTESIAN_POINT('',(-2.473728053057,1.026234168191,1.269338390886
    ));
#569 = CARTESIAN_POINT('',(-1.395396108622,2.426388868523,1.269338439734
    ));
#570 = CARTESIAN_POINT('',(0.134360577613,3.152280979089,1.269338373823)
  );
#571 = CARTESIAN_POINT('',(1.704091980565,2.912929929979,1.269338420697)
  );
#572 = CARTESIAN_POINT('',(2.775863819411,2.03548310749,1.269338405373)
  );
#573 = CARTESIAN_POINT('',(3.255028149863,0.878678082306,1.269338405373)
  );
#574 = CARTESIAN_POINT('',(3.274768082708,0.831021668713,1.269338405373)
  );
#575 = CARTESIAN_POINT('',(3.294666336973,0.782983033399,1.269338405373)
  );
#576 = CARTESIAN_POINT('',(3.314722912657,0.734562176367,1.269338405373)
  );
#577 = CARTESIAN_POINT('',(3.334937809762,0.685759097616,1.269338405373)
  );
#578 = CARTESIAN_POINT('',(3.355311028286,0.636573797145,1.269338405373)
  );
#579 = CARTESIAN_POINT('',(3.37584256823,0.587006274955,1.269338405373)
  );
#580 = CARTESIAN_POINT('',(3.396532429594,0.537056531046,1.269338405373)
  );
#581 = CARTESIAN_POINT('',(3.417380612378,0.486724565418,1.269338405373)
  );
#582 = CARTESIAN_POINT('',(3.438387116583,0.436010378071,1.269338405373)
  );
#583 = CARTESIAN_POINT('',(3.459551942206,0.384913969004,1.269338405373)
  );
#584 = ADVANCED_FACE('',(#585),#607,.T.);
#585 = FACE_BOUND('',#586,.T.);
#586 = EDGE_LOOP('',(#587,#588,#605,#606));
#587 = ORIENTED_EDGE('',*,*,#474,.T.);
#588 = ORIENTED_EDGE('',*,*,#589,.T.);
#589 = EDGE_CURVE('',#438,#423,#590,.T.);
#590 = B_SPLINE_CURVE_WITH_KNOTS('',5,(#591,#592,#593,#594,#595,#596,
    #597,#598,#599,#600,#601,#602,#603,#604),.UNSPECIFIED.,.F.,.F.,(6,4,
    4,6),(-0.119413470026,-1.353371911114E-07,1.96349554383,
    2.08290869425),.UNSPECIFIED.);
#591 = CARTESIAN_POINT('',(3.189749034566,1.036275808073,1.269338405373)
  );
#592 = CARTESIAN_POINT('',(3.199182355483,1.013501756721,1.269338405373)
  );
#593 = CARTESIAN_POINT('',(3.20846876641,0.991082377458,1.269338405373)
  );
#594 = CARTESIAN_POINT('',(3.217608267348,0.969017670284,1.269338405373)
  );
#595 = CARTESIAN_POINT('',(3.226600858298,0.9473076352,1.269338405373));
#596 = CARTESIAN_POINT('',(3.380894753976,0.574809218729,1.269338405373)
  );
#597 = CARTESIAN_POINT('',(3.457413628123,0.195110560338,1.269338405373)
  );
#598 = CARTESIAN_POINT('',(3.457414134116,-0.1951093668,1.269338405373)
  );
#599 = CARTESIAN_POINT('',(3.380895040325,-0.574808527422,1.269338405373
    ));
#600 = CARTESIAN_POINT('',(3.226600854533,-0.947307644289,1.269338405373
    ));
#601 = CARTESIAN_POINT('',(3.217608261701,-0.969017683918,1.269338405373
    ));
#602 = CARTESIAN_POINT('',(3.208468760763,-0.991082391091,1.269338405373
    ));
#603 = CARTESIAN_POINT('',(3.199182351718,-1.01350176581,1.269338405373)
  );
#604 = CARTESIAN_POINT('',(3.189749034566,-1.036275808073,1.269338405373
    ));
#605 = ORIENTED_EDGE('',*,*,#422,.F.);
#606 = ORIENTED_EDGE('',*,*,#394,.F.);
#607 = ( BOUNDED_SURFACE() B_SPLINE_SURFACE(2,5,(
    (#608,#609,#610,#611,#612,#613,#614,#615,#616,#617,#618,#619,#620
      ,#621)
    ,(#622,#623,#624,#625,#626,#627,#628,#629,#630,#631,#632,#633,#634
      ,#635)
    ,(#636,#637,#638,#639,#640,#641,#642,#643,#644,#645,#646,#647,#648
,#649
    )),.UNSPECIFIED.,.F.,.F.,.F.) B_SPLINE_SURFACE_WITH_KNOTS((3,3),(6,4
    ,4,6),(0.,1.963495679168),(-0.119413470026,-1.353371911114E-07,
    1.96349554383,2.08290869425),.UNSPECIFIED.) 
GEOMETRIC_REPRESENTATION_ITEM() RATIONAL_B_SPLINE_SURFACE((
    (1.,1.,1.,1.,1.,1.,1.,1.,1.,1.,1.,1.,1.,1.)
    ,(0.93061798229,0.93061798229,0.93061798229,0.93061798229
      ,0.93061798229,0.93061798229,0.93061798229,0.93061798229
      ,0.93061798229,0.93061798229,0.93061798229,0.93061798229
      ,0.93061798229,0.93061798229)
,(1.,1.,1.,1.,1.,1.,1.,1.,1.,1.,1.,1.,1.,1.
))) REPRESENTATION_ITEM('') SURFACE() );
#608 = CARTESIAN_POINT('',(3.264001325546,1.067032118743,1.064979142851)
  );
#609 = CARTESIAN_POINT('',(3.273140829292,1.0449674049,1.064979142851));
#610 = CARTESIAN_POINT('',(3.282280331654,1.0229026944,1.064979142851));
#611 = CARTESIAN_POINT('',(3.291419832631,1.000837987243,1.064979142851)
  );
#612 = CARTESIAN_POINT('',(3.300559332224,0.978773283428,1.064979142851)
  );
#613 = CARTESIAN_POINT('',(3.45997823841,0.593901998977,1.064979142851)
  );
#614 = CARTESIAN_POINT('',(3.539038746156,0.201591257513,1.064979142851)
  );
#615 = CARTESIAN_POINT('',(3.539039291386,-0.201589955698,1.064979142851
    ));
#616 = CARTESIAN_POINT('',(3.45997851584,-0.593901329202,1.064979142851)
  );
#617 = CARTESIAN_POINT('',(3.300559329455,-0.978773290113,1.064979142851
    ));
#618 = CARTESIAN_POINT('',(3.291419828478,-1.00083799727,1.064979142851)
  );
#619 = CARTESIAN_POINT('',(3.2822803275,-1.022902704428,1.064979142851)
  );
#620 = CARTESIAN_POINT('',(3.273140826523,-1.044967411585,1.064979142851
    ));
#621 = CARTESIAN_POINT('',(3.264001325546,-1.067032118743,1.064979142851
    ));
#622 = CARTESIAN_POINT('',(3.264001325546,1.067032118743,1.182962690499)
  );
#623 = CARTESIAN_POINT('',(3.273140829292,1.0449674049,1.182962690499));
#624 = CARTESIAN_POINT('',(3.282280331654,1.0229026944,1.182962690499));
#625 = CARTESIAN_POINT('',(3.291419832631,1.000837987243,1.182962690499)
  );
#626 = CARTESIAN_POINT('',(3.300559332224,0.978773283428,1.182962690499)
  );
#627 = CARTESIAN_POINT('',(3.45997823841,0.593901998977,1.182962690499)
  );
#628 = CARTESIAN_POINT('',(3.539038746156,0.201591257513,1.182962690499)
  );
#629 = CARTESIAN_POINT('',(3.539039291386,-0.201589955698,1.182962690499
    ));
#630 = CARTESIAN_POINT('',(3.45997851584,-0.593901329202,1.182962690499)
  );
#631 = CARTESIAN_POINT('',(3.300559329455,-0.978773290113,1.182962690499
    ));
#632 = CARTESIAN_POINT('',(3.291419828478,-1.00083799727,1.182962690499)
  );
#633 = CARTESIAN_POINT('',(3.2822803275,-1.022902704428,1.182962690499)
  );
#634 = CARTESIAN_POINT('',(3.273140826523,-1.044967411585,1.182962690499
    ));
#635 = CARTESIAN_POINT('',(3.264001325546,-1.067032118743,1.182962690499
    ));
#636 = CARTESIAN_POINT('',(3.189749034566,1.036275808073,1.269338405373)
  );
#637 = CARTESIAN_POINT('',(3.199182355483,1.013501756721,1.269338405373)
  );
#638 = CARTESIAN_POINT('',(3.20846876641,0.991082377458,1.269338405373)
  );
#639 = CARTESIAN_POINT('',(3.217608267348,0.969017670284,1.269338405373)
  );
#640 = CARTESIAN_POINT('',(3.226600858298,0.9473076352,1.269338405373));
#641 = CARTESIAN_POINT('',(3.380894753976,0.574809218729,1.269338405373)
  );
#642 = CARTESIAN_POINT('',(3.457413628123,0.195110560338,1.269338405373)
  );
#643 = CARTESIAN_POINT('',(3.457414134116,-0.1951093668,1.269338405373)
  );
#644 = CARTESIAN_POINT('',(3.380895040325,-0.574808527422,1.269338405373
    ));
#645 = CARTESIAN_POINT('',(3.226600854533,-0.947307644289,1.269338405373
    ));
#646 = CARTESIAN_POINT('',(3.217608261701,-0.969017683918,1.269338405373
    ));
#647 = CARTESIAN_POINT('',(3.208468760763,-0.991082391091,1.269338405373
    ));
#648 = CARTESIAN_POINT('',(3.199182351718,-1.01350176581,1.269338405373)
  );
#649 = CARTESIAN_POINT('',(3.189749034566,-1.036275808073,1.269338405373
    ));
#650 = ADVANCED_FACE('',(#651),#707,.F.);
#651 = FACE_BOUND('',#652,.F.);
#652 = EDGE_LOOP('',(#653,#662,#663,#672));
#653 = ORIENTED_EDGE('',*,*,#654,.F.);
#654 = EDGE_CURVE('',#423,#655,#657,.T.);
#655 = VERTEX_POINT('',#656);
#656 = CARTESIAN_POINT('',(3.235446538439,-0.925952274181,1.930661594627
    ));
#657 = CIRCLE('',#658,0.485412195974);
#658 = AXIS2_PLACEMENT_3D('',#659,#660,#661);
#659 = CARTESIAN_POINT('',(3.563765702719,-1.061946524813,1.6));
#660 = DIRECTION('',(0.382683432365,0.923879532511,2.775557561563E-17));
#661 = DIRECTION('',(-0.523404384043,0.216801194476,-0.824041924199));
#662 = ORIENTED_EDGE('',*,*,#437,.T.);
#663 = ORIENTED_EDGE('',*,*,#664,.T.);
#664 = EDGE_CURVE('',#438,#665,#667,.T.);
#665 = VERTEX_POINT('',#666);
#666 = CARTESIAN_POINT('',(3.235446538439,0.925952274181,1.930661594627)
  );
#667 = CIRCLE('',#668,0.485412195974);
#668 = AXIS2_PLACEMENT_3D('',#669,#670,#671);
#669 = CARTESIAN_POINT('',(3.563765702719,1.061946524813,1.6));
#670 = DIRECTION('',(-0.382683432365,0.923879532511,-2.775557561563E-17)
  );
#671 = DIRECTION('',(-0.523404384043,-0.216801194476,-0.824041924199));
#672 = ORIENTED_EDGE('',*,*,#673,.F.);
#673 = EDGE_CURVE('',#655,#665,#674,.T.);
#674 = B_SPLINE_CURVE_WITH_KNOTS('',11,(#675,#676,#677,#678,#679,#680,
    #681,#682,#683,#684,#685,#686,#687,#688,#689,#690,#691,#692,#693,
    #694,#695,#696,#697,#698,#699,#700,#701,#702,#703,#704,#705,#706),
  .UNSPECIFIED.,.F.,.F.,(12,10,10,12),(-0.585615641583,
    2.901255980386E-15,13.744467859455,14.330083501039),.UNSPECIFIED.);
#675 = CARTESIAN_POINT('',(3.459551942206,-0.384913969004,1.930661594627
    ));
#676 = CARTESIAN_POINT('',(3.438387116582,-0.43601037807,1.930661594627)
  );
#677 = CARTESIAN_POINT('',(3.417380612378,-0.486724565418,1.930661594627
    ));
#678 = CARTESIAN_POINT('',(3.396532429594,-0.537056531046,1.930661594627
    ));
#679 = CARTESIAN_POINT('',(3.37584256823,-0.587006274955,1.930661594627)
  );
#680 = CARTESIAN_POINT('',(3.355311028286,-0.636573797145,1.930661594627
    ));
#681 = CARTESIAN_POINT('',(3.334937809762,-0.685759097616,1.930661594627
    ));
#682 = CARTESIAN_POINT('',(3.314722912657,-0.734562176367,1.930661594627
    ));
#683 = CARTESIAN_POINT('',(3.294666336973,-0.782983033399,1.930661594627
    ));
#684 = CARTESIAN_POINT('',(3.274768082708,-0.831021668713,1.930661594627
    ));
#685 = CARTESIAN_POINT('',(3.255028149863,-0.878678082306,1.930661594627
    ));
#686 = CARTESIAN_POINT('',(2.775863819411,-2.03548310749,1.930661594627)
  );
#687 = CARTESIAN_POINT('',(1.704091980563,-2.912929929979,1.930661579303
    ));
#688 = CARTESIAN_POINT('',(0.134360577617,-3.15228097909,1.930661626176)
  );
#689 = CARTESIAN_POINT('',(-1.395396108631,-2.426388868523,
    1.930661560267));
#690 = CARTESIAN_POINT('',(-2.473728053045,-1.026234168191,
    1.930661609113));
#691 = CARTESIAN_POINT('',(-2.473728053056,1.026234168191,1.930661609123
    ));
#692 = CARTESIAN_POINT('',(-1.395396108622,2.426388868523,1.93066156026)
  );
#693 = CARTESIAN_POINT('',(0.134360577613,3.15228097909,1.93066162618));
#694 = CARTESIAN_POINT('',(1.704091980565,2.912929929979,1.930661579301)
  );
#695 = CARTESIAN_POINT('',(2.775863819411,2.03548310749,1.930661594627)
  );
#696 = CARTESIAN_POINT('',(3.255028149863,0.878678082306,1.930661594627)
  );
#697 = CARTESIAN_POINT('',(3.274768082708,0.831021668713,1.930661594627)
  );
#698 = CARTESIAN_POINT('',(3.294666336973,0.782983033399,1.930661594627)
  );
#699 = CARTESIAN_POINT('',(3.314722912657,0.734562176367,1.930661594627)
  );
#700 = CARTESIAN_POINT('',(3.334937809762,0.685759097616,1.930661594627)
  );
#701 = CARTESIAN_POINT('',(3.355311028286,0.636573797145,1.930661594627)
  );
#702 = CARTESIAN_POINT('',(3.37584256823,0.587006274955,1.930661594627)
  );
#703 = CARTESIAN_POINT('',(3.396532429594,0.537056531046,1.930661594627)
  );
#704 = CARTESIAN_POINT('',(3.417380612378,0.486724565418,1.930661594627)
  );
#705 = CARTESIAN_POINT('',(3.438387116582,0.436010378071,1.930661594627)
  );
#706 = CARTESIAN_POINT('',(3.459551942206,0.384913969004,1.930661594627)
  );
#707 = SURFACE_OF_REVOLUTION('',#708,#713);
#708 = CIRCLE('',#709,0.485412195974);
#709 = AXIS2_PLACEMENT_3D('',#710,#711,#712);
#710 = CARTESIAN_POINT('',(3.563765702719,-1.061946524813,1.6));
#711 = DIRECTION('',(0.382683432365,0.923879532511,0.));
#712 = DIRECTION('',(-0.523404384043,0.216801194476,-0.824041924199));
#713 = AXIS1_PLACEMENT('',#714,#715);
#714 = CARTESIAN_POINT('',(1.,0.,0.));
#715 = DIRECTION('',(0.,0.,-1.));
#716 = ADVANCED_FACE('',(#717),#825,.F.);
#717 = FACE_BOUND('',#718,.F.);
#718 = EDGE_LOOP('',(#719,#720,#721,#722,#741,#752,#771,#778,#797,#808)
  );
#719 = ORIENTED_EDGE('',*,*,#664,.F.);
#720 = ORIENTED_EDGE('',*,*,#589,.T.);
#721 = ORIENTED_EDGE('',*,*,#654,.T.);
#722 = ORIENTED_EDGE('',*,*,#723,.F.);
#723 = EDGE_CURVE('',#724,#655,#726,.T.);
#724 = VERTEX_POINT('',#725);
#725 = CARTESIAN_POINT('',(3.406679829997,-0.25,1.930661594627));
#726 = B_SPLINE_CURVE_WITH_KNOTS('',5,(#727,#728,#729,#730,#731,#732,
    #733,#734,#735,#736,#737,#738,#739,#740),.UNSPECIFIED.,.F.,.F.,(6,4,
    4,6),(-0.119413470026,-1.353371911203E-07,1.96349554383,
    2.08290869425),.UNSPECIFIED.);
#727 = CARTESIAN_POINT('',(3.189749034566,1.036275808073,1.930661594627)
  );
#728 = CARTESIAN_POINT('',(3.199182355483,1.013501756721,1.930661594627)
  );
#729 = CARTESIAN_POINT('',(3.20846876641,0.991082377458,1.930661594627)
  );
#730 = CARTESIAN_POINT('',(3.217608267348,0.969017670284,1.930661594627)
  );
#731 = CARTESIAN_POINT('',(3.226600858298,0.9473076352,1.930661594627));
#732 = CARTESIAN_POINT('',(3.380894753976,0.574809218729,1.930661594627)
  );
#733 = CARTESIAN_POINT('',(3.457413628123,0.195110560338,1.930661594627)
  );
#734 = CARTESIAN_POINT('',(3.457414134116,-0.1951093668,1.930661594627)
  );
#735 = CARTESIAN_POINT('',(3.380895040325,-0.574808527422,1.930661594627
    ));
#736 = CARTESIAN_POINT('',(3.226600854533,-0.947307644289,1.930661594627
    ));
#737 = CARTESIAN_POINT('',(3.217608261701,-0.969017683918,1.930661594627
    ));
#738 = CARTESIAN_POINT('',(3.208468760763,-0.991082391091,1.930661594627
    ));
#739 = CARTESIAN_POINT('',(3.199182351718,-1.01350176581,1.930661594627)
  );
#740 = CARTESIAN_POINT('',(3.189749034566,-1.036275808073,1.930661594627
    ));
#741 = ORIENTED_EDGE('',*,*,#742,.F.);
#742 = EDGE_CURVE('',#743,#724,#745,.T.);
#743 = VERTEX_POINT('',#744);
#744 = CARTESIAN_POINT('',(3.299471489861,-0.25,1.749));
#745 = B_SPLINE_CURVE_WITH_KNOTS('',5,(#746,#747,#748,#749,#750,#751),
  .UNSPECIFIED.,.F.,.F.,(6,6),(0.,1.),.PIECEWISE_BEZIER_KNOTS.);
#746 = CARTESIAN_POINT('',(3.299471489861,-0.25,1.749));
#747 = CARTESIAN_POINT('',(3.312587202196,-0.25,1.789427365424));
#748 = CARTESIAN_POINT('',(3.33014872115,-0.25,1.828424172249));
#749 = CARTESIAN_POINT('',(3.351941636815,-0.25,1.865341021624));
#750 = CARTESIAN_POINT('',(3.377608548406,-0.25,1.899584994083));
#751 = CARTESIAN_POINT('',(3.40668024473,-0.25,1.930661807849));
#752 = ORIENTED_EDGE('',*,*,#753,.T.);
#753 = EDGE_CURVE('',#743,#754,#756,.T.);
#754 = VERTEX_POINT('',#755);
#755 = CARTESIAN_POINT('',(3.299999782609,-1.E-03,1.5));
#756 = B_SPLINE_CURVE_WITH_KNOTS('',7,(#757,#758,#759,#760,#761,#762,
    #763,#764,#765,#766,#767,#768,#769,#770),.UNSPECIFIED.,.F.,.F.,(8,6,
    8),(0.,0.656899903514,1.),.UNSPECIFIED.);
#757 = CARTESIAN_POINT('',(3.299471489861,-0.25,1.749));
#758 = CARTESIAN_POINT('',(3.288903887063,-0.25,1.716426818984));
#759 = CARTESIAN_POINT('',(3.281699509879,-0.245028477564,1.683385522006
    ));
#760 = CARTESIAN_POINT('',(3.278045828963,-0.234830048078,1.650728113424
    ));
#761 = CARTESIAN_POINT('',(3.277713110475,-0.219290375561,1.619367410059
    ));
#762 = CARTESIAN_POINT('',(3.280087341319,-0.198436579318,1.590251266333
    ));
#763 = CARTESIAN_POINT('',(3.284149886785,-0.172302430004,1.564384728938
    ));
#764 = CARTESIAN_POINT('',(3.29090216963,-0.124770531607,1.532041582647)
  );
#765 = CARTESIAN_POINT('',(3.293310489781,-0.107148532185,1.522255641965
    ));
#766 = CARTESIAN_POINT('',(3.295638205192,-8.813505246606E-02,
    1.513869244735));
#767 = CARTESIAN_POINT('',(3.297696231285,-6.772624403228E-02,
    1.507131244826));
#768 = CARTESIAN_POINT('',(3.2992147289,-4.608658790058E-02,
    1.502401965702));
#769 = CARTESIAN_POINT('',(3.299989938095,-2.364237892977E-02,1.5));
#770 = CARTESIAN_POINT('',(3.299999782609,-1.E-03,1.5));
#771 = ORIENTED_EDGE('',*,*,#772,.T.);
#772 = EDGE_CURVE('',#754,#773,#775,.T.);
#773 = VERTEX_POINT('',#774);
#774 = CARTESIAN_POINT('',(3.299999782609,9.999999999998E-04,1.5));
#775 = B_SPLINE_CURVE_WITH_KNOTS('',1,(#776,#777),.UNSPECIFIED.,.F.,.F.,
  (2,2),(0.,1.),.PIECEWISE_BEZIER_KNOTS.);
#776 = CARTESIAN_POINT('',(3.299999782609,-1.E-03,1.5));
#777 = CARTESIAN_POINT('',(3.299999782609,9.999999999998E-04,1.5));
#778 = ORIENTED_EDGE('',*,*,#779,.T.);
#779 = EDGE_CURVE('',#773,#780,#782,.T.);
#780 = VERTEX_POINT('',#781);
#781 = CARTESIAN_POINT('',(3.299471489861,0.25,1.749));
#782 = B_SPLINE_CURVE_WITH_KNOTS('',7,(#783,#784,#785,#786,#787,#788,
    #789,#790,#791,#792,#793,#794,#795,#796),.UNSPECIFIED.,.F.,.F.,(8,6,
    8),(0.,0.343710672019,1.),.UNSPECIFIED.);
#783 = CARTESIAN_POINT('',(3.299999782609,9.999999999997E-04,1.5));
#784 = CARTESIAN_POINT('',(3.299989920585,2.368265119001E-02,1.5));
#785 = CARTESIAN_POINT('',(3.299211971008,4.616604948054E-02,
    1.502410516981));
#786 = CARTESIAN_POINT('',(3.297688162784,6.784108201107E-02,
    1.507156358887));
#787 = CARTESIAN_POINT('',(3.295623636424,8.827968087268E-02,
    1.513916973069));
#788 = CARTESIAN_POINT('',(3.293289812594,0.10731720987,1.522330091337)
  );
#789 = CARTESIAN_POINT('',(3.290876523628,0.124958092937,1.532145912779)
  );
#790 = CARTESIAN_POINT('',(3.284127396232,0.172447200062,1.564528141918)
  );
#791 = CARTESIAN_POINT('',(3.280076399241,0.198532790636,1.590385718193)
  );
#792 = CARTESIAN_POINT('',(3.277714368661,0.21934776166,1.619483238628)
  );
#793 = CARTESIAN_POINT('',(3.278055943653,0.234858301632,1.650818612401)
  );
#794 = CARTESIAN_POINT('',(3.281712830825,0.245037663177,1.683446586849)
  );
#795 = CARTESIAN_POINT('',(3.288913652378,0.25,1.716456919224));
#796 = CARTESIAN_POINT('',(3.299471489861,0.25,1.749));
#797 = ORIENTED_EDGE('',*,*,#798,.T.);
#798 = EDGE_CURVE('',#780,#799,#801,.T.);
#799 = VERTEX_POINT('',#800);
#800 = CARTESIAN_POINT('',(3.40667978278,0.25,1.930661594627));
#801 = B_SPLINE_CURVE_WITH_KNOTS('',5,(#802,#803,#804,#805,#806,#807),
  .UNSPECIFIED.,.F.,.F.,(6,6),(0.,1.),.PIECEWISE_BEZIER_KNOTS.);
#802 = CARTESIAN_POINT('',(3.299471489861,0.25,1.749));
#803 = CARTESIAN_POINT('',(3.312587202196,0.25,1.789427365424));
#804 = CARTESIAN_POINT('',(3.33014872115,0.25,1.828424172249));
#805 = CARTESIAN_POINT('',(3.351941636815,0.25,1.865341021624));
#806 = CARTESIAN_POINT('',(3.377608548406,0.25,1.899584994083));
#807 = CARTESIAN_POINT('',(3.40668024473,0.25,1.930661807849));
#808 = ORIENTED_EDGE('',*,*,#809,.F.);
#809 = EDGE_CURVE('',#665,#799,#810,.T.);
#810 = B_SPLINE_CURVE_WITH_KNOTS('',5,(#811,#812,#813,#814,#815,#816,
    #817,#818,#819,#820,#821,#822,#823,#824),.UNSPECIFIED.,.F.,.F.,(6,4,
    4,6),(-0.119413470026,-1.353371911203E-07,1.96349554383,
    2.08290869425),.UNSPECIFIED.);
#811 = CARTESIAN_POINT('',(3.189749034566,1.036275808073,1.930661594627)
  );
#812 = CARTESIAN_POINT('',(3.199182355483,1.013501756721,1.930661594627)
  );
#813 = CARTESIAN_POINT('',(3.20846876641,0.991082377458,1.930661594627)
  );
#814 = CARTESIAN_POINT('',(3.217608267348,0.969017670284,1.930661594627)
  );
#815 = CARTESIAN_POINT('',(3.226600858298,0.9473076352,1.930661594627));
#816 = CARTESIAN_POINT('',(3.380894753976,0.574809218729,1.930661594627)
  );
#817 = CARTESIAN_POINT('',(3.457413628123,0.195110560338,1.930661594627)
  );
#818 = CARTESIAN_POINT('',(3.457414134116,-0.1951093668,1.930661594627)
  );
#819 = CARTESIAN_POINT('',(3.380895040325,-0.574808527422,1.930661594627
    ));
#820 = CARTESIAN_POINT('',(3.226600854533,-0.947307644289,1.930661594627
    ));
#821 = CARTESIAN_POINT('',(3.217608261701,-0.969017683918,1.930661594627
    ));
#822 = CARTESIAN_POINT('',(3.208468760763,-0.991082391091,1.930661594627
    ));
#823 = CARTESIAN_POINT('',(3.199182351718,-1.01350176581,1.930661594627)
  );
#824 = CARTESIAN_POINT('',(3.189749034566,-1.036275808073,1.930661594627
    ));
#825 = SURFACE_OF_REVOLUTION('',#826,#831);
#826 = CIRCLE('',#827,0.485412195974);
#827 = AXIS2_PLACEMENT_3D('',#828,#829,#830);
#828 = CARTESIAN_POINT('',(3.563765702719,1.061946524813,1.6));
#829 = DIRECTION('',(-0.382683432365,0.923879532511,0.));
#830 = DIRECTION('',(-0.523404384043,-0.216801194476,-0.824041924199));
#831 = AXIS1_PLACEMENT('',#832,#833);
#832 = CARTESIAN_POINT('',(1.,0.,0.));
#833 = DIRECTION('',(0.,0.,-1.));
#834 = ADVANCED_FACE('',(#835),#903,.T.);
#835 = FACE_BOUND('',#836,.T.);
#836 = EDGE_LOOP('',(#837,#852,#889,#902));
#837 = ORIENTED_EDGE('',*,*,#838,.T.);
#838 = EDGE_CURVE('',#655,#839,#841,.T.);
#839 = VERTEX_POINT('',#840);
#840 = CARTESIAN_POINT('',(3.309698831278,-0.956708580913,2.135020857149
    ));
#841 = B_SPLINE_CURVE_WITH_KNOTS('',5,(#842,#843,#844,#845,#846,#847,
    #848,#849,#850,#851),.UNSPECIFIED.,.F.,.F.,(6,4,6),(0.,0.5,1.),
  .UNSPECIFIED.);
#842 = CARTESIAN_POINT('',(3.235446538439,-0.925952274181,1.930661594627
    ));
#843 = CARTESIAN_POINT('',(3.249271815997,-0.93167889165,1.946744172007)
  );
#844 = CARTESIAN_POINT('',(3.261973435419,-0.936940074678,1.964470589246
    ));
#845 = CARTESIAN_POINT('',(3.273234543788,-0.941604578492,1.9836790636)
  );
#846 = CARTESIAN_POINT('',(3.282778034968,-0.945557621971,2.004056935692
    ));
#847 = CARTESIAN_POINT('',(3.298159251937,-0.951928730645,2.046389556494
    ));
#848 = CARTESIAN_POINT('',(3.303997166347,-0.95434687397,2.068344824333)
  );
#849 = CARTESIAN_POINT('',(3.307841659805,-0.955939315301,2.090710414983
    ));
#850 = CARTESIAN_POINT('',(3.30969883117,-0.956708580868,2.113053113924)
  );
#851 = CARTESIAN_POINT('',(3.309698831278,-0.956708580913,2.135020857149
    ));
#852 = ORIENTED_EDGE('',*,*,#853,.T.);
#853 = EDGE_CURVE('',#839,#854,#856,.T.);
#854 = VERTEX_POINT('',#855);
#855 = CARTESIAN_POINT('',(3.309698831278,0.956708580913,2.135020857149)
  );
#856 = B_SPLINE_CURVE_WITH_KNOTS('',11,(#857,#858,#859,#860,#861,#862,
    #863,#864,#865,#866,#867,#868,#869,#870,#871,#872,#873,#874,#875,
    #876,#877,#878,#879,#880,#881,#882,#883,#884,#885,#886,#887,#888),
  .UNSPECIFIED.,.F.,.F.,(12,10,10,12),(-0.585615641583,
    2.901255980386E-15,13.744467859455,14.330083501039),.UNSPECIFIED.);
#857 = CARTESIAN_POINT('',(3.533804235046,-0.415670275735,2.135020857149
    ));
#858 = CARTESIAN_POINT('',(3.513289829604,-0.465196431576,2.135020857149
    ));
#859 = CARTESIAN_POINT('',(3.492803661547,-0.514654416342,2.135020857149
    ));
#860 = CARTESIAN_POINT('',(3.472345730872,-0.564044230035,2.135020857149
    ));
#861 = CARTESIAN_POINT('',(3.451916037581,-0.613365872653,2.135020857149
    ));
#862 = CARTESIAN_POINT('',(3.431514581673,-0.662619344198,2.135020857149
    ));
#863 = CARTESIAN_POINT('',(3.411141363149,-0.711804644669,2.135020857149
    ));
#864 = CARTESIAN_POINT('',(3.390796382008,-0.760921774065,2.135020857149
    ));
#865 = CARTESIAN_POINT('',(3.370479638251,-0.809970732388,2.135020857149
    ));
#866 = CARTESIAN_POINT('',(3.350191131876,-0.858951519637,2.135020857149
    ));
#867 = CARTESIAN_POINT('',(3.329930862886,-0.907864135812,2.135020857149
    ));
#868 = CARTESIAN_POINT('',(2.834850674205,-2.103093441788,2.135020857149
    ));
#869 = CARTESIAN_POINT('',(1.727586252495,-3.009448724487,2.135020937091
    ));
#870 = CARTESIAN_POINT('',(0.10585501195,-3.257464103805,2.135020692567)
  );
#871 = CARTESIAN_POINT('',(-1.475741298782,-2.5067600004,2.135021036405)
  );
#872 = CARTESIAN_POINT('',(-2.588653308495,-1.059860959899,
    2.135020781556));
#873 = CARTESIAN_POINT('',(-2.588653308509,1.059860959899,2.135020781567
    ));
#874 = CARTESIAN_POINT('',(-1.475741298771,2.5067600004,2.135021036396)
  );
#875 = CARTESIAN_POINT('',(0.105855011945,3.257464103806,2.135020692572)
  );
#876 = CARTESIAN_POINT('',(1.727586252497,3.009448724487,2.135020937089)
  );
#877 = CARTESIAN_POINT('',(2.834850674204,2.103093441788,2.135020857149)
  );
#878 = CARTESIAN_POINT('',(3.329930862886,0.907864135812,2.135020857149)
  );
#879 = CARTESIAN_POINT('',(3.350191131876,0.858951519637,2.135020857149)
  );
#880 = CARTESIAN_POINT('',(3.370479638251,0.809970732388,2.135020857149)
  );
#881 = CARTESIAN_POINT('',(3.390796382008,0.760921774065,2.135020857149)
  );
#882 = CARTESIAN_POINT('',(3.411141363149,0.711804644669,2.135020857149)
  );
#883 = CARTESIAN_POINT('',(3.431514581673,0.662619344198,2.135020857149)
  );
#884 = CARTESIAN_POINT('',(3.451916037581,0.613365872653,2.135020857149)
  );
#885 = CARTESIAN_POINT('',(3.472345730872,0.564044230035,2.135020857149)
  );
#886 = CARTESIAN_POINT('',(3.492803661547,0.514654416342,2.135020857149)
  );
#887 = CARTESIAN_POINT('',(3.513289829605,0.465196431576,2.135020857149)
  );
#888 = CARTESIAN_POINT('',(3.533804235046,0.415670275736,2.135020857149)
  );
#889 = ORIENTED_EDGE('',*,*,#890,.F.);
#890 = EDGE_CURVE('',#665,#854,#891,.T.);
#891 = B_SPLINE_CURVE_WITH_KNOTS('',5,(#892,#893,#894,#895,#896,#897,
    #898,#899,#900,#901),.UNSPECIFIED.,.F.,.F.,(6,4,6),(0.,0.5,1.),
  .UNSPECIFIED.);
#892 = CARTESIAN_POINT('',(3.235446538439,0.925952274181,1.930661594627)
  );
#893 = CARTESIAN_POINT('',(3.249271815997,0.93167889165,1.946744172007)
  );
#894 = CARTESIAN_POINT('',(3.261973435419,0.936940074678,1.964470589246)
  );
#895 = CARTESIAN_POINT('',(3.273234543788,0.941604578492,1.9836790636));
#896 = CARTESIAN_POINT('',(3.282778034968,0.945557621971,2.004056935692)
  );
#897 = CARTESIAN_POINT('',(3.298159251937,0.951928730645,2.046389556494)
  );
#898 = CARTESIAN_POINT('',(3.303997166347,0.95434687397,2.068344824333)
  );
#899 = CARTESIAN_POINT('',(3.307841659805,0.955939315301,2.090710414983)
  );
#900 = CARTESIAN_POINT('',(3.30969883117,0.956708580868,2.113053113924)
  );
#901 = CARTESIAN_POINT('',(3.309698831278,0.956708580913,2.135020857149)
  );
#902 = ORIENTED_EDGE('',*,*,#673,.F.);
#903 = ( BOUNDED_SURFACE() B_SPLINE_SURFACE(2,11,(
    (#904,#905,#906,#907,#908,#909,#910,#911,#912,#913,#914,#915,#916
      ,#917,#918,#919,#920,#921,#922,#923,#924,#925,#926,#927,#928,#929
      ,#930,#931,#932,#933,#934,#935)
    ,(#936,#937,#938,#939,#940,#941,#942,#943,#944,#945,#946,#947,#948
      ,#949,#950,#951,#952,#953,#954,#955,#956,#957,#958,#959,#960,#961
      ,#962,#963,#964,#965,#966,#967)
    ,(#968,#969,#970,#971,#972,#973,#974,#975,#976,#977,#978,#979,#980
      ,#981,#982,#983,#984,#985,#986,#987,#988,#989,#990,#991,#992,#993
      ,#994,#995,#996,#997,#998,#999
)),.UNSPECIFIED.,.F.,.F.,.F.) B_SPLINE_SURFACE_WITH_KNOTS((3,3),(12,10,
    10,12),(0.,13.744467859455),(-0.585615641583,2.901255980386E-15,
    13.744467859455,14.330083501039),.UNSPECIFIED.) 
GEOMETRIC_REPRESENTATION_ITEM() RATIONAL_B_SPLINE_SURFACE((
    (1.,1.,1.,1.,1.,1.,1.,1.,1.,1.,1.,1.,1.,1.,1.,1.,1.,1.,1.,1.,1.,1.
      ,1.,1.,1.,1.,1.,1.,1.,1.,1.,1.)
    ,(0.93061798229,0.93061798229,0.93061798229,0.93061798229
      ,0.93061798229,0.93061798229,0.93061798229,0.93061798229
      ,0.93061798229,0.93061798229,0.93061798229,0.93061798229
      ,0.930617902914,0.930618145705,0.930617804307,0.93061805734
      ,0.930618057345,0.930617804303,0.930618145707,0.930617902913
      ,0.93061798229,0.93061798229,0.93061798229,0.93061798229
      ,0.93061798229,0.93061798229,0.93061798229,0.93061798229
      ,0.93061798229,0.93061798229,0.93061798229,0.93061798229)
    ,(1.,1.,1.,1.,1.,1.,1.,1.,1.,1.,1.,1.,1.,1.,1.,1.,1.,1.,1.,1.,1.,1.
,1.,1.,1.,1.,1.,1.,1.,1.,1.,1.))) REPRESENTATION_ITEM('') SURFACE() );
#904 = CARTESIAN_POINT('',(3.459551942206,-0.384913969004,1.930661594627
    ));
#905 = CARTESIAN_POINT('',(3.438387116582,-0.43601037807,1.930661594627)
  );
#906 = CARTESIAN_POINT('',(3.417380612378,-0.486724565418,1.930661594627
    ));
#907 = CARTESIAN_POINT('',(3.396532429594,-0.537056531046,1.930661594627
    ));
#908 = CARTESIAN_POINT('',(3.37584256823,-0.587006274955,1.930661594627)
  );
#909 = CARTESIAN_POINT('',(3.355311028286,-0.636573797145,1.930661594627
    ));
#910 = CARTESIAN_POINT('',(3.334937809762,-0.685759097616,1.930661594627
    ));
#911 = CARTESIAN_POINT('',(3.314722912657,-0.734562176367,1.930661594627
    ));
#912 = CARTESIAN_POINT('',(3.294666336973,-0.782983033399,1.930661594627
    ));
#913 = CARTESIAN_POINT('',(3.274768082708,-0.831021668713,1.930661594627
    ));
#914 = CARTESIAN_POINT('',(3.255028149863,-0.878678082306,1.930661594627
    ));
#915 = CARTESIAN_POINT('',(2.775863819411,-2.03548310749,1.930661594627)
  );
#916 = CARTESIAN_POINT('',(1.704091980563,-2.912929929979,1.930661579303
    ));
#917 = CARTESIAN_POINT('',(0.134360577617,-3.15228097909,1.930661626176)
  );
#918 = CARTESIAN_POINT('',(-1.395396108631,-2.426388868523,
    1.930661560267));
#919 = CARTESIAN_POINT('',(-2.473728053045,-1.026234168191,
    1.930661609113));
#920 = CARTESIAN_POINT('',(-2.473728053056,1.026234168191,1.930661609123
    ));
#921 = CARTESIAN_POINT('',(-1.395396108622,2.426388868523,1.93066156026)
  );
#922 = CARTESIAN_POINT('',(0.134360577613,3.15228097909,1.93066162618));
#923 = CARTESIAN_POINT('',(1.704091980565,2.912929929979,1.930661579301)
  );
#924 = CARTESIAN_POINT('',(2.775863819411,2.03548310749,1.930661594627)
  );
#925 = CARTESIAN_POINT('',(3.255028149863,0.878678082306,1.930661594627)
  );
#926 = CARTESIAN_POINT('',(3.274768082708,0.831021668713,1.930661594627)
  );
#927 = CARTESIAN_POINT('',(3.294666336973,0.782983033399,1.930661594627)
  );
#928 = CARTESIAN_POINT('',(3.314722912657,0.734562176367,1.930661594627)
  );
#929 = CARTESIAN_POINT('',(3.334937809762,0.685759097616,1.930661594627)
  );
#930 = CARTESIAN_POINT('',(3.355311028286,0.636573797145,1.930661594627)
  );
#931 = CARTESIAN_POINT('',(3.37584256823,0.587006274955,1.930661594627)
  );
#932 = CARTESIAN_POINT('',(3.396532429594,0.537056531046,1.930661594627)
  );
#933 = CARTESIAN_POINT('',(3.417380612378,0.486724565418,1.930661594627)
  );
#934 = CARTESIAN_POINT('',(3.438387116582,0.436010378071,1.930661594627)
  );
#935 = CARTESIAN_POINT('',(3.459551942206,0.384913969004,1.930661594627)
  );
#936 = CARTESIAN_POINT('',(3.533804235046,-0.415670275735,2.017037309501
    ));
#937 = CARTESIAN_POINT('',(3.513289829604,-0.465196431576,2.017037309501
    ));
#938 = CARTESIAN_POINT('',(3.492803661547,-0.514654416342,2.017037309501
    ));
#939 = CARTESIAN_POINT('',(3.472345730872,-0.564044230035,2.017037309501
    ));
#940 = CARTESIAN_POINT('',(3.451916037581,-0.613365872653,2.017037309501
    ));
#941 = CARTESIAN_POINT('',(3.431514581673,-0.662619344198,2.017037309501
    ));
#942 = CARTESIAN_POINT('',(3.411141363149,-0.711804644669,2.017037309501
    ));
#943 = CARTESIAN_POINT('',(3.390796382008,-0.760921774065,2.017037309501
    ));
#944 = CARTESIAN_POINT('',(3.37047963825,-0.809970732388,2.017037309501)
  );
#945 = CARTESIAN_POINT('',(3.350191131876,-0.858951519637,2.017037309501
    ));
#946 = CARTESIAN_POINT('',(3.329930862886,-0.907864135812,2.017037309501
    ));
#947 = CARTESIAN_POINT('',(2.834850674205,-2.103093441788,2.017037309501
    ));
#948 = CARTESIAN_POINT('',(1.727586214542,-3.009448936944,2.017037314315
    ));
#949 = CARTESIAN_POINT('',(0.105855341319,-3.257463206685,2.01703729959)
  );
#950 = CARTESIAN_POINT('',(-1.475741895236,-2.506761759151,
    2.017037320295));
#951 = CARTESIAN_POINT('',(-2.588652975413,-1.05985863781,2.017037304949
    ));
#952 = CARTESIAN_POINT('',(-2.58865297541,1.059858637805,2.017037304949)
  );
#953 = CARTESIAN_POINT('',(-1.475741895234,2.506761759161,2.017037320295
    ));
#954 = CARTESIAN_POINT('',(0.105855341315,3.257463206678,2.01703729959)
  );
#955 = CARTESIAN_POINT('',(1.727586214545,3.009448936946,2.017037314315)
  );
#956 = CARTESIAN_POINT('',(2.834850674204,2.103093441787,2.017037309501)
  );
#957 = CARTESIAN_POINT('',(3.329930862886,0.907864135812,2.017037309501)
  );
#958 = CARTESIAN_POINT('',(3.350191131876,0.858951519637,2.017037309501)
  );
#959 = CARTESIAN_POINT('',(3.370479638251,0.809970732388,2.017037309501)
  );
#960 = CARTESIAN_POINT('',(3.390796382008,0.760921774065,2.017037309501)
  );
#961 = CARTESIAN_POINT('',(3.411141363149,0.711804644669,2.017037309501)
  );
#962 = CARTESIAN_POINT('',(3.431514581674,0.662619344198,2.017037309501)
  );
#963 = CARTESIAN_POINT('',(3.451916037581,0.613365872653,2.017037309501)
  );
#964 = CARTESIAN_POINT('',(3.472345730872,0.564044230035,2.017037309501)
  );
#965 = CARTESIAN_POINT('',(3.492803661547,0.514654416342,2.017037309501)
  );
#966 = CARTESIAN_POINT('',(3.513289829605,0.465196431576,2.017037309501)
  );
#967 = CARTESIAN_POINT('',(3.533804235046,0.415670275736,2.017037309501)
  );
#968 = CARTESIAN_POINT('',(3.533804235046,-0.415670275735,2.135020857149
    ));
#969 = CARTESIAN_POINT('',(3.513289829604,-0.465196431576,2.135020857149
    ));
#970 = CARTESIAN_POINT('',(3.492803661547,-0.514654416342,2.135020857149
    ));
#971 = CARTESIAN_POINT('',(3.472345730872,-0.564044230035,2.135020857149
    ));
#972 = CARTESIAN_POINT('',(3.451916037581,-0.613365872653,2.135020857149
    ));
#973 = CARTESIAN_POINT('',(3.431514581673,-0.662619344198,2.135020857149
    ));
#974 = CARTESIAN_POINT('',(3.411141363149,-0.711804644669,2.135020857149
    ));
#975 = CARTESIAN_POINT('',(3.390796382008,-0.760921774065,2.135020857149
    ));
#976 = CARTESIAN_POINT('',(3.370479638251,-0.809970732388,2.135020857149
    ));
#977 = CARTESIAN_POINT('',(3.350191131876,-0.858951519637,2.135020857149
    ));
#978 = CARTESIAN_POINT('',(3.329930862886,-0.907864135812,2.135020857149
    ));
#979 = CARTESIAN_POINT('',(2.834850674205,-2.103093441788,2.135020857149
    ));
#980 = CARTESIAN_POINT('',(1.727586252495,-3.009448724487,2.135020937091
    ));
#981 = CARTESIAN_POINT('',(0.10585501195,-3.257464103805,2.135020692567)
  );
#982 = CARTESIAN_POINT('',(-1.475741298782,-2.5067600004,2.135021036405)
  );
#983 = CARTESIAN_POINT('',(-2.588653308495,-1.059860959899,
    2.135020781556));
#984 = CARTESIAN_POINT('',(-2.588653308509,1.059860959899,2.135020781567
    ));
#985 = CARTESIAN_POINT('',(-1.475741298771,2.5067600004,2.135021036396)
  );
#986 = CARTESIAN_POINT('',(0.105855011945,3.257464103806,2.135020692572)
  );
#987 = CARTESIAN_POINT('',(1.727586252497,3.009448724487,2.135020937089)
  );
#988 = CARTESIAN_POINT('',(2.834850674204,2.103093441788,2.135020857149)
  );
#989 = CARTESIAN_POINT('',(3.329930862886,0.907864135812,2.135020857149)
  );
#990 = CARTESIAN_POINT('',(3.350191131876,0.858951519637,2.135020857149)
  );
#991 = CARTESIAN_POINT('',(3.370479638251,0.809970732388,2.135020857149)
  );
#992 = CARTESIAN_POINT('',(3.390796382008,0.760921774065,2.135020857149)
  );
#993 = CARTESIAN_POINT('',(3.411141363149,0.711804644669,2.135020857149)
  );
#994 = CARTESIAN_POINT('',(3.431514581673,0.662619344198,2.135020857149)
  );
#995 = CARTESIAN_POINT('',(3.451916037581,0.613365872653,2.135020857149)
  );
#996 = CARTESIAN_POINT('',(3.472345730872,0.564044230035,2.135020857149)
  );
#997 = CARTESIAN_POINT('',(3.492803661547,0.514654416342,2.135020857149)
  );
#998 = CARTESIAN_POINT('',(3.513289829605,0.465196431576,2.135020857149)
  );
#999 = CARTESIAN_POINT('',(3.533804235046,0.415670275736,2.135020857149)
  );
#1000 = ADVANCED_FACE('',(#1001),#1037,.T.);
#1001 = FACE_BOUND('',#1002,.T.);
#1002 = EDGE_LOOP('',(#1003,#1004,#1005,#1024));
#1003 = ORIENTED_EDGE('',*,*,#809,.F.);
#1004 = ORIENTED_EDGE('',*,*,#890,.T.);
#1005 = ORIENTED_EDGE('',*,*,#1006,.T.);
#1006 = EDGE_CURVE('',#854,#1007,#1009,.T.);
#1007 = VERTEX_POINT('',#1008);
#1008 = CARTESIAN_POINT('',(3.487468271461,0.25,2.135020857149));
#1009 = B_SPLINE_CURVE_WITH_KNOTS('',5,(#1010,#1011,#1012,#1013,#1014,
    #1015,#1016,#1017,#1018,#1019,#1020,#1021,#1022,#1023),
  .UNSPECIFIED.,.F.,.F.,(6,4,4,6),(-0.119413470026,-1.353371911203E-07,
    1.96349554383,2.08290869425),.UNSPECIFIED.);
#1010 = CARTESIAN_POINT('',(3.264001325546,1.067032118743,2.135020857149
    ));
#1011 = CARTESIAN_POINT('',(3.273140829292,1.0449674049,2.135020857149)
  );
#1012 = CARTESIAN_POINT('',(3.282280331654,1.0229026944,2.135020857149)
  );
#1013 = CARTESIAN_POINT('',(3.291419832631,1.000837987243,2.135020857149
    ));
#1014 = CARTESIAN_POINT('',(3.300559332224,0.978773283428,2.135020857149
    ));
#1015 = CARTESIAN_POINT('',(3.45997823841,0.593901998977,2.135020857149)
  );
#1016 = CARTESIAN_POINT('',(3.539038746156,0.201591257513,2.135020857149
    ));
#1017 = CARTESIAN_POINT('',(3.539039291386,-0.201589955698,
    2.135020857149));
#1018 = CARTESIAN_POINT('',(3.45997851584,-0.593901329202,2.135020857149
    ));
#1019 = CARTESIAN_POINT('',(3.300559329455,-0.978773290113,
    2.135020857149));
#1020 = CARTESIAN_POINT('',(3.291419828478,-1.00083799727,2.135020857149
    ));
#1021 = CARTESIAN_POINT('',(3.2822803275,-1.022902704428,2.135020857149)
  );
#1022 = CARTESIAN_POINT('',(3.273140826523,-1.044967411585,
    2.135020857149));
#1023 = CARTESIAN_POINT('',(3.264001325546,-1.067032118743,
    2.135020857149));
#1024 = ORIENTED_EDGE('',*,*,#1025,.T.);
#1025 = EDGE_CURVE('',#1007,#799,#1026,.T.);
#1026 = B_SPLINE_CURVE_WITH_KNOTS('',5,(#1027,#1028,#1029,#1030,#1031,
    #1032,#1033,#1034,#1035,#1036),.UNSPECIFIED.,.F.,.F.,(6,4,6),(0.,
    0.48758179705,1.),.UNSPECIFIED.);
#1027 = CARTESIAN_POINT('',(3.487468271461,0.25,2.135020857149));
#1028 = CARTESIAN_POINT('',(3.487468270657,0.25,2.113553317448));
#1029 = CARTESIAN_POINT('',(3.485538793119,0.25,2.091758528998));
#1030 = CARTESIAN_POINT('',(3.481559474663,0.25,2.069958867169));
#1031 = CARTESIAN_POINT('',(3.475526468276,0.25,2.048540658581));
#1032 = CARTESIAN_POINT('',(3.459209148069,0.25,2.006097182303));
#1033 = CARTESIAN_POINT('',(3.448723867052,0.25,1.985147071589));
#1034 = CARTESIAN_POINT('',(3.436260723432,0.25,1.965395047985));
#1035 = CARTESIAN_POINT('',(3.422126648559,0.25,1.947173883242));
#1036 = CARTESIAN_POINT('',(3.40667978278,0.25,1.930661594627));
#1037 = ( BOUNDED_SURFACE() B_SPLINE_SURFACE(2,5,(
    (#1038,#1039,#1040,#1041,#1042,#1043,#1044,#1045,#1046,#1047,#1048
      ,#1049,#1050,#1051)
    ,(#1052,#1053,#1054,#1055,#1056,#1057,#1058,#1059,#1060,#1061,#1062
      ,#1063,#1064,#1065)
    ,(#1066,#1067,#1068,#1069,#1070,#1071,#1072,#1073,#1074,#1075,#1076
      ,#1077,#1078,#1079
)),.UNSPECIFIED.,.F.,.F.,.F.) B_SPLINE_SURFACE_WITH_KNOTS((3,3),(6,4,4,6
    ),(0.,1.963495679168),(-0.119413470026,-1.353371911203E-07,
    1.96349554383,2.08290869425),.UNSPECIFIED.) 
GEOMETRIC_REPRESENTATION_ITEM() RATIONAL_B_SPLINE_SURFACE((
    (1.,1.,1.,1.,1.,1.,1.,1.,1.,1.,1.,1.,1.,1.)
    ,(0.93061798229,0.93061798229,0.93061798229,0.93061798229
      ,0.93061798229,0.93061798229,0.93061798229,0.93061798229
      ,0.93061798229,0.93061798229,0.93061798229,0.93061798229
      ,0.93061798229,0.93061798229)
,(1.,1.,1.,1.,1.,1.,1.,1.,1.,1.,1.,1.,1.,1.
))) REPRESENTATION_ITEM('') SURFACE() );
#1038 = CARTESIAN_POINT('',(3.189749034566,1.036275808073,1.930661594627
    ));
#1039 = CARTESIAN_POINT('',(3.199182355483,1.013501756721,1.930661594627
    ));
#1040 = CARTESIAN_POINT('',(3.20846876641,0.991082377458,1.930661594627)
  );
#1041 = CARTESIAN_POINT('',(3.217608267348,0.969017670284,1.930661594627
    ));
#1042 = CARTESIAN_POINT('',(3.226600858298,0.9473076352,1.930661594627)
  );
#1043 = CARTESIAN_POINT('',(3.380894753976,0.574809218729,1.930661594627
    ));
#1044 = CARTESIAN_POINT('',(3.457413628123,0.195110560338,1.930661594627
    ));
#1045 = CARTESIAN_POINT('',(3.457414134116,-0.1951093668,1.930661594627)
  );
#1046 = CARTESIAN_POINT('',(3.380895040325,-0.574808527422,
    1.930661594627));
#1047 = CARTESIAN_POINT('',(3.226600854533,-0.947307644289,
    1.930661594627));
#1048 = CARTESIAN_POINT('',(3.217608261701,-0.969017683918,
    1.930661594627));
#1049 = CARTESIAN_POINT('',(3.208468760763,-0.991082391091,
    1.930661594627));
#1050 = CARTESIAN_POINT('',(3.199182351718,-1.01350176581,1.930661594627
    ));
#1051 = CARTESIAN_POINT('',(3.189749034566,-1.036275808073,
    1.930661594627));
#1052 = CARTESIAN_POINT('',(3.264001325546,1.067032118743,2.017037309501
    ));
#1053 = CARTESIAN_POINT('',(3.273140829292,1.0449674049,2.017037309501)
  );
#1054 = CARTESIAN_POINT('',(3.282280331654,1.0229026944,2.017037309501)
  );
#1055 = CARTESIAN_POINT('',(3.291419832631,1.000837987243,2.017037309501
    ));
#1056 = CARTESIAN_POINT('',(3.300559332224,0.978773283428,2.017037309501
    ));
#1057 = CARTESIAN_POINT('',(3.45997823841,0.593901998977,2.017037309501)
  );
#1058 = CARTESIAN_POINT('',(3.539038746156,0.201591257513,2.017037309501
    ));
#1059 = CARTESIAN_POINT('',(3.539039291386,-0.201589955698,
    2.017037309501));
#1060 = CARTESIAN_POINT('',(3.45997851584,-0.593901329202,2.017037309501
    ));
#1061 = CARTESIAN_POINT('',(3.300559329455,-0.978773290113,
    2.017037309501));
#1062 = CARTESIAN_POINT('',(3.291419828478,-1.00083799727,2.017037309501
    ));
#1063 = CARTESIAN_POINT('',(3.2822803275,-1.022902704428,2.017037309501)
  );
#1064 = CARTESIAN_POINT('',(3.273140826523,-1.044967411585,
    2.017037309501));
#1065 = CARTESIAN_POINT('',(3.264001325546,-1.067032118743,
    2.017037309501));
#1066 = CARTESIAN_POINT('',(3.264001325546,1.067032118743,2.135020857149
    ));
#1067 = CARTESIAN_POINT('',(3.273140829292,1.0449674049,2.135020857149)
  );
#1068 = CARTESIAN_POINT('',(3.282280331654,1.0229026944,2.135020857149)
  );
#1069 = CARTESIAN_POINT('',(3.291419832631,1.000837987243,2.135020857149
    ));
#1070 = CARTESIAN_POINT('',(3.300559332224,0.978773283428,2.135020857149
    ));
#1071 = CARTESIAN_POINT('',(3.45997823841,0.593901998977,2.135020857149)
  );
#1072 = CARTESIAN_POINT('',(3.539038746156,0.201591257513,2.135020857149
    ));
#1073 = CARTESIAN_POINT('',(3.539039291386,-0.201589955698,
    2.135020857149));
#1074 = CARTESIAN_POINT('',(3.45997851584,-0.593901329202,2.135020857149
    ));
#1075 = CARTESIAN_POINT('',(3.300559329455,-0.978773290113,
    2.135020857149));
#1076 = CARTESIAN_POINT('',(3.291419828478,-1.00083799727,2.135020857149
    ));
#1077 = CARTESIAN_POINT('',(3.2822803275,-1.022902704428,2.135020857149)
  );
#1078 = CARTESIAN_POINT('',(3.273140826523,-1.044967411585,
    2.135020857149));
#1079 = CARTESIAN_POINT('',(3.264001325546,-1.067032118743,
    2.135020857149));
#1080 = ADVANCED_FACE('',(#1081),#1105,.F.);
#1081 = FACE_BOUND('',#1082,.F.);
#1082 = EDGE_LOOP('',(#1083,#1100,#1101,#1102,#1103,#1104));
#1083 = ORIENTED_EDGE('',*,*,#1084,.F.);
#1084 = EDGE_CURVE('',#799,#724,#1085,.T.);
#1085 = B_SPLINE_CURVE_WITH_KNOTS('',5,(#1086,#1087,#1088,#1089,#1090,
    #1091,#1092,#1093,#1094,#1095,#1096,#1097,#1098,#1099),
  .UNSPECIFIED.,.F.,.F.,(6,4,4,6),(-0.119413470026,-1.353371911203E-07,
    1.96349554383,2.08290869425),.UNSPECIFIED.);
#1086 = CARTESIAN_POINT('',(3.189749034566,1.036275808073,1.930661594627
    ));
#1087 = CARTESIAN_POINT('',(3.199182355483,1.013501756721,1.930661594627
    ));
#1088 = CARTESIAN_POINT('',(3.20846876641,0.991082377458,1.930661594627)
  );
#1089 = CARTESIAN_POINT('',(3.217608267348,0.969017670284,1.930661594627
    ));
#1090 = CARTESIAN_POINT('',(3.226600858298,0.9473076352,1.930661594627)
  );
#1091 = CARTESIAN_POINT('',(3.380894753976,0.574809218729,1.930661594627
    ));
#1092 = CARTESIAN_POINT('',(3.457413628123,0.195110560338,1.930661594627
    ));
#1093 = CARTESIAN_POINT('',(3.457414134116,-0.1951093668,1.930661594627)
  );
#1094 = CARTESIAN_POINT('',(3.380895040325,-0.574808527422,
    1.930661594627));
#1095 = CARTESIAN_POINT('',(3.226600854533,-0.947307644289,
    1.930661594627));
#1096 = CARTESIAN_POINT('',(3.217608261701,-0.969017683918,
    1.930661594627));
#1097 = CARTESIAN_POINT('',(3.208468760763,-0.991082391091,
    1.930661594627));
#1098 = CARTESIAN_POINT('',(3.199182351718,-1.01350176581,1.930661594627
    ));
#1099 = CARTESIAN_POINT('',(3.189749034566,-1.036275808073,
    1.930661594627));
#1100 = ORIENTED_EDGE('',*,*,#798,.F.);
#1101 = ORIENTED_EDGE('',*,*,#779,.F.);
#1102 = ORIENTED_EDGE('',*,*,#772,.F.);
#1103 = ORIENTED_EDGE('',*,*,#753,.F.);
#1104 = ORIENTED_EDGE('',*,*,#742,.T.);
#1105 = SURFACE_OF_REVOLUTION('',#1106,#1111);
#1106 = CIRCLE('',#1107,0.485412195974);
#1107 = AXIS2_PLACEMENT_3D('',#1108,#1109,#1110);
#1108 = CARTESIAN_POINT('',(3.563765702719,1.061946524813,1.6));
#1109 = DIRECTION('',(-0.382683432365,0.923879532511,0.));
#1110 = DIRECTION('',(-0.523404384043,-0.216801194476,-0.824041924199));
#1111 = AXIS1_PLACEMENT('',#1112,#1113);
#1112 = CARTESIAN_POINT('',(1.,0.,0.));
#1113 = DIRECTION('',(0.,0.,-1.));
#1114 = ADVANCED_FACE('',(#1115),#1151,.T.);
#1115 = FACE_BOUND('',#1116,.T.);
#1116 = EDGE_LOOP('',(#1117,#1118,#1133,#1150));
#1117 = ORIENTED_EDGE('',*,*,#723,.F.);
#1118 = ORIENTED_EDGE('',*,*,#1119,.F.);
#1119 = EDGE_CURVE('',#1120,#724,#1122,.T.);
#1120 = VERTEX_POINT('',#1121);
#1121 = CARTESIAN_POINT('',(3.487468315832,-0.25,2.135020857149));
#1122 = B_SPLINE_CURVE_WITH_KNOTS('',5,(#1123,#1124,#1125,#1126,#1127,
    #1128,#1129,#1130,#1131,#1132),.UNSPECIFIED.,.F.,.F.,(6,4,6),(0.,
    0.487581797268,1.),.UNSPECIFIED.);
#1123 = CARTESIAN_POINT('',(3.487468315832,-0.25,2.135020857149));
#1124 = CARTESIAN_POINT('',(3.487468315028,-0.25,2.113553317453));
#1125 = CARTESIAN_POINT('',(3.485538837558,-0.25,2.091758529008));
#1126 = CARTESIAN_POINT('',(3.48155951924,-0.25,2.069958867183));
#1127 = CARTESIAN_POINT('',(3.475526513064,-0.25,2.048540658594));
#1128 = CARTESIAN_POINT('',(3.45920919343,-0.25,2.006097182322));
#1129 = CARTESIAN_POINT('',(3.448723912786,-0.25,1.985147071614));
#1130 = CARTESIAN_POINT('',(3.436260769607,-0.25,1.965395048007));
#1131 = CARTESIAN_POINT('',(3.422126695234,-0.25,1.947173883255));
#1132 = CARTESIAN_POINT('',(3.406679829997,-0.25,1.930661594627));
#1133 = ORIENTED_EDGE('',*,*,#1134,.T.);
#1134 = EDGE_CURVE('',#1120,#839,#1135,.T.);
#1135 = B_SPLINE_CURVE_WITH_KNOTS('',5,(#1136,#1137,#1138,#1139,#1140,
    #1141,#1142,#1143,#1144,#1145,#1146,#1147,#1148,#1149),
  .UNSPECIFIED.,.F.,.F.,(6,4,4,6),(-0.119413470026,-1.353371911203E-07,
    1.96349554383,2.08290869425),.UNSPECIFIED.);
#1136 = CARTESIAN_POINT('',(3.264001325546,1.067032118743,2.135020857149
    ));
#1137 = CARTESIAN_POINT('',(3.273140829292,1.0449674049,2.135020857149)
  );
#1138 = CARTESIAN_POINT('',(3.282280331654,1.0229026944,2.135020857149)
  );
#1139 = CARTESIAN_POINT('',(3.291419832631,1.000837987243,2.135020857149
    ));
#1140 = CARTESIAN_POINT('',(3.300559332224,0.978773283428,2.135020857149
    ));
#1141 = CARTESIAN_POINT('',(3.45997823841,0.593901998977,2.135020857149)
  );
#1142 = CARTESIAN_POINT('',(3.539038746156,0.201591257513,2.135020857149
    ));
#1143 = CARTESIAN_POINT('',(3.539039291386,-0.201589955698,
    2.135020857149));
#1144 = CARTESIAN_POINT('',(3.45997851584,-0.593901329202,2.135020857149
    ));
#1145 = CARTESIAN_POINT('',(3.300559329455,-0.978773290113,
    2.135020857149));
#1146 = CARTESIAN_POINT('',(3.291419828478,-1.00083799727,2.135020857149
    ));
#1147 = CARTESIAN_POINT('',(3.2822803275,-1.022902704428,2.135020857149)
  );
#1148 = CARTESIAN_POINT('',(3.273140826523,-1.044967411585,
    2.135020857149));
#1149 = CARTESIAN_POINT('',(3.264001325546,-1.067032118743,
    2.135020857149));
#1150 = ORIENTED_EDGE('',*,*,#838,.F.);
#1151 = ( BOUNDED_SURFACE() B_SPLINE_SURFACE(2,5,(
    (#1152,#1153,#1154,#1155,#1156,#1157,#1158,#1159,#1160,#1161,#1162
      ,#1163,#1164,#1165)
    ,(#1166,#1167,#1168,#1169,#1170,#1171,#1172,#1173,#1174,#1175,#1176
      ,#1177,#1178,#1179)
    ,(#1180,#1181,#1182,#1183,#1184,#1185,#1186,#1187,#1188,#1189,#1190
      ,#1191,#1192,#1193
)),.UNSPECIFIED.,.F.,.F.,.F.) B_SPLINE_SURFACE_WITH_KNOTS((3,3),(6,4,4,6
    ),(0.,1.963495679168),(-0.119413470026,-1.353371911203E-07,
    1.96349554383,2.08290869425),.UNSPECIFIED.) 
GEOMETRIC_REPRESENTATION_ITEM() RATIONAL_B_SPLINE_SURFACE((
    (1.,1.,1.,1.,1.,1.,1.,1.,1.,1.,1.,1.,1.,1.)
    ,(0.93061798229,0.93061798229,0.93061798229,0.93061798229
      ,0.93061798229,0.93061798229,0.93061798229,0.93061798229
      ,0.93061798229,0.93061798229,0.93061798229,0.93061798229
      ,0.93061798229,0.93061798229)
,(1.,1.,1.,1.,1.,1.,1.,1.,1.,1.,1.,1.,1.,1.
))) REPRESENTATION_ITEM('') SURFACE() );
#1152 = CARTESIAN_POINT('',(3.189749034566,1.036275808073,1.930661594627
    ));
#1153 = CARTESIAN_POINT('',(3.199182355483,1.013501756721,1.930661594627
    ));
#1154 = CARTESIAN_POINT('',(3.20846876641,0.991082377458,1.930661594627)
  );
#1155 = CARTESIAN_POINT('',(3.217608267348,0.969017670284,1.930661594627
    ));
#1156 = CARTESIAN_POINT('',(3.226600858298,0.9473076352,1.930661594627)
  );
#1157 = CARTESIAN_POINT('',(3.380894753976,0.574809218729,1.930661594627
    ));
#1158 = CARTESIAN_POINT('',(3.457413628123,0.195110560338,1.930661594627
    ));
#1159 = CARTESIAN_POINT('',(3.457414134116,-0.1951093668,1.930661594627)
  );
#1160 = CARTESIAN_POINT('',(3.380895040325,-0.574808527422,
    1.930661594627));
#1161 = CARTESIAN_POINT('',(3.226600854533,-0.947307644289,
    1.930661594627));
#1162 = CARTESIAN_POINT('',(3.217608261701,-0.969017683918,
    1.930661594627));
#1163 = CARTESIAN_POINT('',(3.208468760763,-0.991082391091,
    1.930661594627));
#1164 = CARTESIAN_POINT('',(3.199182351718,-1.01350176581,1.930661594627
    ));
#1165 = CARTESIAN_POINT('',(3.189749034566,-1.036275808073,
    1.930661594627));
#1166 = CARTESIAN_POINT('',(3.264001325546,1.067032118743,2.017037309501
    ));
#1167 = CARTESIAN_POINT('',(3.273140829292,1.0449674049,2.017037309501)
  );
#1168 = CARTESIAN_POINT('',(3.282280331654,1.0229026944,2.017037309501)
  );
#1169 = CARTESIAN_POINT('',(3.291419832631,1.000837987243,2.017037309501
    ));
#1170 = CARTESIAN_POINT('',(3.300559332224,0.978773283428,2.017037309501
    ));
#1171 = CARTESIAN_POINT('',(3.45997823841,0.593901998977,2.017037309501)
  );
#1172 = CARTESIAN_POINT('',(3.539038746156,0.201591257513,2.017037309501
    ));
#1173 = CARTESIAN_POINT('',(3.539039291386,-0.201589955698,
    2.017037309501));
#1174 = CARTESIAN_POINT('',(3.45997851584,-0.593901329202,2.017037309501
    ));
#1175 = CARTESIAN_POINT('',(3.300559329455,-0.978773290113,
    2.017037309501));
#1176 = CARTESIAN_POINT('',(3.291419828478,-1.00083799727,2.017037309501
    ));
#1177 = CARTESIAN_POINT('',(3.2822803275,-1.022902704428,2.017037309501)
  );
#1178 = CARTESIAN_POINT('',(3.273140826523,-1.044967411585,
    2.017037309501));
#1179 = CARTESIAN_POINT('',(3.264001325546,-1.067032118743,
    2.017037309501));
#1180 = CARTESIAN_POINT('',(3.264001325546,1.067032118743,2.135020857149
    ));
#1181 = CARTESIAN_POINT('',(3.273140829292,1.0449674049,2.135020857149)
  );
#1182 = CARTESIAN_POINT('',(3.282280331654,1.0229026944,2.135020857149)
  );
#1183 = CARTESIAN_POINT('',(3.291419832631,1.000837987243,2.135020857149
    ));
#1184 = CARTESIAN_POINT('',(3.300559332224,0.978773283428,2.135020857149
    ));
#1185 = CARTESIAN_POINT('',(3.45997823841,0.593901998977,2.135020857149)
  );
#1186 = CARTESIAN_POINT('',(3.539038746156,0.201591257513,2.135020857149
    ));
#1187 = CARTESIAN_POINT('',(3.539039291386,-0.201589955698,
    2.135020857149));
#1188 = CARTESIAN_POINT('',(3.45997851584,-0.593901329202,2.135020857149
    ));
#1189 = CARTESIAN_POINT('',(3.300559329455,-0.978773290113,
    2.135020857149));
#1190 = CARTESIAN_POINT('',(3.291419828478,-1.00083799727,2.135020857149
    ));
#1191 = CARTESIAN_POINT('',(3.2822803275,-1.022902704428,2.135020857149)
  );
#1192 = CARTESIAN_POINT('',(3.273140826523,-1.044967411585,
    2.135020857149));
#1193 = CARTESIAN_POINT('',(3.264001325546,-1.067032118743,
    2.135020857149));
#1194 = ADVANCED_FACE('',(#1195),#1221,.T.);
#1195 = FACE_BOUND('',#1196,.T.);
#1196 = EDGE_LOOP('',(#1197,#1208,#1214,#1215));
#1197 = ORIENTED_EDGE('',*,*,#1198,.T.);
#1198 = EDGE_CURVE('',#1199,#1201,#1203,.T.);
#1199 = VERTEX_POINT('',#1200);
#1200 = CARTESIAN_POINT('',(3.309698831278,-0.956708580913,4.8));
#1201 = VERTEX_POINT('',#1202);
#1202 = CARTESIAN_POINT('',(3.309698831278,0.956708580913,4.8));
#1203 = CIRCLE('',#1204,2.5);
#1204 = AXIS2_PLACEMENT_3D('',#1205,#1206,#1207);
#1205 = CARTESIAN_POINT('',(1.,0.,4.8));
#1206 = DIRECTION('',(0.,-0.,-1.));
#1207 = DIRECTION('',(0.923879532511,-0.382683432365,0.));
#1208 = ORIENTED_EDGE('',*,*,#1209,.F.);
#1209 = EDGE_CURVE('',#854,#1201,#1210,.T.);
#1210 = LINE('',#1211,#1212);
#1211 = CARTESIAN_POINT('',(3.309698831278,0.956708580913,2.));
#1212 = VECTOR('',#1213,1.);
#1213 = DIRECTION('',(0.,0.,1.));
#1214 = ORIENTED_EDGE('',*,*,#853,.F.);
#1215 = ORIENTED_EDGE('',*,*,#1216,.T.);
#1216 = EDGE_CURVE('',#839,#1199,#1217,.T.);
#1217 = LINE('',#1218,#1219);
#1218 = CARTESIAN_POINT('',(3.309698831278,-0.956708580913,2.));
#1219 = VECTOR('',#1220,1.);
#1220 = DIRECTION('',(0.,0.,1.));
#1221 = CYLINDRICAL_SURFACE('',#1222,2.5);
#1222 = AXIS2_PLACEMENT_3D('',#1223,#1224,#1225);
#1223 = CARTESIAN_POINT('',(1.,0.,2.));
#1224 = DIRECTION('',(0.,0.,1.));
#1225 = DIRECTION('',(0.923879532511,-0.382683432365,0.));
#1226 = ADVANCED_FACE('',(#1227),#1249,.T.);
#1227 = FACE_BOUND('',#1228,.T.);
#1228 = EDGE_LOOP('',(#1229,#1230,#1231,#1248));
#1229 = ORIENTED_EDGE('',*,*,#1084,.F.);
#1230 = ORIENTED_EDGE('',*,*,#1025,.F.);
#1231 = ORIENTED_EDGE('',*,*,#1232,.T.);
#1232 = EDGE_CURVE('',#1007,#1120,#1233,.T.);
#1233 = B_SPLINE_CURVE_WITH_KNOTS('',5,(#1234,#1235,#1236,#1237,#1238,
    #1239,#1240,#1241,#1242,#1243,#1244,#1245,#1246,#1247),
  .UNSPECIFIED.,.F.,.F.,(6,4,4,6),(-0.119413470026,-1.353371911203E-07,
    1.96349554383,2.08290869425),.UNSPECIFIED.);
#1234 = CARTESIAN_POINT('',(3.264001325546,1.067032118743,2.135020857149
    ));
#1235 = CARTESIAN_POINT('',(3.273140829292,1.0449674049,2.135020857149)
  );
#1236 = CARTESIAN_POINT('',(3.282280331654,1.0229026944,2.135020857149)
  );
#1237 = CARTESIAN_POINT('',(3.291419832631,1.000837987243,2.135020857149
    ));
#1238 = CARTESIAN_POINT('',(3.300559332224,0.978773283428,2.135020857149
    ));
#1239 = CARTESIAN_POINT('',(3.45997823841,0.593901998977,2.135020857149)
  );
#1240 = CARTESIAN_POINT('',(3.539038746156,0.201591257513,2.135020857149
    ));
#1241 = CARTESIAN_POINT('',(3.539039291386,-0.201589955698,
    2.135020857149));
#1242 = CARTESIAN_POINT('',(3.45997851584,-0.593901329202,2.135020857149
    ));
#1243 = CARTESIAN_POINT('',(3.300559329455,-0.978773290113,
    2.135020857149));
#1244 = CARTESIAN_POINT('',(3.291419828478,-1.00083799727,2.135020857149
    ));
#1245 = CARTESIAN_POINT('',(3.2822803275,-1.022902704428,2.135020857149)
  );
#1246 = CARTESIAN_POINT('',(3.273140826523,-1.044967411585,
    2.135020857149));
#1247 = CARTESIAN_POINT('',(3.264001325546,-1.067032118743,
    2.135020857149));
#1248 = ORIENTED_EDGE('',*,*,#1119,.T.);
#1249 = ( BOUNDED_SURFACE() B_SPLINE_SURFACE(2,5,(
    (#1250,#1251,#1252,#1253,#1254,#1255,#1256,#1257,#1258,#1259,#1260
      ,#1261,#1262,#1263)
    ,(#1264,#1265,#1266,#1267,#1268,#1269,#1270,#1271,#1272,#1273,#1274
      ,#1275,#1276,#1277)
    ,(#1278,#1279,#1280,#1281,#1282,#1283,#1284,#1285,#1286,#1287,#1288
      ,#1289,#1290,#1291
)),.UNSPECIFIED.,.F.,.F.,.F.) B_SPLINE_SURFACE_WITH_KNOTS((3,3),(6,4,4,6
    ),(0.,1.963495679168),(-0.119413470026,-1.353371911203E-07,
    1.96349554383,2.08290869425),.UNSPECIFIED.) 
GEOMETRIC_REPRESENTATION_ITEM() RATIONAL_B_SPLINE_SURFACE((
    (1.,1.,1.,1.,1.,1.,1.,1.,1.,1.,1.,1.,1.,1.)
    ,(0.93061798229,0.93061798229,0.93061798229,0.93061798229
      ,0.93061798229,0.93061798229,0.93061798229,0.93061798229
      ,0.93061798229,0.93061798229,0.93061798229,0.93061798229
      ,0.93061798229,0.93061798229)
,(1.,1.,1.,1.,1.,1.,1.,1.,1.,1.,1.,1.,1.,1.
))) REPRESENTATION_ITEM('') SURFACE() );
#1250 = CARTESIAN_POINT('',(3.189749034566,1.036275808073,1.930661594627
    ));
#1251 = CARTESIAN_POINT('',(3.199182355483,1.013501756721,1.930661594627
    ));
#1252 = CARTESIAN_POINT('',(3.20846876641,0.991082377458,1.930661594627)
  );
#1253 = CARTESIAN_POINT('',(3.217608267348,0.969017670284,1.930661594627
    ));
#1254 = CARTESIAN_POINT('',(3.226600858298,0.9473076352,1.930661594627)
  );
#1255 = CARTESIAN_POINT('',(3.380894753976,0.574809218729,1.930661594627
    ));
#1256 = CARTESIAN_POINT('',(3.457413628123,0.195110560338,1.930661594627
    ));
#1257 = CARTESIAN_POINT('',(3.457414134116,-0.1951093668,1.930661594627)
  );
#1258 = CARTESIAN_POINT('',(3.380895040325,-0.574808527422,
    1.930661594627));
#1259 = CARTESIAN_POINT('',(3.226600854533,-0.947307644289,
    1.930661594627));
#1260 = CARTESIAN_POINT('',(3.217608261701,-0.969017683918,
    1.930661594627));
#1261 = CARTESIAN_POINT('',(3.208468760763,-0.991082391091,
    1.930661594627));
#1262 = CARTESIAN_POINT('',(3.199182351718,-1.01350176581,1.930661594627
    ));
#1263 = CARTESIAN_POINT('',(3.189749034566,-1.036275808073,
    1.930661594627));
#1264 = CARTESIAN_POINT('',(3.264001325546,1.067032118743,2.017037309501
    ));
#1265 = CARTESIAN_POINT('',(3.273140829292,1.0449674049,2.017037309501)
  );
#1266 = CARTESIAN_POINT('',(3.282280331654,1.0229026944,2.017037309501)
  );
#1267 = CARTESIAN_POINT('',(3.291419832631,1.000837987243,2.017037309501
    ));
#1268 = CARTESIAN_POINT('',(3.300559332224,0.978773283428,2.017037309501
    ));
#1269 = CARTESIAN_POINT('',(3.45997823841,0.593901998977,2.017037309501)
  );
#1270 = CARTESIAN_POINT('',(3.539038746156,0.201591257513,2.017037309501
    ));
#1271 = CARTESIAN_POINT('',(3.539039291386,-0.201589955698,
    2.017037309501));
#1272 = CARTESIAN_POINT('',(3.45997851584,-0.593901329202,2.017037309501
    ));
#1273 = CARTESIAN_POINT('',(3.300559329455,-0.978773290113,
    2.017037309501));
#1274 = CARTESIAN_POINT('',(3.291419828478,-1.00083799727,2.017037309501
    ));
#1275 = CARTESIAN_POINT('',(3.2822803275,-1.022902704428,2.017037309501)
  );
#1276 = CARTESIAN_POINT('',(3.273140826523,-1.044967411585,
    2.017037309501));
#1277 = CARTESIAN_POINT('',(3.264001325546,-1.067032118743,
    2.017037309501));
#1278 = CARTESIAN_POINT('',(3.264001325546,1.067032118743,2.135020857149
    ));
#1279 = CARTESIAN_POINT('',(3.273140829292,1.0449674049,2.135020857149)
  );
#1280 = CARTESIAN_POINT('',(3.282280331654,1.0229026944,2.135020857149)
  );
#1281 = CARTESIAN_POINT('',(3.291419832631,1.000837987243,2.135020857149
    ));
#1282 = CARTESIAN_POINT('',(3.300559332224,0.978773283428,2.135020857149
    ));
#1283 = CARTESIAN_POINT('',(3.45997823841,0.593901998977,2.135020857149)
  );
#1284 = CARTESIAN_POINT('',(3.539038746156,0.201591257513,2.135020857149
    ));
#1285 = CARTESIAN_POINT('',(3.539039291386,-0.201589955698,
    2.135020857149));
#1286 = CARTESIAN_POINT('',(3.45997851584,-0.593901329202,2.135020857149
    ));
#1287 = CARTESIAN_POINT('',(3.300559329455,-0.978773290113,
    2.135020857149));
#1288 = CARTESIAN_POINT('',(3.291419828478,-1.00083799727,2.135020857149
    ));
#1289 = CARTESIAN_POINT('',(3.2822803275,-1.022902704428,2.135020857149)
  );
#1290 = CARTESIAN_POINT('',(3.273140826523,-1.044967411585,
    2.135020857149));
#1291 = CARTESIAN_POINT('',(3.264001325546,-1.067032118743,
    2.135020857149));
#1292 = ADVANCED_FACE('',(#1293),#1364,.T.);
#1293 = FACE_BOUND('',#1294,.T.);
#1294 = EDGE_LOOP('',(#1295,#1302,#1303,#1304,#1312,#1326,#1335,#1349,
    #1356,#1362,#1363));
#1295 = ORIENTED_EDGE('',*,*,#1296,.T.);
#1296 = EDGE_CURVE('',#1201,#1199,#1297,.T.);
#1297 = CIRCLE('',#1298,2.5);
#1298 = AXIS2_PLACEMENT_3D('',#1299,#1300,#1301);
#1299 = CARTESIAN_POINT('',(1.,0.,4.8));
#1300 = DIRECTION('',(0.,0.,-1.));
#1301 = DIRECTION('',(0.923879532511,0.382683432365,0.));
#1302 = ORIENTED_EDGE('',*,*,#1216,.F.);
#1303 = ORIENTED_EDGE('',*,*,#1134,.F.);
#1304 = ORIENTED_EDGE('',*,*,#1305,.T.);
#1305 = EDGE_CURVE('',#1120,#1306,#1308,.T.);
#1306 = VERTEX_POINT('',#1307);
#1307 = CARTESIAN_POINT('',(3.487468592767,-0.25,3.251));
#1308 = LINE('',#1309,#1310);
#1309 = CARTESIAN_POINT('',(3.487468592767,-0.25,2.));
#1310 = VECTOR('',#1311,1.);
#1311 = DIRECTION('',(0.,0.,1.));
#1312 = ORIENTED_EDGE('',*,*,#1313,.F.);
#1313 = EDGE_CURVE('',#1314,#1306,#1316,.T.);
#1314 = VERTEX_POINT('',#1315);
#1315 = CARTESIAN_POINT('',(3.4999998,-1.E-03,3.5));
#1316 = B_SPLINE_CURVE_WITH_KNOTS('',8,(#1317,#1318,#1319,#1320,#1321,
    #1322,#1323,#1324,#1325),.UNSPECIFIED.,.F.,.F.,(9,9),(0.,1.),
  .PIECEWISE_BEZIER_KNOTS.);
#1317 = CARTESIAN_POINT('',(3.4999998,-1.E-03,3.5));
#1318 = CARTESIAN_POINT('',(3.499978617055,-5.395735907235E-02,3.5));
#1319 = CARTESIAN_POINT('',(3.498676082177,-0.104950526163,
    3.487127296357));
#1320 = CARTESIAN_POINT('',(3.496260480392,-0.151000424553,3.46305838894
    ));
#1321 = CARTESIAN_POINT('',(3.493287896111,-0.189937008149,
    3.429686411631));
#1322 = CARTESIAN_POINT('',(3.49048081622,-0.220024282271,3.389249497325
    ));
#1323 = CARTESIAN_POINT('',(3.488453332589,-0.240202972637,
    3.344185621158));
#1324 = CARTESIAN_POINT('',(3.487468592767,-0.25,3.297202715395));
#1325 = CARTESIAN_POINT('',(3.487468592767,-0.25,3.251));
#1326 = ORIENTED_EDGE('',*,*,#1327,.T.);
#1327 = EDGE_CURVE('',#1314,#1328,#1330,.T.);
#1328 = VERTEX_POINT('',#1329);
#1329 = CARTESIAN_POINT('',(3.4999998,9.999999999997E-04,3.5));
#1330 = CIRCLE('',#1331,2.5);
#1331 = AXIS2_PLACEMENT_3D('',#1332,#1333,#1334);
#1332 = CARTESIAN_POINT('',(1.,0.,3.5));
#1333 = DIRECTION('',(0.,-0.,1.));
#1334 = DIRECTION('',(0.923879532511,0.382683432365,0.));
#1335 = ORIENTED_EDGE('',*,*,#1336,.F.);
#1336 = EDGE_CURVE('',#1337,#1328,#1339,.T.);
#1337 = VERTEX_POINT('',#1338);
#1338 = CARTESIAN_POINT('',(3.487468622767,0.249999701504,3.251385552896
    ));
#1339 = B_SPLINE_CURVE_WITH_KNOTS('',8,(#1340,#1341,#1342,#1343,#1344,
    #1345,#1346,#1347,#1348),.UNSPECIFIED.,.F.,.F.,(9,9),(0.,1.),
  .PIECEWISE_BEZIER_KNOTS.);
#1340 = CARTESIAN_POINT('',(3.487468622767,0.249999701504,3.251385552896
    ));
#1341 = CARTESIAN_POINT('',(3.487475806375,0.249928225413,3.297546599758
    ));
#1342 = CARTESIAN_POINT('',(3.488466071569,0.240076163387,3.344468713965
    ));
#1343 = CARTESIAN_POINT('',(3.490495528585,0.21986657353,3.389460295011)
  );
#1344 = CARTESIAN_POINT('',(3.493300225575,0.189774954381,3.429823601109
    ));
#1345 = CARTESIAN_POINT('',(3.496267732898,0.150859143254,3.463130702916
    ));
#1346 = CARTESIAN_POINT('',(3.49867859983,0.104848949188,3.487152152151)
  );
#1347 = CARTESIAN_POINT('',(3.499978637521,5.390619388061E-02,3.5));
#1348 = CARTESIAN_POINT('',(3.4999998,1.E-03,3.5));
#1349 = ORIENTED_EDGE('',*,*,#1350,.F.);
#1350 = EDGE_CURVE('',#1351,#1337,#1353,.T.);
#1351 = VERTEX_POINT('',#1352);
#1352 = CARTESIAN_POINT('',(3.487468592767,0.25,3.251));
#1353 = B_SPLINE_CURVE_WITH_KNOTS('',1,(#1354,#1355),.UNSPECIFIED.,.F.,
  .F.,(2,2),(0.,1.),.PIECEWISE_BEZIER_KNOTS.);
#1354 = CARTESIAN_POINT('',(3.487468592767,0.25,3.251));
#1355 = CARTESIAN_POINT('',(3.487468622767,0.249999701504,3.251385552896
    ));
#1356 = ORIENTED_EDGE('',*,*,#1357,.F.);
#1357 = EDGE_CURVE('',#1007,#1351,#1358,.T.);
#1358 = LINE('',#1359,#1360);
#1359 = CARTESIAN_POINT('',(3.487468592767,0.25,2.));
#1360 = VECTOR('',#1361,1.);
#1361 = DIRECTION('',(0.,0.,1.));
#1362 = ORIENTED_EDGE('',*,*,#1006,.F.);
#1363 = ORIENTED_EDGE('',*,*,#1209,.T.);
#1364 = CYLINDRICAL_SURFACE('',#1365,2.5);
#1365 = AXIS2_PLACEMENT_3D('',#1366,#1367,#1368);
#1366 = CARTESIAN_POINT('',(1.,0.,2.));
#1367 = DIRECTION('',(0.,0.,1.));
#1368 = DIRECTION('',(0.923879532511,0.382683432365,-0.));
#1369 = ADVANCED_FACE('',(#1370),#1398,.T.);
#1370 = FACE_BOUND('',#1371,.T.);
#1371 = EDGE_LOOP('',(#1372,#1381,#1390,#1397));
#1372 = ORIENTED_EDGE('',*,*,#1373,.T.);
#1373 = EDGE_CURVE('',#1199,#1374,#1376,.T.);
#1374 = VERTEX_POINT('',#1375);
#1375 = CARTESIAN_POINT('',(3.124922924776,-0.88017189444,5.));
#1376 = CIRCLE('',#1377,0.2);
#1377 = AXIS2_PLACEMENT_3D('',#1378,#1379,#1380);
#1378 = CARTESIAN_POINT('',(3.124922924776,-0.88017189444,4.8));
#1379 = DIRECTION('',(-0.382683432365,-0.923879532511,0.));
#1380 = DIRECTION('',(0.923879532511,-0.382683432365,-4.440892098502E-15
    ));
#1381 = ORIENTED_EDGE('',*,*,#1382,.T.);
#1382 = EDGE_CURVE('',#1374,#1383,#1385,.T.);
#1383 = VERTEX_POINT('',#1384);
#1384 = CARTESIAN_POINT('',(3.124922924776,0.88017189444,5.));
#1385 = CIRCLE('',#1386,2.3);
#1386 = AXIS2_PLACEMENT_3D('',#1387,#1388,#1389);
#1387 = CARTESIAN_POINT('',(1.,0.,5.));
#1388 = DIRECTION('',(0.,-0.,-1.));
#1389 = DIRECTION('',(0.923879532511,-0.382683432365,0.));
#1390 = ORIENTED_EDGE('',*,*,#1391,.F.);
#1391 = EDGE_CURVE('',#1201,#1383,#1392,.T.);
#1392 = CIRCLE('',#1393,0.2);
#1393 = AXIS2_PLACEMENT_3D('',#1394,#1395,#1396);
#1394 = CARTESIAN_POINT('',(3.124922924776,0.88017189444,4.8));
#1395 = DIRECTION('',(0.382683432365,-0.923879532511,0.));
#1396 = DIRECTION('',(0.923879532511,0.382683432365,-4.440892098502E-15)
  );
#1397 = ORIENTED_EDGE('',*,*,#1198,.F.);
#1398 = TOROIDAL_SURFACE('',#1399,2.3,0.2);
#1399 = AXIS2_PLACEMENT_3D('',#1400,#1401,#1402);
#1400 = CARTESIAN_POINT('',(1.,0.,4.8));
#1401 = DIRECTION('',(0.,0.,1.));
#1402 = DIRECTION('',(0.923879532511,-0.382683432365,0.));
#1403 = ADVANCED_FACE('',(#1404),#1413,.T.);
#1404 = FACE_BOUND('',#1405,.T.);
#1405 = EDGE_LOOP('',(#1406,#1407,#1408,#1409,#1410,#1411,#1412));
#1406 = ORIENTED_EDGE('',*,*,#1350,.T.);
#1407 = ORIENTED_EDGE('',*,*,#1336,.T.);
#1408 = ORIENTED_EDGE('',*,*,#1327,.F.);
#1409 = ORIENTED_EDGE('',*,*,#1313,.T.);
#1410 = ORIENTED_EDGE('',*,*,#1305,.F.);
#1411 = ORIENTED_EDGE('',*,*,#1232,.F.);
#1412 = ORIENTED_EDGE('',*,*,#1357,.T.);
#1413 = CYLINDRICAL_SURFACE('',#1414,2.5);
#1414 = AXIS2_PLACEMENT_3D('',#1415,#1416,#1417);
#1415 = CARTESIAN_POINT('',(1.,0.,2.));
#1416 = DIRECTION('',(0.,0.,1.));
#1417 = DIRECTION('',(0.923879532511,0.382683432365,-0.));
#1418 = ADVANCED_FACE('',(#1419),#1431,.T.);
#1419 = FACE_BOUND('',#1420,.T.);
#1420 = EDGE_LOOP('',(#1421,#1422,#1429,#1430));
#1421 = ORIENTED_EDGE('',*,*,#1391,.T.);
#1422 = ORIENTED_EDGE('',*,*,#1423,.T.);
#1423 = EDGE_CURVE('',#1383,#1374,#1424,.T.);
#1424 = CIRCLE('',#1425,2.3);
#1425 = AXIS2_PLACEMENT_3D('',#1426,#1427,#1428);
#1426 = CARTESIAN_POINT('',(1.,0.,5.));
#1427 = DIRECTION('',(0.,0.,-1.));
#1428 = DIRECTION('',(0.923879532511,0.382683432365,0.));
#1429 = ORIENTED_EDGE('',*,*,#1373,.F.);
#1430 = ORIENTED_EDGE('',*,*,#1296,.F.);
#1431 = TOROIDAL_SURFACE('',#1432,2.3,0.2);
#1432 = AXIS2_PLACEMENT_3D('',#1433,#1434,#1435);
#1433 = CARTESIAN_POINT('',(1.,0.,4.8));
#1434 = DIRECTION('',(0.,0.,1.));
#1435 = DIRECTION('',(0.923879532511,0.382683432365,-0.));
#1436 = ADVANCED_FACE('',(#1437),#1463,.F.);
#1437 = FACE_BOUND('',#1438,.F.);
#1438 = EDGE_LOOP('',(#1439,#1440,#1448,#1457));
#1439 = ORIENTED_EDGE('',*,*,#1382,.T.);
#1440 = ORIENTED_EDGE('',*,*,#1441,.T.);
#1441 = EDGE_CURVE('',#1383,#1442,#1444,.T.);
#1442 = VERTEX_POINT('',#1443);
#1443 = CARTESIAN_POINT('',(2.616789181895,0.669696006639,5.));
#1444 = LINE('',#1445,#1446);
#1445 = CARTESIAN_POINT('',(3.124922924776,0.88017189444,5.));
#1446 = VECTOR('',#1447,1.);
#1447 = DIRECTION('',(-0.923879532511,-0.382683432365,0.));
#1448 = ORIENTED_EDGE('',*,*,#1449,.F.);
#1449 = EDGE_CURVE('',#1450,#1442,#1452,.T.);
#1450 = VERTEX_POINT('',#1451);
#1451 = CARTESIAN_POINT('',(2.616789181895,-0.669696006639,5.));
#1452 = CIRCLE('',#1453,1.75);
#1453 = AXIS2_PLACEMENT_3D('',#1454,#1455,#1456);
#1454 = CARTESIAN_POINT('',(1.,0.,5.));
#1455 = DIRECTION('',(0.,-0.,-1.));
#1456 = DIRECTION('',(0.923879532511,-0.382683432365,0.));
#1457 = ORIENTED_EDGE('',*,*,#1458,.F.);
#1458 = EDGE_CURVE('',#1374,#1450,#1459,.T.);
#1459 = LINE('',#1460,#1461);
#1460 = CARTESIAN_POINT('',(3.124922924776,-0.88017189444,5.));
#1461 = VECTOR('',#1462,1.);
#1462 = DIRECTION('',(-0.923879532511,0.382683432365,0.));
#1463 = PLANE('',#1464);
#1464 = AXIS2_PLACEMENT_3D('',#1465,#1466,#1467);
#1465 = CARTESIAN_POINT('',(1.,0.,5.));
#1466 = DIRECTION('',(0.,0.,-1.));
#1467 = DIRECTION('',(0.923879532511,-0.382683432365,0.));
#1468 = ADVANCED_FACE('',(#1469),#1481,.F.);
#1469 = FACE_BOUND('',#1470,.F.);
#1470 = EDGE_LOOP('',(#1471,#1472,#1473,#1480));
#1471 = ORIENTED_EDGE('',*,*,#1423,.T.);
#1472 = ORIENTED_EDGE('',*,*,#1458,.T.);
#1473 = ORIENTED_EDGE('',*,*,#1474,.F.);
#1474 = EDGE_CURVE('',#1442,#1450,#1475,.T.);
#1475 = CIRCLE('',#1476,1.75);
#1476 = AXIS2_PLACEMENT_3D('',#1477,#1478,#1479);
#1477 = CARTESIAN_POINT('',(1.,0.,5.));
#1478 = DIRECTION('',(0.,0.,-1.));
#1479 = DIRECTION('',(0.923879532511,0.382683432365,0.));
#1480 = ORIENTED_EDGE('',*,*,#1441,.F.);
#1481 = PLANE('',#1482);
#1482 = AXIS2_PLACEMENT_3D('',#1483,#1484,#1485);
#1483 = CARTESIAN_POINT('',(1.,0.,5.));
#1484 = DIRECTION('',(0.,0.,-1.));
#1485 = DIRECTION('',(0.923879532511,0.382683432365,0.));
#1486 = ADVANCED_FACE('',(#1487),#1624,.F.);
#1487 = FACE_BOUND('',#1488,.F.);
#1488 = EDGE_LOOP('',(#1489,#1497,#1498,#1506,#1515,#1523,#1532,#1540,
    #1549,#1557,#1566,#1575,#1583,#1592,#1600,#1609,#1617));
#1489 = ORIENTED_EDGE('',*,*,#1490,.F.);
#1490 = EDGE_CURVE('',#1450,#1491,#1493,.T.);
#1491 = VERTEX_POINT('',#1492);
#1492 = CARTESIAN_POINT('',(2.616789181895,-0.669696006639,4.9));
#1493 = LINE('',#1494,#1495);
#1494 = CARTESIAN_POINT('',(2.616789181895,-0.669696006639,5.));
#1495 = VECTOR('',#1496,1.);
#1496 = DIRECTION('',(0.,0.,-1.));
#1497 = ORIENTED_EDGE('',*,*,#1449,.T.);
#1498 = ORIENTED_EDGE('',*,*,#1499,.T.);
#1499 = EDGE_CURVE('',#1442,#1500,#1502,.T.);
#1500 = VERTEX_POINT('',#1501);
#1501 = CARTESIAN_POINT('',(2.616789181895,0.669696006639,4.9));
#1502 = LINE('',#1503,#1504);
#1503 = CARTESIAN_POINT('',(2.616789181895,0.669696006639,5.));
#1504 = VECTOR('',#1505,1.);
#1505 = DIRECTION('',(0.,0.,-1.));
#1506 = ORIENTED_EDGE('',*,*,#1507,.T.);
#1507 = EDGE_CURVE('',#1500,#1508,#1510,.T.);
#1508 = VERTEX_POINT('',#1509);
#1509 = CARTESIAN_POINT('',(1.05,1.749285568454,4.9));
#1510 = CIRCLE('',#1511,1.75);
#1511 = AXIS2_PLACEMENT_3D('',#1512,#1513,#1514);
#1512 = CARTESIAN_POINT('',(1.,0.,4.9));
#1513 = DIRECTION('',(0.,0.,1.));
#1514 = DIRECTION('',(-1.,1.224646799147E-16,0.));
#1515 = ORIENTED_EDGE('',*,*,#1516,.T.);
#1516 = EDGE_CURVE('',#1508,#1517,#1519,.T.);
#1517 = VERTEX_POINT('',#1518);
#1518 = CARTESIAN_POINT('',(1.05,1.749285568454,4.8));
#1519 = LINE('',#1520,#1521);
#1520 = CARTESIAN_POINT('',(1.05,1.749285568454,4.7));
#1521 = VECTOR('',#1522,1.);
#1522 = DIRECTION('',(0.,0.,-1.));
#1523 = ORIENTED_EDGE('',*,*,#1524,.F.);
#1524 = EDGE_CURVE('',#1525,#1517,#1527,.T.);
#1525 = VERTEX_POINT('',#1526);
#1526 = CARTESIAN_POINT('',(0.95,1.749285568454,4.8));
#1527 = CIRCLE('',#1528,1.75);
#1528 = AXIS2_PLACEMENT_3D('',#1529,#1530,#1531);
#1529 = CARTESIAN_POINT('',(1.,0.,4.8));
#1530 = DIRECTION('',(0.,0.,-1.));
#1531 = DIRECTION('',(-1.,1.224646799147E-16,0.));
#1532 = ORIENTED_EDGE('',*,*,#1533,.F.);
#1533 = EDGE_CURVE('',#1534,#1525,#1536,.T.);
#1534 = VERTEX_POINT('',#1535);
#1535 = CARTESIAN_POINT('',(0.95,1.749285568454,4.9));
#1536 = LINE('',#1537,#1538);
#1537 = CARTESIAN_POINT('',(0.95,1.749285568454,4.7));
#1538 = VECTOR('',#1539,1.);
#1539 = DIRECTION('',(0.,0.,-1.));
#1540 = ORIENTED_EDGE('',*,*,#1541,.T.);
#1541 = EDGE_CURVE('',#1534,#1542,#1544,.T.);
#1542 = VERTEX_POINT('',#1543);
#1543 = CARTESIAN_POINT('',(-0.749285568454,5.000000000002E-02,4.9));
#1544 = CIRCLE('',#1545,1.75);
#1545 = AXIS2_PLACEMENT_3D('',#1546,#1547,#1548);
#1546 = CARTESIAN_POINT('',(1.,0.,4.9));
#1547 = DIRECTION('',(0.,0.,1.));
#1548 = DIRECTION('',(-1.,1.224646799147E-16,0.));
#1549 = ORIENTED_EDGE('',*,*,#1550,.T.);
#1550 = EDGE_CURVE('',#1542,#1551,#1553,.T.);
#1551 = VERTEX_POINT('',#1552);
#1552 = CARTESIAN_POINT('',(-0.749285568454,5.E-02,4.8));
#1553 = LINE('',#1554,#1555);
#1554 = CARTESIAN_POINT('',(-0.749285568454,5.E-02,4.7));
#1555 = VECTOR('',#1556,1.);
#1556 = DIRECTION('',(0.,0.,-1.));
#1557 = ORIENTED_EDGE('',*,*,#1558,.F.);
#1558 = EDGE_CURVE('',#1559,#1551,#1561,.T.);
#1559 = VERTEX_POINT('',#1560);
#1560 = CARTESIAN_POINT('',(-0.75,2.143131898508E-16,4.8));
#1561 = CIRCLE('',#1562,1.75);
#1562 = AXIS2_PLACEMENT_3D('',#1563,#1564,#1565);
#1563 = CARTESIAN_POINT('',(1.,0.,4.8));
#1564 = DIRECTION('',(0.,0.,-1.));
#1565 = DIRECTION('',(-1.,1.224646799147E-16,0.));
#1566 = ORIENTED_EDGE('',*,*,#1567,.F.);
#1567 = EDGE_CURVE('',#1568,#1559,#1570,.T.);
#1568 = VERTEX_POINT('',#1569);
#1569 = CARTESIAN_POINT('',(-0.749285568454,-5.E-02,4.8));
#1570 = CIRCLE('',#1571,1.75);
#1571 = AXIS2_PLACEMENT_3D('',#1572,#1573,#1574);
#1572 = CARTESIAN_POINT('',(1.,0.,4.8));
#1573 = DIRECTION('',(0.,0.,-1.));
#1574 = DIRECTION('',(-1.,1.224646799147E-16,0.));
#1575 = ORIENTED_EDGE('',*,*,#1576,.F.);
#1576 = EDGE_CURVE('',#1577,#1568,#1579,.T.);
#1577 = VERTEX_POINT('',#1578);
#1578 = CARTESIAN_POINT('',(-0.749285568454,-5.000000000002E-02,4.9));
#1579 = LINE('',#1580,#1581);
#1580 = CARTESIAN_POINT('',(-0.749285568454,-5.E-02,4.7));
#1581 = VECTOR('',#1582,1.);
#1582 = DIRECTION('',(0.,0.,-1.));
#1583 = ORIENTED_EDGE('',*,*,#1584,.T.);
#1584 = EDGE_CURVE('',#1577,#1585,#1587,.T.);
#1585 = VERTEX_POINT('',#1586);
#1586 = CARTESIAN_POINT('',(0.95,-1.749285568454,4.9));
#1587 = CIRCLE('',#1588,1.75);
#1588 = AXIS2_PLACEMENT_3D('',#1589,#1590,#1591);
#1589 = CARTESIAN_POINT('',(1.,0.,4.9));
#1590 = DIRECTION('',(0.,0.,1.));
#1591 = DIRECTION('',(-1.,1.224646799147E-16,0.));
#1592 = ORIENTED_EDGE('',*,*,#1593,.T.);
#1593 = EDGE_CURVE('',#1585,#1594,#1596,.T.);
#1594 = VERTEX_POINT('',#1595);
#1595 = CARTESIAN_POINT('',(0.95,-1.749285568454,4.8));
#1596 = LINE('',#1597,#1598);
#1597 = CARTESIAN_POINT('',(0.95,-1.749285568454,4.7));
#1598 = VECTOR('',#1599,1.);
#1599 = DIRECTION('',(0.,0.,-1.));
#1600 = ORIENTED_EDGE('',*,*,#1601,.F.);
#1601 = EDGE_CURVE('',#1602,#1594,#1604,.T.);
#1602 = VERTEX_POINT('',#1603);
#1603 = CARTESIAN_POINT('',(1.05,-1.749285568454,4.8));
#1604 = CIRCLE('',#1605,1.75);
#1605 = AXIS2_PLACEMENT_3D('',#1606,#1607,#1608);
#1606 = CARTESIAN_POINT('',(1.,0.,4.8));
#1607 = DIRECTION('',(0.,0.,-1.));
#1608 = DIRECTION('',(-1.,1.224646799147E-16,0.));
#1609 = ORIENTED_EDGE('',*,*,#1610,.F.);
#1610 = EDGE_CURVE('',#1611,#1602,#1613,.T.);
#1611 = VERTEX_POINT('',#1612);
#1612 = CARTESIAN_POINT('',(1.05,-1.749285568454,4.9));
#1613 = LINE('',#1614,#1615);
#1614 = CARTESIAN_POINT('',(1.05,-1.749285568454,4.7));
#1615 = VECTOR('',#1616,1.);
#1616 = DIRECTION('',(0.,0.,-1.));
#1617 = ORIENTED_EDGE('',*,*,#1618,.T.);
#1618 = EDGE_CURVE('',#1611,#1491,#1619,.T.);
#1619 = CIRCLE('',#1620,1.75);
#1620 = AXIS2_PLACEMENT_3D('',#1621,#1622,#1623);
#1621 = CARTESIAN_POINT('',(1.,0.,4.9));
#1622 = DIRECTION('',(0.,0.,1.));
#1623 = DIRECTION('',(-1.,1.224646799147E-16,0.));
#1624 = CYLINDRICAL_SURFACE('',#1625,1.75);
#1625 = AXIS2_PLACEMENT_3D('',#1626,#1627,#1628);
#1626 = CARTESIAN_POINT('',(1.,0.,5.));
#1627 = DIRECTION('',(0.,0.,-1.));
#1628 = DIRECTION('',(0.923879532511,-0.382683432365,0.));
#1629 = ADVANCED_FACE('',(#1630),#1676,.F.);
#1630 = FACE_BOUND('',#1631,.F.);
#1631 = EDGE_LOOP('',(#1632,#1633,#1634,#1635,#1644,#1652,#1661,#1669));
#1632 = ORIENTED_EDGE('',*,*,#1499,.F.);
#1633 = ORIENTED_EDGE('',*,*,#1474,.T.);
#1634 = ORIENTED_EDGE('',*,*,#1490,.T.);
#1635 = ORIENTED_EDGE('',*,*,#1636,.T.);
#1636 = EDGE_CURVE('',#1491,#1637,#1639,.T.);
#1637 = VERTEX_POINT('',#1638);
#1638 = CARTESIAN_POINT('',(2.749285568454,-4.999999999996E-02,4.9));
#1639 = CIRCLE('',#1640,1.75);
#1640 = AXIS2_PLACEMENT_3D('',#1641,#1642,#1643);
#1641 = CARTESIAN_POINT('',(1.,0.,4.9));
#1642 = DIRECTION('',(0.,0.,1.));
#1643 = DIRECTION('',(-1.,1.224646799147E-16,0.));
#1644 = ORIENTED_EDGE('',*,*,#1645,.T.);
#1645 = EDGE_CURVE('',#1637,#1646,#1648,.T.);
#1646 = VERTEX_POINT('',#1647);
#1647 = CARTESIAN_POINT('',(2.749285568454,-5.E-02,4.8));
#1648 = LINE('',#1649,#1650);
#1649 = CARTESIAN_POINT('',(2.749285568454,-5.E-02,4.7));
#1650 = VECTOR('',#1651,1.);
#1651 = DIRECTION('',(0.,0.,-1.));
#1652 = ORIENTED_EDGE('',*,*,#1653,.F.);
#1653 = EDGE_CURVE('',#1654,#1646,#1656,.T.);
#1654 = VERTEX_POINT('',#1655);
#1655 = CARTESIAN_POINT('',(2.749285568454,5.E-02,4.8));
#1656 = CIRCLE('',#1657,1.75);
#1657 = AXIS2_PLACEMENT_3D('',#1658,#1659,#1660);
#1658 = CARTESIAN_POINT('',(1.,0.,4.8));
#1659 = DIRECTION('',(0.,0.,-1.));
#1660 = DIRECTION('',(-1.,1.224646799147E-16,0.));
#1661 = ORIENTED_EDGE('',*,*,#1662,.F.);
#1662 = EDGE_CURVE('',#1663,#1654,#1665,.T.);
#1663 = VERTEX_POINT('',#1664);
#1664 = CARTESIAN_POINT('',(2.749285568454,4.999999999996E-02,4.9));
#1665 = LINE('',#1666,#1667);
#1666 = CARTESIAN_POINT('',(2.749285568454,5.E-02,4.7));
#1667 = VECTOR('',#1668,1.);
#1668 = DIRECTION('',(0.,0.,-1.));
#1669 = ORIENTED_EDGE('',*,*,#1670,.T.);
#1670 = EDGE_CURVE('',#1663,#1500,#1671,.T.);
#1671 = CIRCLE('',#1672,1.75);
#1672 = AXIS2_PLACEMENT_3D('',#1673,#1674,#1675);
#1673 = CARTESIAN_POINT('',(1.,0.,4.9));
#1674 = DIRECTION('',(0.,0.,1.));
#1675 = DIRECTION('',(-1.,1.224646799147E-16,0.));
#1676 = CYLINDRICAL_SURFACE('',#1677,1.75);
#1677 = AXIS2_PLACEMENT_3D('',#1678,#1679,#1680);
#1678 = CARTESIAN_POINT('',(1.,0.,5.));
#1679 = DIRECTION('',(0.,0.,-1.));
#1680 = DIRECTION('',(0.923879532511,0.382683432365,0.));
#1681 = ADVANCED_FACE('',(#1682),#1700,.T.);
#1682 = FACE_BOUND('',#1683,.T.);
#1683 = EDGE_LOOP('',(#1684,#1692,#1693,#1694));
#1684 = ORIENTED_EDGE('',*,*,#1685,.F.);
#1685 = EDGE_CURVE('',#1611,#1686,#1688,.T.);
#1686 = VERTEX_POINT('',#1687);
#1687 = CARTESIAN_POINT('',(1.05,-5.E-02,4.9));
#1688 = LINE('',#1689,#1690);
#1689 = CARTESIAN_POINT('',(1.05,-5.05,4.9));
#1690 = VECTOR('',#1691,1.);
#1691 = DIRECTION('',(1.224646799147E-16,1.,0.));
#1692 = ORIENTED_EDGE('',*,*,#1618,.T.);
#1693 = ORIENTED_EDGE('',*,*,#1636,.T.);
#1694 = ORIENTED_EDGE('',*,*,#1695,.F.);
#1695 = EDGE_CURVE('',#1686,#1637,#1696,.T.);
#1696 = LINE('',#1697,#1698);
#1697 = CARTESIAN_POINT('',(1.05,-5.E-02,4.9));
#1698 = VECTOR('',#1699,1.);
#1699 = DIRECTION('',(1.,-1.224646799147E-16,0.));
#1700 = PLANE('',#1701);
#1701 = AXIS2_PLACEMENT_3D('',#1702,#1703,#1704);
#1702 = CARTESIAN_POINT('',(1.,-1.239108604125E-16,4.9));
#1703 = DIRECTION('',(0.,0.,1.));
#1704 = DIRECTION('',(-1.,1.224646799147E-16,0.));
#1705 = ADVANCED_FACE('',(#1706),#1724,.F.);
#1706 = FACE_BOUND('',#1707,.F.);
#1707 = EDGE_LOOP('',(#1708,#1709,#1710,#1718));
#1708 = ORIENTED_EDGE('',*,*,#1685,.F.);
#1709 = ORIENTED_EDGE('',*,*,#1610,.T.);
#1710 = ORIENTED_EDGE('',*,*,#1711,.T.);
#1711 = EDGE_CURVE('',#1602,#1712,#1714,.T.);
#1712 = VERTEX_POINT('',#1713);
#1713 = CARTESIAN_POINT('',(1.05,-5.E-02,4.8));
#1714 = LINE('',#1715,#1716);
#1715 = CARTESIAN_POINT('',(1.05,-5.05,4.8));
#1716 = VECTOR('',#1717,1.);
#1717 = DIRECTION('',(1.224646799147E-16,1.,0.));
#1718 = ORIENTED_EDGE('',*,*,#1719,.F.);
#1719 = EDGE_CURVE('',#1686,#1712,#1720,.T.);
#1720 = LINE('',#1721,#1722);
#1721 = CARTESIAN_POINT('',(1.05,-5.E-02,4.9));
#1722 = VECTOR('',#1723,1.);
#1723 = DIRECTION('',(0.,0.,-1.));
#1724 = PLANE('',#1725);
#1725 = AXIS2_PLACEMENT_3D('',#1726,#1727,#1728);
#1726 = CARTESIAN_POINT('',(1.05,-5.05,4.9));
#1727 = DIRECTION('',(1.,-1.224646799147E-16,0.));
#1728 = DIRECTION('',(1.224646799147E-16,1.,0.));
#1729 = ADVANCED_FACE('',(#1730),#1748,.T.);
#1730 = FACE_BOUND('',#1731,.T.);
#1731 = EDGE_LOOP('',(#1732,#1733,#1734,#1742));
#1732 = ORIENTED_EDGE('',*,*,#1670,.T.);
#1733 = ORIENTED_EDGE('',*,*,#1507,.T.);
#1734 = ORIENTED_EDGE('',*,*,#1735,.F.);
#1735 = EDGE_CURVE('',#1736,#1508,#1738,.T.);
#1736 = VERTEX_POINT('',#1737);
#1737 = CARTESIAN_POINT('',(1.05,5.E-02,4.9));
#1738 = LINE('',#1739,#1740);
#1739 = CARTESIAN_POINT('',(1.05,5.E-02,4.9));
#1740 = VECTOR('',#1741,1.);
#1741 = DIRECTION('',(1.224646799147E-16,1.,0.));
#1742 = ORIENTED_EDGE('',*,*,#1743,.F.);
#1743 = EDGE_CURVE('',#1663,#1736,#1744,.T.);
#1744 = LINE('',#1745,#1746);
#1745 = CARTESIAN_POINT('',(6.05,5.E-02,4.9));
#1746 = VECTOR('',#1747,1.);
#1747 = DIRECTION('',(-1.,1.224646799147E-16,0.));
#1748 = PLANE('',#1749);
#1749 = AXIS2_PLACEMENT_3D('',#1750,#1751,#1752);
#1750 = CARTESIAN_POINT('',(1.,-1.239108604125E-16,4.9));
#1751 = DIRECTION('',(0.,0.,1.));
#1752 = DIRECTION('',(-1.,1.224646799147E-16,0.));
#1753 = ADVANCED_FACE('',(#1754),#1810,.T.);
#1754 = FACE_BOUND('',#1755,.T.);
#1755 = EDGE_LOOP('',(#1756,#1764,#1770,#1771,#1772,#1778,#1779,#1787,
    #1793,#1794,#1802,#1808,#1809));
#1756 = ORIENTED_EDGE('',*,*,#1757,.T.);
#1757 = EDGE_CURVE('',#1568,#1758,#1760,.T.);
#1758 = VERTEX_POINT('',#1759);
#1759 = CARTESIAN_POINT('',(0.95,-5.E-02,4.8));
#1760 = LINE('',#1761,#1762);
#1761 = CARTESIAN_POINT('',(-4.05,-5.E-02,4.8));
#1762 = VECTOR('',#1763,1.);
#1763 = DIRECTION('',(1.,-5.723907721801E-17,0.));
#1764 = ORIENTED_EDGE('',*,*,#1765,.T.);
#1765 = EDGE_CURVE('',#1758,#1594,#1766,.T.);
#1766 = LINE('',#1767,#1768);
#1767 = CARTESIAN_POINT('',(0.95,-5.E-02,4.8));
#1768 = VECTOR('',#1769,1.);
#1769 = DIRECTION('',(-1.224646799147E-16,-1.,0.));
#1770 = ORIENTED_EDGE('',*,*,#1601,.F.);
#1771 = ORIENTED_EDGE('',*,*,#1711,.T.);
#1772 = ORIENTED_EDGE('',*,*,#1773,.T.);
#1773 = EDGE_CURVE('',#1712,#1646,#1774,.T.);
#1774 = LINE('',#1775,#1776);
#1775 = CARTESIAN_POINT('',(1.05,-5.E-02,4.8));
#1776 = VECTOR('',#1777,1.);
#1777 = DIRECTION('',(1.,-1.224646799147E-16,0.));
#1778 = ORIENTED_EDGE('',*,*,#1653,.F.);
#1779 = ORIENTED_EDGE('',*,*,#1780,.T.);
#1780 = EDGE_CURVE('',#1654,#1781,#1783,.T.);
#1781 = VERTEX_POINT('',#1782);
#1782 = CARTESIAN_POINT('',(1.05,5.E-02,4.8));
#1783 = LINE('',#1784,#1785);
#1784 = CARTESIAN_POINT('',(6.05,5.E-02,4.8));
#1785 = VECTOR('',#1786,1.);
#1786 = DIRECTION('',(-1.,1.224646799147E-16,0.));
#1787 = ORIENTED_EDGE('',*,*,#1788,.T.);
#1788 = EDGE_CURVE('',#1781,#1517,#1789,.T.);
#1789 = LINE('',#1790,#1791);
#1790 = CARTESIAN_POINT('',(1.05,5.E-02,4.8));
#1791 = VECTOR('',#1792,1.);
#1792 = DIRECTION('',(1.224646799147E-16,1.,0.));
#1793 = ORIENTED_EDGE('',*,*,#1524,.F.);
#1794 = ORIENTED_EDGE('',*,*,#1795,.T.);
#1795 = EDGE_CURVE('',#1525,#1796,#1798,.T.);
#1796 = VERTEX_POINT('',#1797);
#1797 = CARTESIAN_POINT('',(0.95,5.E-02,4.8));
#1798 = LINE('',#1799,#1800);
#1799 = CARTESIAN_POINT('',(0.95,5.05,4.8));
#1800 = VECTOR('',#1801,1.);
#1801 = DIRECTION('',(-1.224646799147E-16,-1.,0.));
#1802 = ORIENTED_EDGE('',*,*,#1803,.T.);
#1803 = EDGE_CURVE('',#1796,#1551,#1804,.T.);
#1804 = LINE('',#1805,#1806);
#1805 = CARTESIAN_POINT('',(0.95,5.E-02,4.8));
#1806 = VECTOR('',#1807,1.);
#1807 = DIRECTION('',(-1.,1.224646799147E-16,0.));
#1808 = ORIENTED_EDGE('',*,*,#1558,.F.);
#1809 = ORIENTED_EDGE('',*,*,#1567,.F.);
#1810 = PLANE('',#1811);
#1811 = AXIS2_PLACEMENT_3D('',#1812,#1813,#1814);
#1812 = CARTESIAN_POINT('',(1.,-3.503797911874E-17,4.8));
#1813 = DIRECTION('',(-6.92799192911E-33,5.09829149655E-32,1.));
#1814 = DIRECTION('',(-1.224646799147E-16,-1.,5.09829149655E-32));
#1815 = ADVANCED_FACE('',(#1816),#1827,.F.);
#1816 = FACE_BOUND('',#1817,.F.);
#1817 = EDGE_LOOP('',(#1818,#1819,#1825,#1826));
#1818 = ORIENTED_EDGE('',*,*,#1735,.F.);
#1819 = ORIENTED_EDGE('',*,*,#1820,.T.);
#1820 = EDGE_CURVE('',#1736,#1781,#1821,.T.);
#1821 = LINE('',#1822,#1823);
#1822 = CARTESIAN_POINT('',(1.05,5.E-02,4.9));
#1823 = VECTOR('',#1824,1.);
#1824 = DIRECTION('',(0.,0.,-1.));
#1825 = ORIENTED_EDGE('',*,*,#1788,.T.);
#1826 = ORIENTED_EDGE('',*,*,#1516,.F.);
#1827 = PLANE('',#1828);
#1828 = AXIS2_PLACEMENT_3D('',#1829,#1830,#1831);
#1829 = CARTESIAN_POINT('',(1.05,5.E-02,4.9));
#1830 = DIRECTION('',(1.,-1.224646799147E-16,0.));
#1831 = DIRECTION('',(1.224646799147E-16,1.,0.));
#1832 = ADVANCED_FACE('',(#1833),#1851,.F.);
#1833 = FACE_BOUND('',#1834,.F.);
#1834 = EDGE_LOOP('',(#1835,#1843,#1849,#1850));
#1835 = ORIENTED_EDGE('',*,*,#1836,.F.);
#1836 = EDGE_CURVE('',#1837,#1585,#1839,.T.);
#1837 = VERTEX_POINT('',#1838);
#1838 = CARTESIAN_POINT('',(0.95,-5.E-02,4.9));
#1839 = LINE('',#1840,#1841);
#1840 = CARTESIAN_POINT('',(0.95,-5.E-02,4.9));
#1841 = VECTOR('',#1842,1.);
#1842 = DIRECTION('',(-1.224646799147E-16,-1.,0.));
#1843 = ORIENTED_EDGE('',*,*,#1844,.T.);
#1844 = EDGE_CURVE('',#1837,#1758,#1845,.T.);
#1845 = LINE('',#1846,#1847);
#1846 = CARTESIAN_POINT('',(0.95,-5.E-02,4.9));
#1847 = VECTOR('',#1848,1.);
#1848 = DIRECTION('',(0.,0.,-1.));
#1849 = ORIENTED_EDGE('',*,*,#1765,.T.);
#1850 = ORIENTED_EDGE('',*,*,#1593,.F.);
#1851 = PLANE('',#1852);
#1852 = AXIS2_PLACEMENT_3D('',#1853,#1854,#1855);
#1853 = CARTESIAN_POINT('',(0.95,-5.E-02,4.9));
#1854 = DIRECTION('',(-1.,1.224646799147E-16,0.));
#1855 = DIRECTION('',(-1.224646799147E-16,-1.,0.));
#1856 = ADVANCED_FACE('',(#1857),#1867,.T.);
#1857 = FACE_BOUND('',#1858,.T.);
#1858 = EDGE_LOOP('',(#1859,#1865,#1866));
#1859 = ORIENTED_EDGE('',*,*,#1860,.F.);
#1860 = EDGE_CURVE('',#1577,#1837,#1861,.T.);
#1861 = LINE('',#1862,#1863);
#1862 = CARTESIAN_POINT('',(-4.05,-5.E-02,4.9));
#1863 = VECTOR('',#1864,1.);
#1864 = DIRECTION('',(1.,-5.723907721801E-17,0.));
#1865 = ORIENTED_EDGE('',*,*,#1584,.T.);
#1866 = ORIENTED_EDGE('',*,*,#1836,.F.);
#1867 = PLANE('',#1868);
#1868 = AXIS2_PLACEMENT_3D('',#1869,#1870,#1871);
#1869 = CARTESIAN_POINT('',(1.,-1.239108604125E-16,4.9));
#1870 = DIRECTION('',(0.,0.,1.));
#1871 = DIRECTION('',(-1.,1.224646799147E-16,0.));
#1872 = ADVANCED_FACE('',(#1873),#1891,.F.);
#1873 = FACE_BOUND('',#1874,.F.);
#1874 = EDGE_LOOP('',(#1875,#1883,#1884,#1885));
#1875 = ORIENTED_EDGE('',*,*,#1876,.F.);
#1876 = EDGE_CURVE('',#1534,#1877,#1879,.T.);
#1877 = VERTEX_POINT('',#1878);
#1878 = CARTESIAN_POINT('',(0.95,5.E-02,4.9));
#1879 = LINE('',#1880,#1881);
#1880 = CARTESIAN_POINT('',(0.95,5.05,4.9));
#1881 = VECTOR('',#1882,1.);
#1882 = DIRECTION('',(-1.224646799147E-16,-1.,0.));
#1883 = ORIENTED_EDGE('',*,*,#1533,.T.);
#1884 = ORIENTED_EDGE('',*,*,#1795,.T.);
#1885 = ORIENTED_EDGE('',*,*,#1886,.F.);
#1886 = EDGE_CURVE('',#1877,#1796,#1887,.T.);
#1887 = LINE('',#1888,#1889);
#1888 = CARTESIAN_POINT('',(0.95,5.E-02,4.9));
#1889 = VECTOR('',#1890,1.);
#1890 = DIRECTION('',(0.,0.,-1.));
#1891 = PLANE('',#1892);
#1892 = AXIS2_PLACEMENT_3D('',#1893,#1894,#1895);
#1893 = CARTESIAN_POINT('',(0.95,5.05,4.9));
#1894 = DIRECTION('',(-1.,1.224646799147E-16,0.));
#1895 = DIRECTION('',(-1.224646799147E-16,-1.,0.));
#1896 = ADVANCED_FACE('',(#1897),#1903,.F.);
#1897 = FACE_BOUND('',#1898,.F.);
#1898 = EDGE_LOOP('',(#1899,#1900,#1901,#1902));
#1899 = ORIENTED_EDGE('',*,*,#1860,.F.);
#1900 = ORIENTED_EDGE('',*,*,#1576,.T.);
#1901 = ORIENTED_EDGE('',*,*,#1757,.T.);
#1902 = ORIENTED_EDGE('',*,*,#1844,.F.);
#1903 = PLANE('',#1904);
#1904 = AXIS2_PLACEMENT_3D('',#1905,#1906,#1907);
#1905 = CARTESIAN_POINT('',(-4.05,-5.E-02,4.9));
#1906 = DIRECTION('',(-5.723907721801E-17,-1.,0.));
#1907 = DIRECTION('',(1.,-5.723907721801E-17,0.));
#1908 = ADVANCED_FACE('',(#1909),#1919,.T.);
#1909 = FACE_BOUND('',#1910,.T.);
#1910 = EDGE_LOOP('',(#1911,#1912,#1918));
#1911 = ORIENTED_EDGE('',*,*,#1541,.T.);
#1912 = ORIENTED_EDGE('',*,*,#1913,.F.);
#1913 = EDGE_CURVE('',#1877,#1542,#1914,.T.);
#1914 = LINE('',#1915,#1916);
#1915 = CARTESIAN_POINT('',(0.95,5.E-02,4.9));
#1916 = VECTOR('',#1917,1.);
#1917 = DIRECTION('',(-1.,1.224646799147E-16,0.));
#1918 = ORIENTED_EDGE('',*,*,#1876,.F.);
#1919 = PLANE('',#1920);
#1920 = AXIS2_PLACEMENT_3D('',#1921,#1922,#1923);
#1921 = CARTESIAN_POINT('',(1.,-1.239108604125E-16,4.9));
#1922 = DIRECTION('',(0.,0.,1.));
#1923 = DIRECTION('',(-1.,1.224646799147E-16,0.));
#1924 = ADVANCED_FACE('',(#1925),#1931,.F.);
#1925 = FACE_BOUND('',#1926,.F.);
#1926 = EDGE_LOOP('',(#1927,#1928,#1929,#1930));
#1927 = ORIENTED_EDGE('',*,*,#1913,.F.);
#1928 = ORIENTED_EDGE('',*,*,#1886,.T.);
#1929 = ORIENTED_EDGE('',*,*,#1803,.T.);
#1930 = ORIENTED_EDGE('',*,*,#1550,.F.);
#1931 = PLANE('',#1932);
#1932 = AXIS2_PLACEMENT_3D('',#1933,#1934,#1935);
#1933 = CARTESIAN_POINT('',(0.95,5.E-02,4.9));
#1934 = DIRECTION('',(1.224646799147E-16,1.,0.));
#1935 = DIRECTION('',(-1.,1.224646799147E-16,0.));
#1936 = ADVANCED_FACE('',(#1937),#1943,.F.);
#1937 = FACE_BOUND('',#1938,.F.);
#1938 = EDGE_LOOP('',(#1939,#1940,#1941,#1942));
#1939 = ORIENTED_EDGE('',*,*,#1743,.F.);
#1940 = ORIENTED_EDGE('',*,*,#1662,.T.);
#1941 = ORIENTED_EDGE('',*,*,#1780,.T.);
#1942 = ORIENTED_EDGE('',*,*,#1820,.F.);
#1943 = PLANE('',#1944);
#1944 = AXIS2_PLACEMENT_3D('',#1945,#1946,#1947);
#1945 = CARTESIAN_POINT('',(6.05,5.E-02,4.9));
#1946 = DIRECTION('',(1.224646799147E-16,1.,0.));
#1947 = DIRECTION('',(-1.,1.224646799147E-16,0.));
#1948 = ADVANCED_FACE('',(#1949),#1955,.F.);
#1949 = FACE_BOUND('',#1950,.F.);
#1950 = EDGE_LOOP('',(#1951,#1952,#1953,#1954));
#1951 = ORIENTED_EDGE('',*,*,#1695,.F.);
#1952 = ORIENTED_EDGE('',*,*,#1719,.T.);
#1953 = ORIENTED_EDGE('',*,*,#1773,.T.);
#1954 = ORIENTED_EDGE('',*,*,#1645,.F.);
#1955 = PLANE('',#1956);
#1956 = AXIS2_PLACEMENT_3D('',#1957,#1958,#1959);
#1957 = CARTESIAN_POINT('',(1.05,-5.E-02,4.9));
#1958 = DIRECTION('',(-1.224646799147E-16,-1.,0.));
#1959 = DIRECTION('',(1.,-1.224646799147E-16,0.));
#1960 = ORIENTED_CLOSED_SHELL('',*,#1961,.F.);
#1961 = CLOSED_SHELL('',(#1962,#1995,#2027,#2044,#2071));
#1962 = ADVANCED_FACE('',(#1963),#1990,.T.);
#1963 = FACE_BOUND('',#1964,.T.);
#1964 = EDGE_LOOP('',(#1965,#1976,#1984));
#1965 = ORIENTED_EDGE('',*,*,#1966,.T.);
#1966 = EDGE_CURVE('',#1967,#1969,#1971,.T.);
#1967 = VERTEX_POINT('',#1968);
#1968 = CARTESIAN_POINT('',(2.616789181895,0.669696006639,4.6));
#1969 = VERTEX_POINT('',#1970);
#1970 = CARTESIAN_POINT('',(2.616789181895,-0.669696006639,4.6));
#1971 = CIRCLE('',#1972,1.75);
#1972 = AXIS2_PLACEMENT_3D('',#1973,#1974,#1975);
#1973 = CARTESIAN_POINT('',(1.,0.,4.6));
#1974 = DIRECTION('',(0.,0.,-1.));
#1975 = DIRECTION('',(0.923879532511,0.382683432365,0.));
#1976 = ORIENTED_EDGE('',*,*,#1977,.T.);
#1977 = EDGE_CURVE('',#1969,#1978,#1980,.T.);
#1978 = VERTEX_POINT('',#1979);
#1979 = CARTESIAN_POINT('',(1.,0.,4.6));
#1980 = LINE('',#1981,#1982);
#1981 = CARTESIAN_POINT('',(2.616789181895,-0.669696006639,4.6));
#1982 = VECTOR('',#1983,1.);
#1983 = DIRECTION('',(-0.923879532511,0.382683432365,0.));
#1984 = ORIENTED_EDGE('',*,*,#1985,.F.);
#1985 = EDGE_CURVE('',#1967,#1978,#1986,.T.);
#1986 = LINE('',#1987,#1988);
#1987 = CARTESIAN_POINT('',(2.616789181895,0.669696006639,4.6));
#1988 = VECTOR('',#1989,1.);
#1989 = DIRECTION('',(-0.923879532511,-0.382683432365,0.));
#1990 = PLANE('',#1991);
#1991 = AXIS2_PLACEMENT_3D('',#1992,#1993,#1994);
#1992 = CARTESIAN_POINT('',(1.,0.,4.6));
#1993 = DIRECTION('',(0.,0.,-1.));
#1994 = DIRECTION('',(0.923879532511,0.382683432365,0.));
#1995 = ADVANCED_FACE('',(#1996),#2022,.T.);
#1996 = FACE_BOUND('',#1997,.T.);
#1997 = EDGE_LOOP('',(#1998,#2006,#2015,#2021));
#1998 = ORIENTED_EDGE('',*,*,#1999,.F.);
#1999 = EDGE_CURVE('',#2000,#1967,#2002,.T.);
#2000 = VERTEX_POINT('',#2001);
#2001 = CARTESIAN_POINT('',(2.616789181895,0.669696006639,4.7));
#2002 = LINE('',#2003,#2004);
#2003 = CARTESIAN_POINT('',(2.616789181895,0.669696006639,5.));
#2004 = VECTOR('',#2005,1.);
#2005 = DIRECTION('',(0.,0.,-1.));
#2006 = ORIENTED_EDGE('',*,*,#2007,.F.);
#2007 = EDGE_CURVE('',#2008,#2000,#2010,.T.);
#2008 = VERTEX_POINT('',#2009);
#2009 = CARTESIAN_POINT('',(2.616789181895,-0.669696006639,4.7));
#2010 = CIRCLE('',#2011,1.75);
#2011 = AXIS2_PLACEMENT_3D('',#2012,#2013,#2014);
#2012 = CARTESIAN_POINT('',(1.,0.,4.7));
#2013 = DIRECTION('',(0.,0.,1.));
#2014 = DIRECTION('',(-1.,1.224646799147E-16,0.));
#2015 = ORIENTED_EDGE('',*,*,#2016,.T.);
#2016 = EDGE_CURVE('',#2008,#1969,#2017,.T.);
#2017 = LINE('',#2018,#2019);
#2018 = CARTESIAN_POINT('',(2.616789181895,-0.669696006639,5.));
#2019 = VECTOR('',#2020,1.);
#2020 = DIRECTION('',(0.,0.,-1.));
#2021 = ORIENTED_EDGE('',*,*,#1966,.F.);
#2022 = CYLINDRICAL_SURFACE('',#2023,1.75);
#2023 = AXIS2_PLACEMENT_3D('',#2024,#2025,#2026);
#2024 = CARTESIAN_POINT('',(1.,0.,5.));
#2025 = DIRECTION('',(0.,0.,-1.));
#2026 = DIRECTION('',(0.923879532511,0.382683432365,0.));
#2027 = ADVANCED_FACE('',(#2028),#2039,.T.);
#2028 = FACE_BOUND('',#2029,.T.);
#2029 = EDGE_LOOP('',(#2030,#2037,#2038));
#2030 = ORIENTED_EDGE('',*,*,#2031,.T.);
#2031 = EDGE_CURVE('',#1969,#1967,#2032,.T.);
#2032 = CIRCLE('',#2033,1.75);
#2033 = AXIS2_PLACEMENT_3D('',#2034,#2035,#2036);
#2034 = CARTESIAN_POINT('',(1.,0.,4.6));
#2035 = DIRECTION('',(0.,-0.,-1.));
#2036 = DIRECTION('',(0.923879532511,-0.382683432365,0.));
#2037 = ORIENTED_EDGE('',*,*,#1985,.T.);
#2038 = ORIENTED_EDGE('',*,*,#1977,.F.);
#2039 = PLANE('',#2040);
#2040 = AXIS2_PLACEMENT_3D('',#2041,#2042,#2043);
#2041 = CARTESIAN_POINT('',(1.,0.,4.6));
#2042 = DIRECTION('',(0.,0.,-1.));
#2043 = DIRECTION('',(0.923879532511,-0.382683432365,0.));
#2044 = ADVANCED_FACE('',(#2045),#2066,.T.);
#2045 = FACE_BOUND('',#2046,.T.);
#2046 = EDGE_LOOP('',(#2047,#2048,#2057,#2064,#2065));
#2047 = ORIENTED_EDGE('',*,*,#2016,.F.);
#2048 = ORIENTED_EDGE('',*,*,#2049,.F.);
#2049 = EDGE_CURVE('',#2050,#2008,#2052,.T.);
#2050 = VERTEX_POINT('',#2051);
#2051 = CARTESIAN_POINT('',(-0.75,2.143131898508E-16,4.7));
#2052 = CIRCLE('',#2053,1.75);
#2053 = AXIS2_PLACEMENT_3D('',#2054,#2055,#2056);
#2054 = CARTESIAN_POINT('',(1.,0.,4.7));
#2055 = DIRECTION('',(0.,0.,1.));
#2056 = DIRECTION('',(-1.,1.224646799147E-16,0.));
#2057 = ORIENTED_EDGE('',*,*,#2058,.F.);
#2058 = EDGE_CURVE('',#2000,#2050,#2059,.T.);
#2059 = CIRCLE('',#2060,1.75);
#2060 = AXIS2_PLACEMENT_3D('',#2061,#2062,#2063);
#2061 = CARTESIAN_POINT('',(1.,0.,4.7));
#2062 = DIRECTION('',(0.,0.,1.));
#2063 = DIRECTION('',(-1.,1.224646799147E-16,0.));
#2064 = ORIENTED_EDGE('',*,*,#1999,.T.);
#2065 = ORIENTED_EDGE('',*,*,#2031,.F.);
#2066 = CYLINDRICAL_SURFACE('',#2067,1.75);
#2067 = AXIS2_PLACEMENT_3D('',#2068,#2069,#2070);
#2068 = CARTESIAN_POINT('',(1.,0.,5.));
#2069 = DIRECTION('',(0.,0.,-1.));
#2070 = DIRECTION('',(0.923879532511,-0.382683432365,0.));
#2071 = ADVANCED_FACE('',(#2072),#2077,.T.);
#2072 = FACE_BOUND('',#2073,.T.);
#2073 = EDGE_LOOP('',(#2074,#2075,#2076));
#2074 = ORIENTED_EDGE('',*,*,#2049,.T.);
#2075 = ORIENTED_EDGE('',*,*,#2007,.T.);
#2076 = ORIENTED_EDGE('',*,*,#2058,.T.);
#2077 = PLANE('',#2078);
#2078 = AXIS2_PLACEMENT_3D('',#2079,#2080,#2081);
#2079 = CARTESIAN_POINT('',(1.,-1.239108604125E-16,4.7));
#2080 = DIRECTION('',(0.,0.,1.));
#2081 = DIRECTION('',(-1.,1.224646799147E-16,0.));
#2082 = ( GEOMETRIC_REPRESENTATION_CONTEXT(3) 
GLOBAL_UNCERTAINTY_ASSIGNED_CONTEXT((#2086)) 
GLOBAL_UNIT_ASSIGNED_CONTEXT((#2083,#2084,#2085)) REPRESENTATION_CONTEXT
('Context #1','3D Context with UNIT and UNCERTAINTY') );
#2083 = ( LENGTH_UNIT() NAMED_UNIT(*) SI_UNIT(.MILLI.,.METRE.) );
#2084 = ( NAMED_UNIT(*) PLANE_ANGLE_UNIT() SI_UNIT($,.RADIAN.) );
#2085 = ( NAMED_UNIT(*) SI_UNIT($,.STERADIAN.) SOLID_ANGLE_UNIT() );
#2086 = UNCERTAINTY_MEASURE_WITH_UNIT(LENGTH_MEASURE(2.E-06),#2083,
  'distance_accuracy_value','confusion accuracy');
#2087 = SHAPE_DEFINITION_REPRESENTATION(#2088,#41);
#2088 = PRODUCT_DEFINITION_SHAPE('','',#2089);
#2089 = PRODUCT_DEFINITION('design','',#2090,#2093);
#2090 = PRODUCT_DEFINITION_FORMATION('','',#2091);
#2091 = PRODUCT('CP_Radial_D5.0mm_P2.00mm','CP_Radial_D5.0mm_P2.00mm',''
  ,(#2092));
#2092 = PRODUCT_CONTEXT('',#2,'mechanical');
#2093 = PRODUCT_DEFINITION_CONTEXT('part definition',#2,'design');
#2094 = CONTEXT_DEPENDENT_SHAPE_REPRESENTATION(#2095,#2097);
#2095 = ( REPRESENTATION_RELATIONSHIP('','',#41,#10) 
REPRESENTATION_RELATIONSHIP_WITH_TRANSFORMATION(#2096) 
SHAPE_REPRESENTATION_RELATIONSHIP() );
#2096 = ITEM_DEFINED_TRANSFORMATION('','',#11,#15);
#2097 = PRODUCT_DEFINITION_SHAPE('Placement','Placement of an item',
  #2098);
#2098 = NEXT_ASSEMBLY_USAGE_OCCURRENCE('1','','',#5,#2089,$);
#2099 = PRODUCT_RELATED_PRODUCT_CATEGORY('part',$,(#2091));
#2100 = ADVANCED_BREP_SHAPE_REPRESENTATION('',(#11,#2101),#2526);
#2101 = MANIFOLD_SOLID_BREP('',#2102);
#2102 = CLOSED_SHELL('',(#2103,#2130,#2155,#2183,#2215,#2232,#2310,#2341
    ,#2365,#2389,#2406,#2437,#2461,#2485,#2502,#2514));
#2103 = ADVANCED_FACE('',(#2104),#2125,.T.);
#2104 = FACE_BOUND('',#2105,.T.);
#2105 = EDGE_LOOP('',(#2106,#2117,#2118));
#2106 = ORIENTED_EDGE('',*,*,#2107,.T.);
#2107 = EDGE_CURVE('',#2108,#2110,#2112,.T.);
#2108 = VERTEX_POINT('',#2109);
#2109 = CARTESIAN_POINT('',(3.72,6.095124405192E-15,9.15));
#2110 = VERTEX_POINT('',#2111);
#2111 = CARTESIAN_POINT('',(1.27,7.727152251391E-15,11.6));
#2112 = CIRCLE('',#2113,2.45);
#2113 = AXIS2_PLACEMENT_3D('',#2114,#2115,#2116);
#2114 = CARTESIAN_POINT('',(1.27,6.095124405192E-15,9.15));
#2115 = DIRECTION('',(0.,-1.,6.661338147751E-16));
#2116 = DIRECTION('',(1.,0.,0.));
#2117 = ORIENTED_EDGE('',*,*,#2107,.F.);
#2118 = ORIENTED_EDGE('',*,*,#2119,.F.);
#2119 = EDGE_CURVE('',#2108,#2108,#2120,.T.);
#2120 = CIRCLE('',#2121,2.45);
#2121 = AXIS2_PLACEMENT_3D('',#2122,#2123,#2124);
#2122 = CARTESIAN_POINT('',(1.27,4.063416270128E-15,9.15));
#2123 = DIRECTION('',(-4.379057701015E-47,-4.440892098501E-16,-1.));
#2124 = DIRECTION('',(1.,8.292686265567E-16,-3.68269249121E-31));
#2125 = SPHERICAL_SURFACE('',#2126,2.45);
#2126 = AXIS2_PLACEMENT_3D('',#2127,#2128,#2129);
#2127 = CARTESIAN_POINT('',(1.27,6.095124405192E-15,9.15));
#2128 = DIRECTION('',(0.,4.440892098501E-16,1.));
#2129 = DIRECTION('',(1.,1.394807543452E-15,-6.194189798646E-31));
#2130 = ADVANCED_FACE('',(#2131),#2150,.T.);
#2131 = FACE_BOUND('',#2132,.T.);
#2132 = EDGE_LOOP('',(#2133,#2141,#2142,#2143));
#2133 = ORIENTED_EDGE('',*,*,#2134,.F.);
#2134 = EDGE_CURVE('',#2108,#2135,#2137,.T.);
#2135 = VERTEX_POINT('',#2136);
#2136 = CARTESIAN_POINT('',(3.72,2.6645352591E-15,4.));
#2137 = LINE('',#2138,#2139);
#2138 = CARTESIAN_POINT('',(3.72,6.095124405192E-15,9.15));
#2139 = VECTOR('',#2140,1.);
#2140 = DIRECTION('',(0.,-6.661338147751E-16,-1.));
#2141 = ORIENTED_EDGE('',*,*,#2119,.T.);
#2142 = ORIENTED_EDGE('',*,*,#2134,.T.);
#2143 = ORIENTED_EDGE('',*,*,#2144,.F.);
#2144 = EDGE_CURVE('',#2135,#2135,#2145,.T.);
#2145 = CIRCLE('',#2146,2.45);
#2146 = AXIS2_PLACEMENT_3D('',#2147,#2148,#2149);
#2147 = CARTESIAN_POINT('',(1.27,1.7763568394E-15,4.));
#2148 = DIRECTION('',(-2.189528850508E-47,-4.440892098501E-16,-1.));
#2149 = DIRECTION('',(1.,3.625218039592E-16,-1.609920214737E-31));
#2150 = CYLINDRICAL_SURFACE('',#2151,2.45);
#2151 = AXIS2_PLACEMENT_3D('',#2152,#2153,#2154);
#2152 = CARTESIAN_POINT('',(1.27,4.063416270128E-15,9.15));
#2153 = DIRECTION('',(0.,-4.440892098501E-16,-1.));
#2154 = DIRECTION('',(1.,8.292686265567E-16,-3.68269249121E-31));
#2155 = ADVANCED_FACE('',(#2156,#2175),#2178,.F.);
#2156 = FACE_BOUND('',#2157,.F.);
#2157 = EDGE_LOOP('',(#2158,#2169));
#2158 = ORIENTED_EDGE('',*,*,#2159,.F.);
#2159 = EDGE_CURVE('',#2160,#2162,#2164,.T.);
#2160 = VERTEX_POINT('',#2161);
#2161 = CARTESIAN_POINT('',(-1.229999999999,-1.46969384567,4.));
#2162 = VERTEX_POINT('',#2163);
#2163 = CARTESIAN_POINT('',(-1.23,1.469693845669,4.));
#2164 = CIRCLE('',#2165,2.9);
#2165 = AXIS2_PLACEMENT_3D('',#2166,#2167,#2168);
#2166 = CARTESIAN_POINT('',(1.27,0.,4.));
#2167 = DIRECTION('',(0.,0.,1.));
#2168 = DIRECTION('',(1.,0.,-0.));
#2169 = ORIENTED_EDGE('',*,*,#2170,.T.);
#2170 = EDGE_CURVE('',#2160,#2162,#2171,.T.);
#2171 = LINE('',#2172,#2173);
#2172 = CARTESIAN_POINT('',(-1.229999999999,-1.46969384567,4.));
#2173 = VECTOR('',#2174,1.);
#2174 = DIRECTION('',(0.,1.,0.));
#2175 = FACE_BOUND('',#2176,.F.);
#2176 = EDGE_LOOP('',(#2177));
#2177 = ORIENTED_EDGE('',*,*,#2144,.F.);
#2178 = PLANE('',#2179);
#2179 = AXIS2_PLACEMENT_3D('',#2180,#2181,#2182);
#2180 = CARTESIAN_POINT('',(-1.229999999999,-1.469693845671,4.));
#2181 = DIRECTION('',(0.,0.,-1.));
#2182 = DIRECTION('',(-1.,0.,0.));
#2183 = ADVANCED_FACE('',(#2184),#2210,.T.);
#2184 = FACE_BOUND('',#2185,.T.);
#2185 = EDGE_LOOP('',(#2186,#2197,#2203,#2204));
#2186 = ORIENTED_EDGE('',*,*,#2187,.T.);
#2187 = EDGE_CURVE('',#2188,#2190,#2192,.T.);
#2188 = VERTEX_POINT('',#2189);
#2189 = CARTESIAN_POINT('',(-1.229999999999,-1.46969384567,3.));
#2190 = VERTEX_POINT('',#2191);
#2191 = CARTESIAN_POINT('',(-1.23,1.469693845669,3.));
#2192 = CIRCLE('',#2193,2.9);
#2193 = AXIS2_PLACEMENT_3D('',#2194,#2195,#2196);
#2194 = CARTESIAN_POINT('',(1.27,0.,3.));
#2195 = DIRECTION('',(0.,0.,1.));
#2196 = DIRECTION('',(1.,0.,-0.));
#2197 = ORIENTED_EDGE('',*,*,#2198,.T.);
#2198 = EDGE_CURVE('',#2190,#2162,#2199,.T.);
#2199 = LINE('',#2200,#2201);
#2200 = CARTESIAN_POINT('',(-1.23,1.469693845669,3.));
#2201 = VECTOR('',#2202,1.);
#2202 = DIRECTION('',(0.,0.,1.));
#2203 = ORIENTED_EDGE('',*,*,#2159,.F.);
#2204 = ORIENTED_EDGE('',*,*,#2205,.F.);
#2205 = EDGE_CURVE('',#2188,#2160,#2206,.T.);
#2206 = LINE('',#2207,#2208);
#2207 = CARTESIAN_POINT('',(-1.229999999999,-1.46969384567,3.));
#2208 = VECTOR('',#2209,1.);
#2209 = DIRECTION('',(0.,0.,1.));
#2210 = CYLINDRICAL_SURFACE('',#2211,2.9);
#2211 = AXIS2_PLACEMENT_3D('',#2212,#2213,#2214);
#2212 = CARTESIAN_POINT('',(1.27,0.,3.));
#2213 = DIRECTION('',(-0.,-0.,-1.));
#2214 = DIRECTION('',(1.,0.,0.));
#2215 = ADVANCED_FACE('',(#2216),#2227,.T.);
#2216 = FACE_BOUND('',#2217,.T.);
#2217 = EDGE_LOOP('',(#2218,#2219,#2220,#2221));
#2218 = ORIENTED_EDGE('',*,*,#2205,.T.);
#2219 = ORIENTED_EDGE('',*,*,#2170,.T.);
#2220 = ORIENTED_EDGE('',*,*,#2198,.F.);
#2221 = ORIENTED_EDGE('',*,*,#2222,.F.);
#2222 = EDGE_CURVE('',#2188,#2190,#2223,.T.);
#2223 = LINE('',#2224,#2225);
#2224 = CARTESIAN_POINT('',(-1.229999999999,-1.46969384567,3.));
#2225 = VECTOR('',#2226,1.);
#2226 = DIRECTION('',(0.,1.,0.));
#2227 = PLANE('',#2228);
#2228 = AXIS2_PLACEMENT_3D('',#2229,#2230,#2231);
#2229 = CARTESIAN_POINT('',(-1.229999999999,-1.46969384567,3.));
#2230 = DIRECTION('',(-1.,0.,0.));
#2231 = DIRECTION('',(0.,1.,0.));
#2232 = ADVANCED_FACE('',(#2233,#2237,#2271),#2305,.T.);
#2233 = FACE_BOUND('',#2234,.T.);
#2234 = EDGE_LOOP('',(#2235,#2236));
#2235 = ORIENTED_EDGE('',*,*,#2187,.F.);
#2236 = ORIENTED_EDGE('',*,*,#2222,.T.);
#2237 = FACE_BOUND('',#2238,.T.);
#2238 = EDGE_LOOP('',(#2239,#2249,#2257,#2265));
#2239 = ORIENTED_EDGE('',*,*,#2240,.T.);
#2240 = EDGE_CURVE('',#2241,#2243,#2245,.T.);
#2241 = VERTEX_POINT('',#2242);
#2242 = CARTESIAN_POINT('',(-0.2,-0.2,3.));
#2243 = VERTEX_POINT('',#2244);
#2244 = CARTESIAN_POINT('',(0.2,-0.2,3.));
#2245 = LINE('',#2246,#2247);
#2246 = CARTESIAN_POINT('',(-0.515,-0.2,3.));
#2247 = VECTOR('',#2248,1.);
#2248 = DIRECTION('',(1.,0.,0.));
#2249 = ORIENTED_EDGE('',*,*,#2250,.T.);
#2250 = EDGE_CURVE('',#2243,#2251,#2253,.T.);
#2251 = VERTEX_POINT('',#2252);
#2252 = CARTESIAN_POINT('',(0.2,0.2,3.));
#2253 = LINE('',#2254,#2255);
#2254 = CARTESIAN_POINT('',(0.2,-0.634846922835,3.));
#2255 = VECTOR('',#2256,1.);
#2256 = DIRECTION('',(0.,1.,0.));
#2257 = ORIENTED_EDGE('',*,*,#2258,.T.);
#2258 = EDGE_CURVE('',#2251,#2259,#2261,.T.);
#2259 = VERTEX_POINT('',#2260);
#2260 = CARTESIAN_POINT('',(-0.2,0.2,3.));
#2261 = LINE('',#2262,#2263);
#2262 = CARTESIAN_POINT('',(-0.715,0.2,3.));
#2263 = VECTOR('',#2264,1.);
#2264 = DIRECTION('',(-1.,-0.,-0.));
#2265 = ORIENTED_EDGE('',*,*,#2266,.T.);
#2266 = EDGE_CURVE('',#2259,#2241,#2267,.T.);
#2267 = LINE('',#2268,#2269);
#2268 = CARTESIAN_POINT('',(-0.2,-0.834846922835,3.));
#2269 = VECTOR('',#2270,1.);
#2270 = DIRECTION('',(0.,-1.,0.));
#2271 = FACE_BOUND('',#2272,.T.);
#2272 = EDGE_LOOP('',(#2273,#2283,#2291,#2299));
#2273 = ORIENTED_EDGE('',*,*,#2274,.T.);
#2274 = EDGE_CURVE('',#2275,#2277,#2279,.T.);
#2275 = VERTEX_POINT('',#2276);
#2276 = CARTESIAN_POINT('',(2.34,0.2,3.));
#2277 = VERTEX_POINT('',#2278);
#2278 = CARTESIAN_POINT('',(2.34,-0.2,3.));
#2279 = LINE('',#2280,#2281);
#2280 = CARTESIAN_POINT('',(2.34,-0.834846922835,3.));
#2281 = VECTOR('',#2282,1.);
#2282 = DIRECTION('',(0.,-1.,0.));
#2283 = ORIENTED_EDGE('',*,*,#2284,.T.);
#2284 = EDGE_CURVE('',#2277,#2285,#2287,.T.);
#2285 = VERTEX_POINT('',#2286);
#2286 = CARTESIAN_POINT('',(2.74,-0.2,3.));
#2287 = LINE('',#2288,#2289);
#2288 = CARTESIAN_POINT('',(0.755,-0.2,3.));
#2289 = VECTOR('',#2290,1.);
#2290 = DIRECTION('',(1.,0.,0.));
#2291 = ORIENTED_EDGE('',*,*,#2292,.T.);
#2292 = EDGE_CURVE('',#2285,#2293,#2295,.T.);
#2293 = VERTEX_POINT('',#2294);
#2294 = CARTESIAN_POINT('',(2.74,0.2,3.));
#2295 = LINE('',#2296,#2297);
#2296 = CARTESIAN_POINT('',(2.74,-0.634846922835,3.));
#2297 = VECTOR('',#2298,1.);
#2298 = DIRECTION('',(0.,1.,0.));
#2299 = ORIENTED_EDGE('',*,*,#2300,.T.);
#2300 = EDGE_CURVE('',#2293,#2275,#2301,.T.);
#2301 = LINE('',#2302,#2303);
#2302 = CARTESIAN_POINT('',(0.555,0.2,3.));
#2303 = VECTOR('',#2304,1.);
#2304 = DIRECTION('',(-1.,-0.,-0.));
#2305 = PLANE('',#2306);
#2306 = AXIS2_PLACEMENT_3D('',#2307,#2308,#2309);
#2307 = CARTESIAN_POINT('',(-1.229999999999,-1.469693845671,3.));
#2308 = DIRECTION('',(0.,0.,-1.));
#2309 = DIRECTION('',(-1.,0.,0.));
#2310 = ADVANCED_FACE('',(#2311),#2336,.F.);
#2311 = FACE_BOUND('',#2312,.F.);
#2312 = EDGE_LOOP('',(#2313,#2314,#2322,#2330));
#2313 = ORIENTED_EDGE('',*,*,#2240,.T.);
#2314 = ORIENTED_EDGE('',*,*,#2315,.T.);
#2315 = EDGE_CURVE('',#2243,#2316,#2318,.T.);
#2316 = VERTEX_POINT('',#2317);
#2317 = CARTESIAN_POINT('',(0.2,-0.2,-2.5));
#2318 = LINE('',#2319,#2320);
#2319 = CARTESIAN_POINT('',(0.2,-0.2,3.5));
#2320 = VECTOR('',#2321,1.);
#2321 = DIRECTION('',(-0.,-0.,-1.));
#2322 = ORIENTED_EDGE('',*,*,#2323,.T.);
#2323 = EDGE_CURVE('',#2316,#2324,#2326,.T.);
#2324 = VERTEX_POINT('',#2325);
#2325 = CARTESIAN_POINT('',(-0.2,-0.2,-2.5));
#2326 = LINE('',#2327,#2328);
#2327 = CARTESIAN_POINT('',(0.2,-0.2,-2.5));
#2328 = VECTOR('',#2329,1.);
#2329 = DIRECTION('',(-1.,0.,0.));
#2330 = ORIENTED_EDGE('',*,*,#2331,.F.);
#2331 = EDGE_CURVE('',#2241,#2324,#2332,.T.);
#2332 = LINE('',#2333,#2334);
#2333 = CARTESIAN_POINT('',(-0.2,-0.2,3.5));
#2334 = VECTOR('',#2335,1.);
#2335 = DIRECTION('',(-0.,-0.,-1.));
#2336 = PLANE('',#2337);
#2337 = AXIS2_PLACEMENT_3D('',#2338,#2339,#2340);
#2338 = CARTESIAN_POINT('',(0.2,-0.2,3.5));
#2339 = DIRECTION('',(0.,1.,0.));
#2340 = DIRECTION('',(-1.,0.,0.));
#2341 = ADVANCED_FACE('',(#2342),#2360,.F.);
#2342 = FACE_BOUND('',#2343,.F.);
#2343 = EDGE_LOOP('',(#2344,#2345,#2346,#2354));
#2344 = ORIENTED_EDGE('',*,*,#2266,.T.);
#2345 = ORIENTED_EDGE('',*,*,#2331,.T.);
#2346 = ORIENTED_EDGE('',*,*,#2347,.T.);
#2347 = EDGE_CURVE('',#2324,#2348,#2350,.T.);
#2348 = VERTEX_POINT('',#2349);
#2349 = CARTESIAN_POINT('',(-0.2,0.2,-2.5));
#2350 = LINE('',#2351,#2352);
#2351 = CARTESIAN_POINT('',(-0.2,-0.2,-2.5));
#2352 = VECTOR('',#2353,1.);
#2353 = DIRECTION('',(0.,1.,0.));
#2354 = ORIENTED_EDGE('',*,*,#2355,.F.);
#2355 = EDGE_CURVE('',#2259,#2348,#2356,.T.);
#2356 = LINE('',#2357,#2358);
#2357 = CARTESIAN_POINT('',(-0.2,0.2,3.5));
#2358 = VECTOR('',#2359,1.);
#2359 = DIRECTION('',(-0.,-0.,-1.));
#2360 = PLANE('',#2361);
#2361 = AXIS2_PLACEMENT_3D('',#2362,#2363,#2364);
#2362 = CARTESIAN_POINT('',(-0.2,-0.2,3.5));
#2363 = DIRECTION('',(1.,0.,0.));
#2364 = DIRECTION('',(-0.,1.,0.));
#2365 = ADVANCED_FACE('',(#2366),#2384,.F.);
#2366 = FACE_BOUND('',#2367,.F.);
#2367 = EDGE_LOOP('',(#2368,#2369,#2370,#2378));
#2368 = ORIENTED_EDGE('',*,*,#2258,.T.);
#2369 = ORIENTED_EDGE('',*,*,#2355,.T.);
#2370 = ORIENTED_EDGE('',*,*,#2371,.T.);
#2371 = EDGE_CURVE('',#2348,#2372,#2374,.T.);
#2372 = VERTEX_POINT('',#2373);
#2373 = CARTESIAN_POINT('',(0.2,0.2,-2.5));
#2374 = LINE('',#2375,#2376);
#2375 = CARTESIAN_POINT('',(-0.2,0.2,-2.5));
#2376 = VECTOR('',#2377,1.);
#2377 = DIRECTION('',(1.,0.,0.));
#2378 = ORIENTED_EDGE('',*,*,#2379,.F.);
#2379 = EDGE_CURVE('',#2251,#2372,#2380,.T.);
#2380 = LINE('',#2381,#2382);
#2381 = CARTESIAN_POINT('',(0.2,0.2,3.5));
#2382 = VECTOR('',#2383,1.);
#2383 = DIRECTION('',(-0.,-0.,-1.));
#2384 = PLANE('',#2385);
#2385 = AXIS2_PLACEMENT_3D('',#2386,#2387,#2388);
#2386 = CARTESIAN_POINT('',(-0.2,0.2,3.5));
#2387 = DIRECTION('',(0.,-1.,0.));
#2388 = DIRECTION('',(1.,0.,0.));
#2389 = ADVANCED_FACE('',(#2390),#2401,.F.);
#2390 = FACE_BOUND('',#2391,.F.);
#2391 = EDGE_LOOP('',(#2392,#2393,#2394,#2400));
#2392 = ORIENTED_EDGE('',*,*,#2250,.T.);
#2393 = ORIENTED_EDGE('',*,*,#2379,.T.);
#2394 = ORIENTED_EDGE('',*,*,#2395,.T.);
#2395 = EDGE_CURVE('',#2372,#2316,#2396,.T.);
#2396 = LINE('',#2397,#2398);
#2397 = CARTESIAN_POINT('',(0.2,0.2,-2.5));
#2398 = VECTOR('',#2399,1.);
#2399 = DIRECTION('',(0.,-1.,0.));
#2400 = ORIENTED_EDGE('',*,*,#2315,.F.);
#2401 = PLANE('',#2402);
#2402 = AXIS2_PLACEMENT_3D('',#2403,#2404,#2405);
#2403 = CARTESIAN_POINT('',(0.2,0.2,3.5));
#2404 = DIRECTION('',(-1.,0.,0.));
#2405 = DIRECTION('',(0.,-1.,0.));
#2406 = ADVANCED_FACE('',(#2407),#2432,.F.);
#2407 = FACE_BOUND('',#2408,.F.);
#2408 = EDGE_LOOP('',(#2409,#2410,#2418,#2426));
#2409 = ORIENTED_EDGE('',*,*,#2274,.T.);
#2410 = ORIENTED_EDGE('',*,*,#2411,.T.);
#2411 = EDGE_CURVE('',#2277,#2412,#2414,.T.);
#2412 = VERTEX_POINT('',#2413);
#2413 = CARTESIAN_POINT('',(2.34,-0.2,-2.5));
#2414 = LINE('',#2415,#2416);
#2415 = CARTESIAN_POINT('',(2.34,-0.2,3.5));
#2416 = VECTOR('',#2417,1.);
#2417 = DIRECTION('',(-0.,-0.,-1.));
#2418 = ORIENTED_EDGE('',*,*,#2419,.T.);
#2419 = EDGE_CURVE('',#2412,#2420,#2422,.T.);
#2420 = VERTEX_POINT('',#2421);
#2421 = CARTESIAN_POINT('',(2.34,0.2,-2.5));
#2422 = LINE('',#2423,#2424);
#2423 = CARTESIAN_POINT('',(2.34,-0.2,-2.5));
#2424 = VECTOR('',#2425,1.);
#2425 = DIRECTION('',(0.,1.,0.));
#2426 = ORIENTED_EDGE('',*,*,#2427,.F.);
#2427 = EDGE_CURVE('',#2275,#2420,#2428,.T.);
#2428 = LINE('',#2429,#2430);
#2429 = CARTESIAN_POINT('',(2.34,0.2,3.5));
#2430 = VECTOR('',#2431,1.);
#2431 = DIRECTION('',(-0.,-0.,-1.));
#2432 = PLANE('',#2433);
#2433 = AXIS2_PLACEMENT_3D('',#2434,#2435,#2436);
#2434 = CARTESIAN_POINT('',(2.34,-0.2,3.5));
#2435 = DIRECTION('',(1.,0.,0.));
#2436 = DIRECTION('',(-0.,1.,0.));
#2437 = ADVANCED_FACE('',(#2438),#2456,.F.);
#2438 = FACE_BOUND('',#2439,.F.);
#2439 = EDGE_LOOP('',(#2440,#2441,#2442,#2450));
#2440 = ORIENTED_EDGE('',*,*,#2300,.T.);
#2441 = ORIENTED_EDGE('',*,*,#2427,.T.);
#2442 = ORIENTED_EDGE('',*,*,#2443,.T.);
#2443 = EDGE_CURVE('',#2420,#2444,#2446,.T.);
#2444 = VERTEX_POINT('',#2445);
#2445 = CARTESIAN_POINT('',(2.74,0.2,-2.5));
#2446 = LINE('',#2447,#2448);
#2447 = CARTESIAN_POINT('',(2.34,0.2,-2.5));
#2448 = VECTOR('',#2449,1.);
#2449 = DIRECTION('',(1.,0.,0.));
#2450 = ORIENTED_EDGE('',*,*,#2451,.F.);
#2451 = EDGE_CURVE('',#2293,#2444,#2452,.T.);
#2452 = LINE('',#2453,#2454);
#2453 = CARTESIAN_POINT('',(2.74,0.2,3.5));
#2454 = VECTOR('',#2455,1.);
#2455 = DIRECTION('',(-0.,-0.,-1.));
#2456 = PLANE('',#2457);
#2457 = AXIS2_PLACEMENT_3D('',#2458,#2459,#2460);
#2458 = CARTESIAN_POINT('',(2.34,0.2,3.5));
#2459 = DIRECTION('',(0.,-1.,0.));
#2460 = DIRECTION('',(1.,0.,0.));
#2461 = ADVANCED_FACE('',(#2462),#2480,.F.);
#2462 = FACE_BOUND('',#2463,.F.);
#2463 = EDGE_LOOP('',(#2464,#2465,#2466,#2474));
#2464 = ORIENTED_EDGE('',*,*,#2292,.T.);
#2465 = ORIENTED_EDGE('',*,*,#2451,.T.);
#2466 = ORIENTED_EDGE('',*,*,#2467,.T.);
#2467 = EDGE_CURVE('',#2444,#2468,#2470,.T.);
#2468 = VERTEX_POINT('',#2469);
#2469 = CARTESIAN_POINT('',(2.74,-0.2,-2.5));
#2470 = LINE('',#2471,#2472);
#2471 = CARTESIAN_POINT('',(2.74,0.2,-2.5));
#2472 = VECTOR('',#2473,1.);
#2473 = DIRECTION('',(0.,-1.,0.));
#2474 = ORIENTED_EDGE('',*,*,#2475,.F.);
#2475 = EDGE_CURVE('',#2285,#2468,#2476,.T.);
#2476 = LINE('',#2477,#2478);
#2477 = CARTESIAN_POINT('',(2.74,-0.2,3.5));
#2478 = VECTOR('',#2479,1.);
#2479 = DIRECTION('',(-0.,-0.,-1.));
#2480 = PLANE('',#2481);
#2481 = AXIS2_PLACEMENT_3D('',#2482,#2483,#2484);
#2482 = CARTESIAN_POINT('',(2.74,0.2,3.5));
#2483 = DIRECTION('',(-1.,0.,0.));
#2484 = DIRECTION('',(0.,-1.,0.));
#2485 = ADVANCED_FACE('',(#2486),#2497,.F.);
#2486 = FACE_BOUND('',#2487,.F.);
#2487 = EDGE_LOOP('',(#2488,#2489,#2490,#2496));
#2488 = ORIENTED_EDGE('',*,*,#2284,.T.);
#2489 = ORIENTED_EDGE('',*,*,#2475,.T.);
#2490 = ORIENTED_EDGE('',*,*,#2491,.T.);
#2491 = EDGE_CURVE('',#2468,#2412,#2492,.T.);
#2492 = LINE('',#2493,#2494);
#2493 = CARTESIAN_POINT('',(2.74,-0.2,-2.5));
#2494 = VECTOR('',#2495,1.);
#2495 = DIRECTION('',(-1.,0.,0.));
#2496 = ORIENTED_EDGE('',*,*,#2411,.F.);
#2497 = PLANE('',#2498);
#2498 = AXIS2_PLACEMENT_3D('',#2499,#2500,#2501);
#2499 = CARTESIAN_POINT('',(2.74,-0.2,3.5));
#2500 = DIRECTION('',(0.,1.,0.));
#2501 = DIRECTION('',(-1.,0.,0.));
#2502 = ADVANCED_FACE('',(#2503),#2509,.F.);
#2503 = FACE_BOUND('',#2504,.T.);
#2504 = EDGE_LOOP('',(#2505,#2506,#2507,#2508));
#2505 = ORIENTED_EDGE('',*,*,#2371,.T.);
#2506 = ORIENTED_EDGE('',*,*,#2395,.T.);
#2507 = ORIENTED_EDGE('',*,*,#2323,.T.);
#2508 = ORIENTED_EDGE('',*,*,#2347,.T.);
#2509 = PLANE('',#2510);
#2510 = AXIS2_PLACEMENT_3D('',#2511,#2512,#2513);
#2511 = CARTESIAN_POINT('',(-0.2,0.2,-2.5));
#2512 = DIRECTION('',(0.,0.,1.));
#2513 = DIRECTION('',(1.,0.,-0.));
#2514 = ADVANCED_FACE('',(#2515),#2521,.F.);
#2515 = FACE_BOUND('',#2516,.T.);
#2516 = EDGE_LOOP('',(#2517,#2518,#2519,#2520));
#2517 = ORIENTED_EDGE('',*,*,#2443,.T.);
#2518 = ORIENTED_EDGE('',*,*,#2467,.T.);
#2519 = ORIENTED_EDGE('',*,*,#2491,.T.);
#2520 = ORIENTED_EDGE('',*,*,#2419,.T.);
#2521 = PLANE('',#2522);
#2522 = AXIS2_PLACEMENT_3D('',#2523,#2524,#2525);
#2523 = CARTESIAN_POINT('',(2.34,0.2,-2.5));
#2524 = DIRECTION('',(0.,0.,1.));
#2525 = DIRECTION('',(1.,0.,-0.));
#2526 = ( GEOMETRIC_REPRESENTATION_CONTEXT(3) 
GLOBAL_UNCERTAINTY_ASSIGNED_CONTEXT((#2530)) 
GLOBAL_UNIT_ASSIGNED_CONTEXT((#2527,#2528,#2529)) REPRESENTATION_CONTEXT
('Context #1','3D Context with UNIT and UNCERTAINTY') );
#2527 = ( LENGTH_UNIT() NAMED_UNIT(*) SI_UNIT(.MILLI.,.METRE.) );
#2528 = ( NAMED_UNIT(*) PLANE_ANGLE_UNIT() SI_UNIT($,.RADIAN.) );
#2529 = ( NAMED_UNIT(*) SI_UNIT($,.STERADIAN.) SOLID_ANGLE_UNIT() );
#2530 = UNCERTAINTY_MEASURE_WITH_UNIT(LENGTH_MEASURE(1.E-07),#2527,
  'distance_accuracy_value','confusion accuracy');
#2531 = SHAPE_DEFINITION_REPRESENTATION(#2532,#2100);
#2532 = PRODUCT_DEFINITION_SHAPE('','',#2533);
#2533 = PRODUCT_DEFINITION('design','',#2534,#2537);
#2534 = PRODUCT_DEFINITION_FORMATION('','',#2535);
#2535 = PRODUCT('LED_D5.0mm','LED_D5.0mm','',(#2536));
#2536 = PRODUCT_CONTEXT('',#2,'mechanical');
#2537 = PRODUCT_DEFINITION_CONTEXT('part definition',#2,'design');
#2538 = CONTEXT_DEPENDENT_SHAPE_REPRESENTATION(#2539,#2541);
#2539 = ( REPRESENTATION_RELATIONSHIP('','',#2100,#10) 
REPRESENTATION_RELATIONSHIP_WITH_TRANSFORMATION(#2540) 
SHAPE_REPRESENTATION_RELATIONSHIP() );
#2540 = ITEM_DEFINED_TRANSFORMATION('','',#11,#19);
#2541 = PRODUCT_DEFINITION_SHAPE('Placement','Placement of an item',
  #2542);
#2542 = NEXT_ASSEMBLY_USAGE_OCCURRENCE('2','','',#5,#2533,$);
#2543 = PRODUCT_RELATED_PRODUCT_CATEGORY('part',$,(#2535));
#2544 = ADVANCED_BREP_SHAPE_REPRESENTATION('',(#11,#2545),#2917);
#2545 = MANIFOLD_SOLID_BREP('',#2546);
#2546 = CLOSED_SHELL('',(#2547,#2564,#2698,#2799,#2881,#2908));
#2547 = ADVANCED_FACE('',(#2548),#2559,.T.);
#2548 = FACE_BOUND('',#2549,.F.);
#2549 = EDGE_LOOP('',(#2550));
#2550 = ORIENTED_EDGE('',*,*,#2551,.T.);
#2551 = EDGE_CURVE('',#2552,#2552,#2554,.T.);
#2552 = VERTEX_POINT('',#2553);
#2553 = CARTESIAN_POINT('',(1.110223024625E-16,-0.25,-2.));
#2554 = CIRCLE('',#2555,0.25);
#2555 = AXIS2_PLACEMENT_3D('',#2556,#2557,#2558);
#2556 = CARTESIAN_POINT('',(8.326672684689E-17,0.,-2.));
#2557 = DIRECTION('',(-0.,0.,1.));
#2558 = DIRECTION('',(1.110223024625E-16,-1.,0.));
#2559 = PLANE('',#2560);
#2560 = AXIS2_PLACEMENT_3D('',#2561,#2562,#2563);
#2561 = CARTESIAN_POINT('',(1.110223024625E-16,-0.25,-2.));
#2562 = DIRECTION('',(0.,0.,-1.));
#2563 = DIRECTION('',(-1.110223024625E-16,1.,0.));
#2564 = ADVANCED_FACE('',(#2565),#2693,.T.);
#2565 = FACE_BOUND('',#2566,.T.);
#2566 = EDGE_LOOP('',(#2567,#2575,#2612,#2668,#2691,#2692));
#2567 = ORIENTED_EDGE('',*,*,#2568,.T.);
#2568 = EDGE_CURVE('',#2552,#2569,#2571,.T.);
#2569 = VERTEX_POINT('',#2570);
#2570 = CARTESIAN_POINT('',(0.,-0.25,0.679713563033));
#2571 = LINE('',#2572,#2573);
#2572 = CARTESIAN_POINT('',(1.110223024625E-16,-0.25,-2.));
#2573 = VECTOR('',#2574,1.);
#2574 = DIRECTION('',(0.,0.,1.));
#2575 = ORIENTED_EDGE('',*,*,#2576,.F.);
#2576 = EDGE_CURVE('',#2577,#2569,#2579,.T.);
#2577 = VERTEX_POINT('',#2578);
#2578 = CARTESIAN_POINT('',(-0.25,2.22044604925E-16,0.6));
#2579 = B_SPLINE_CURVE_WITH_KNOTS('',7,(#2580,#2581,#2582,#2583,#2584,
    #2585,#2586,#2587,#2588,#2589,#2590,#2591,#2592,#2593,#2594,#2595,
    #2596,#2597,#2598,#2599,#2600,#2601,#2602,#2603,#2604,#2605,#2606,
    #2607,#2608,#2609,#2610,#2611),.UNSPECIFIED.,.F.,.F.,(8,6,6,6,6,8),(
    0.,0.241317762374,0.445644466933,0.571243661289,0.762892742629,1.),
  .UNSPECIFIED.);
#2580 = CARTESIAN_POINT('',(-0.25,2.22044604925E-16,0.6));
#2581 = CARTESIAN_POINT('',(-0.25,-9.684935723134E-03,0.60907962724));
#2582 = CARTESIAN_POINT('',(-0.249562312585,-1.958663774209E-02,
    0.618137008422));
#2583 = CARTESIAN_POINT('',(-0.248651405776,-2.972573255191E-02,
    0.627168846356));
#2584 = CARTESIAN_POINT('',(-0.247221322709,-4.012175883314E-02,
    0.636164218682));
#2585 = CARTESIAN_POINT('',(-0.245209073056,-5.079675639546E-02,
    0.645103357498));
#2586 = CARTESIAN_POINT('',(-0.242537061214,-6.177469969022E-02,
    0.653958268044));
#2587 = CARTESIAN_POINT('',(-0.236139904846,-8.26955731734E-02,
    0.670078636971));
#2588 = CARTESIAN_POINT('',(-0.232704674347,-9.232384084319E-02,
    0.677213594013));
#2589 = CARTESIAN_POINT('',(-0.228740570249,-0.101972617487,
    0.684056031744));
#2590 = CARTESIAN_POINT('',(-0.224217714526,-0.111618403002,
    0.690558940349));
#2591 = CARTESIAN_POINT('',(-0.219106129615,-0.12122865342,
    0.696665536014));
#2592 = CARTESIAN_POINT('',(-0.213378796045,-0.130760638688,
    0.702310163112));
#2593 = CARTESIAN_POINT('',(-0.203102719819,-0.145938252703,
    0.710559708371));
#2594 = CARTESIAN_POINT('',(-0.198861795942,-0.151797430041,
    0.71356950591));
#2595 = CARTESIAN_POINT('',(-0.194252637482,-0.157741594401,
    0.716425500374));
#2596 = CARTESIAN_POINT('',(-0.189235443471,-0.163763565557,
    0.719093103767));
#2597 = CARTESIAN_POINT('',(-0.183769912908,-0.169845221121,
    0.721526228727));
#2598 = CARTESIAN_POINT('',(-0.177815244764,-0.175957496539,
    0.723667288527));
#2599 = CARTESIAN_POINT('',(-0.161434654467,-0.191372650112,
    0.728163120848));
#2600 = CARTESIAN_POINT('',(-0.150771379041,-0.200224266886,
    0.729910895034));
#2601 = CARTESIAN_POINT('',(-0.13943338396,-0.208451319365,
    0.730582732085));
#2602 = CARTESIAN_POINT('',(-0.127539684786,-0.215931925818,
    0.730132246229));
#2603 = CARTESIAN_POINT('',(-0.115231033896,-0.222580375236,
    0.728568826534));
#2604 = CARTESIAN_POINT('',(-0.102669342034,-0.228346795877,
    0.725956595388));
#2605 = CARTESIAN_POINT('',(-7.441667148544E-02,-0.239254373802,
    0.718039961547));
#2606 = CARTESIAN_POINT('',(-6.012989103581E-02,-0.243368610129,
    0.71264902643));
#2607 = CARTESIAN_POINT('',(-4.674363205343E-02,-0.246305062974,
    0.706703296775));
#2608 = CARTESIAN_POINT('',(-3.418334135388E-02,-0.248245212574,
    0.700340083922));
#2609 = CARTESIAN_POINT('',(-2.227742646536E-02,-0.249444115193,
    0.69370291271));
#2610 = CARTESIAN_POINT('',(-1.092751472784E-02,-0.249999998935,
    0.686826768263));
#2611 = CARTESIAN_POINT('',(0.,-0.25,0.679713563033));
#2612 = ORIENTED_EDGE('',*,*,#2613,.F.);
#2613 = EDGE_CURVE('',#2614,#2577,#2616,.T.);
#2614 = VERTEX_POINT('',#2615);
#2615 = CARTESIAN_POINT('',(0.25,2.22044604925E-16,0.308712152522));
#2616 = B_SPLINE_CURVE_WITH_KNOTS('',8,(#2617,#2618,#2619,#2620,#2621,
    #2622,#2623,#2624,#2625,#2626,#2627,#2628,#2629,#2630,#2631,#2632,
    #2633,#2634,#2635,#2636,#2637,#2638,#2639,#2640,#2641,#2642,#2643,
    #2644,#2645,#2646,#2647,#2648,#2649,#2650,#2651,#2652,#2653,#2654,
    #2655,#2656,#2657,#2658,#2659,#2660,#2661,#2662,#2663,#2664,#2665,
    #2666,#2667),.UNSPECIFIED.,.F.,.F.,(9,7,7,7,7,7,7,9),(0.,
    0.199458904293,0.388869806011,0.551335379852,0.68813869272,
    0.752308818663,0.873281746153,1.),.UNSPECIFIED.);
#2617 = CARTESIAN_POINT('',(0.25,2.22044604925E-16,0.308712152522));
#2618 = CARTESIAN_POINT('',(0.25,1.498658225286E-02,0.320975928876));
#2619 = CARTESIAN_POINT('',(0.248973335591,2.970547488316E-02,
    0.333655764178));
#2620 = CARTESIAN_POINT('',(0.24698385099,4.415203712698E-02,
    0.346721914111));
#2621 = CARTESIAN_POINT('',(0.24407301906,5.831686687487E-02,
    0.360152410527));
#2622 = CARTESIAN_POINT('',(0.240267431482,7.218729021563E-02,
    0.37393034107));
#2623 = CARTESIAN_POINT('',(0.235582496024,8.574804863202E-02,
    0.388042581303));
#2624 = CARTESIAN_POINT('',(0.230022340923,9.898118384854E-02,
    0.402479979305));
#2625 = CARTESIAN_POINT('',(0.217454258367,0.124100011701,0.43125450167)
  );
#2626 = CARTESIAN_POINT('',(0.210536986697,0.136012964554,0.445551929575
    ));
#2627 = CARTESIAN_POINT('',(0.202814200622,0.147589731695,0.460131967275
    ));
#2628 = CARTESIAN_POINT('',(0.194266970857,0.15880635391,0.47499231283)
  );
#2629 = CARTESIAN_POINT('',(0.184865535006,0.169628344583,0.490127953843
    ));
#2630 = CARTESIAN_POINT('',(0.17457067718,0.180011499425,0.505530700778)
  );
#2631 = CARTESIAN_POINT('',(0.163327399037,0.189899786787,0.521190841153
    ));
#2632 = CARTESIAN_POINT('',(0.140500550844,0.207206481998,0.550752974867
    ));
#2633 = CARTESIAN_POINT('',(0.129228829023,0.214748695337,0.564541460993
    ));
#2634 = CARTESIAN_POINT('',(0.117141331693,0.22182391066,0.578506701658)
  );
#2635 = CARTESIAN_POINT('',(0.104149138269,0.228367849353,0.592649461129
    ));
#2636 = CARTESIAN_POINT('',(9.017343856703E-02,0.234285137733,
    0.606935464109));
#2637 = CARTESIAN_POINT('',(7.511462712787E-02,0.239426189606,
    0.621290562358));
#2638 = CARTESIAN_POINT('',(5.889216710565E-02,0.243619055255,
    0.635602327222));
#2639 = CARTESIAN_POINT('',(2.646785088722E-02,0.249048799009,
    0.66160429439));
#2640 = CARTESIAN_POINT('',(1.053825152492E-02,0.250669585469,
    0.673455104837));
#2641 = CARTESIAN_POINT('',(-6.495211866636E-03,0.251196244911,
    0.685043508447));
#2642 = CARTESIAN_POINT('',(-2.452795939285E-02,0.25035344694,
    0.696027839295));
#2643 = CARTESIAN_POINT('',(-4.334347825754E-02,0.247854159514,
    0.705968391387));
#2644 = CARTESIAN_POINT('',(-6.261131274603E-02,0.2434788272,
    0.714396983691));
#2645 = CARTESIAN_POINT('',(-8.185997201987E-02,0.237084220732,
    0.720824079794));
#2646 = CARTESIAN_POINT('',(-0.10910140322,0.225137936334,0.727038930339
    ));
#2647 = CARTESIAN_POINT('',(-0.117738358649,0.220900749238,
    0.728562265654));
#2648 = CARTESIAN_POINT('',(-0.126259813586,0.21624449077,0.729589797475
    ));
#2649 = CARTESIAN_POINT('',(-0.134614573334,0.211181583925,
    0.730098382962));
#2650 = CARTESIAN_POINT('',(-0.142754609382,0.205733166382,
    0.730076494893));
#2651 = CARTESIAN_POINT('',(-0.150635059404,0.199929090504,
    0.729524221666));
#2652 = CARTESIAN_POINT('',(-0.158214227257,0.193807923337,
    0.728453267298));
#2653 = CARTESIAN_POINT('',(-0.1791011494,0.175368736441,0.723934147238)
  );
#2654 = CARTESIAN_POINT('',(-0.190480624416,0.163302373898,0.71945490095
    ));
#2655 = CARTESIAN_POINT('',(-0.200238105405,0.151299134574,
    0.713971427554));
#2656 = CARTESIAN_POINT('',(-0.208612064754,0.139401939546,
    0.707696815747));
#2657 = CARTESIAN_POINT('',(-0.215848390386,0.127637946731,
    0.700829677282));
#2658 = CARTESIAN_POINT('',(-0.222086469131,0.116002948179,
    0.693465245757));
#2659 = CARTESIAN_POINT('',(-0.227458179431,0.104476464663,0.68567637468
    ));
#2660 = CARTESIAN_POINT('',(-0.236866967882,8.100264917104E-02,
    0.668900233663));
#2661 = CARTESIAN_POINT('',(-0.240809574106,6.91100893017E-02,
    0.659908845036));
#2662 = CARTESIAN_POINT('',(-0.24397912937,5.732790968674E-02,
    0.650573551892));
#2663 = CARTESIAN_POINT('',(-0.246441454366,4.565321186972E-02,
    0.640940284062));
#2664 = CARTESIAN_POINT('',(-0.248243288901,3.408451178674E-02,
    0.631043013263));
#2665 = CARTESIAN_POINT('',(-0.249420279743,2.262052324664E-02,
    0.620908081359));
#2666 = CARTESIAN_POINT('',(-0.25,1.12596233719E-02,0.610555896911));
#2667 = CARTESIAN_POINT('',(-0.25,2.22044604925E-16,0.6));
#2668 = ORIENTED_EDGE('',*,*,#2669,.F.);
#2669 = EDGE_CURVE('',#2569,#2614,#2670,.T.);
#2670 = B_SPLINE_CURVE_WITH_KNOTS('',7,(#2671,#2672,#2673,#2674,#2675,
    #2676,#2677,#2678,#2679,#2680,#2681,#2682,#2683,#2684,#2685,#2686,
    #2687,#2688,#2689,#2690),.UNSPECIFIED.,.F.,.F.,(8,6,6,8),(0.,
    0.247494418505,0.625913593958,1.),.UNSPECIFIED.);
#2671 = CARTESIAN_POINT('',(0.,-0.25,0.679713563033));
#2672 = CARTESIAN_POINT('',(1.668230531916E-02,-0.249999998375,
    0.668854305725));
#2673 = CARTESIAN_POINT('',(3.268935444351E-02,-0.248701328528,
    0.657238205434));
#2674 = CARTESIAN_POINT('',(4.803522159591E-02,-0.246292795207,
    0.645058427307));
#2675 = CARTESIAN_POINT('',(6.272035044142E-02,-0.242904781035,
    0.632454202666));
#2676 = CARTESIAN_POINT('',(7.675482928969E-02,-0.238646669925,
    0.619533115348));
#2677 = CARTESIAN_POINT('',(9.015600539763E-02,-0.233600046125,
    0.606367996904));
#2678 = CARTESIAN_POINT('',(0.122509977475,-0.218979596467,
    0.572558438838));
#2679 = CARTESIAN_POINT('',(0.140609828749,-0.208441049645,
    0.551682950477));
#2680 = CARTESIAN_POINT('',(0.157316109399,-0.196421562524,
    0.530553330357));
#2681 = CARTESIAN_POINT('',(0.1726182291,-0.183060607604,0.509312840633)
  );
#2682 = CARTESIAN_POINT('',(0.186496343419,-0.16847701509,0.488081826714
    ));
#2683 = CARTESIAN_POINT('',(0.198912256603,-0.152757672748,
    0.466955654528));
#2684 = CARTESIAN_POINT('',(0.220566974034,-0.119340154572,
    0.425299865374));
#2685 = CARTESIAN_POINT('',(0.22982513794,-0.101690391402,0.404795744165
    ));
#2686 = CARTESIAN_POINT('',(0.237519488802,-8.305904459744E-02,
    0.384568703648));
#2687 = CARTESIAN_POINT('',(0.243546001286,-6.35032798917E-02,
    0.364715891401));
#2688 = CARTESIAN_POINT('',(0.247762525952,-4.308939167411E-02,
    0.345357068252));
#2689 = CARTESIAN_POINT('',(0.25,-2.189707437231E-02,0.326630902667));
#2690 = CARTESIAN_POINT('',(0.25,2.22044604925E-16,0.308712152522));
#2691 = ORIENTED_EDGE('',*,*,#2568,.F.);
#2692 = ORIENTED_EDGE('',*,*,#2551,.T.);
#2693 = CYLINDRICAL_SURFACE('',#2694,0.25);
#2694 = AXIS2_PLACEMENT_3D('',#2695,#2696,#2697);
#2695 = CARTESIAN_POINT('',(8.326672684689E-17,0.,-2.));
#2696 = DIRECTION('',(-0.,0.,-1.));
#2697 = DIRECTION('',(1.110223024625E-16,-1.,-0.));
#2698 = ADVANCED_FACE('',(#2699),#2794,.T.);
#2699 = FACE_BOUND('',#2700,.T.);
#2700 = EDGE_LOOP('',(#2701,#2712,#2719,#2720,#2721,#2730,#2786,#2793));
#2701 = ORIENTED_EDGE('',*,*,#2702,.F.);
#2702 = EDGE_CURVE('',#2703,#2705,#2707,.T.);
#2703 = VERTEX_POINT('',#2704);
#2704 = CARTESIAN_POINT('',(-1.25,2.22044604925E-16,2.6));
#2705 = VERTEX_POINT('',#2706);
#2706 = CARTESIAN_POINT('',(1.25,-1.25,2.6));
#2707 = CIRCLE('',#2708,3.125);
#2708 = AXIS2_PLACEMENT_3D('',#2709,#2710,#2711);
#2709 = CARTESIAN_POINT('',(1.25,1.875,2.6));
#2710 = DIRECTION('',(0.,0.,1.));
#2711 = DIRECTION('',(-0.8,-0.6,0.));
#2712 = ORIENTED_EDGE('',*,*,#2713,.T.);
#2713 = EDGE_CURVE('',#2703,#2577,#2714,.T.);
#2714 = CIRCLE('',#2715,2.5);
#2715 = AXIS2_PLACEMENT_3D('',#2716,#2717,#2718);
#2716 = CARTESIAN_POINT('',(1.25,2.22044604925E-16,2.6));
#2717 = DIRECTION('',(0.,-1.,0.));
#2718 = DIRECTION('',(-1.,0.,0.));
#2719 = ORIENTED_EDGE('',*,*,#2576,.T.);
#2720 = ORIENTED_EDGE('',*,*,#2669,.T.);
#2721 = ORIENTED_EDGE('',*,*,#2722,.T.);
#2722 = EDGE_CURVE('',#2614,#2723,#2725,.T.);
#2723 = VERTEX_POINT('',#2724);
#2724 = CARTESIAN_POINT('',(2.25,2.22044604925E-16,0.308712152522));
#2725 = CIRCLE('',#2726,2.5);
#2726 = AXIS2_PLACEMENT_3D('',#2727,#2728,#2729);
#2727 = CARTESIAN_POINT('',(1.25,2.22044604925E-16,2.6));
#2728 = DIRECTION('',(0.,-1.,0.));
#2729 = DIRECTION('',(-1.,0.,0.));
#2730 = ORIENTED_EDGE('',*,*,#2731,.T.);
#2731 = EDGE_CURVE('',#2723,#2732,#2734,.T.);
#2732 = VERTEX_POINT('',#2733);
#2733 = CARTESIAN_POINT('',(2.75,2.22044604925E-16,0.6));
#2734 = B_SPLINE_CURVE_WITH_KNOTS('',8,(#2735,#2736,#2737,#2738,#2739,
    #2740,#2741,#2742,#2743,#2744,#2745,#2746,#2747,#2748,#2749,#2750,
    #2751,#2752,#2753,#2754,#2755,#2756,#2757,#2758,#2759,#2760,#2761,
    #2762,#2763,#2764,#2765,#2766,#2767,#2768,#2769,#2770,#2771,#2772,
    #2773,#2774,#2775,#2776,#2777,#2778,#2779,#2780,#2781,#2782,#2783,
    #2784,#2785),.UNSPECIFIED.,.F.,.F.,(9,7,7,7,7,7,7,9),(0.,
    0.199458904289,0.388869805961,0.551335379777,0.68813869263,
    0.75230881859,0.873281746118,1.),.UNSPECIFIED.);
#2735 = CARTESIAN_POINT('',(2.25,2.498001805407E-16,0.308712152522));
#2736 = CARTESIAN_POINT('',(2.25,-1.498658225447E-02,0.320975928877));
#2737 = CARTESIAN_POINT('',(2.251026664409,-2.97054748863E-02,
    0.33365576418));
#2738 = CARTESIAN_POINT('',(2.253016149011,-4.41520371316E-02,
    0.346721914115));
#2739 = CARTESIAN_POINT('',(2.255926980942,-5.831686688093E-02,
    0.360152410532));
#2740 = CARTESIAN_POINT('',(2.25973256852,-7.218729022304E-02,
    0.373930341078));
#2741 = CARTESIAN_POINT('',(2.264417503979,-8.574804864071E-02,
    0.388042581312));
#2742 = CARTESIAN_POINT('',(2.269977659081,-9.898118385844E-02,
    0.402479979316));
#2743 = CARTESIAN_POINT('',(2.282545741639,-0.124100011711,
    0.431254501681));
#2744 = CARTESIAN_POINT('',(2.289463013308,-0.136012964562,
    0.445551929584));
#2745 = CARTESIAN_POINT('',(2.297185799383,-0.147589731702,
    0.460131967284));
#2746 = CARTESIAN_POINT('',(2.305733029147,-0.158806353915,
    0.474992312837));
#2747 = CARTESIAN_POINT('',(2.315134464997,-0.169628344586,
    0.490127953848));
#2748 = CARTESIAN_POINT('',(2.325429322822,-0.180011499427,
    0.505530700782));
#2749 = CARTESIAN_POINT('',(2.336672600964,-0.189899786788,
    0.521190841154));
#2750 = CARTESIAN_POINT('',(2.359499449155,-0.207206481998,
    0.550752974867));
#2751 = CARTESIAN_POINT('',(2.370771170976,-0.214748695336,
    0.564541460992));
#2752 = CARTESIAN_POINT('',(2.382858668306,-0.22182391066,0.578506701656
    ));
#2753 = CARTESIAN_POINT('',(2.395850861729,-0.228367849352,
    0.592649461127));
#2754 = CARTESIAN_POINT('',(2.409826561431,-0.234285137732,
    0.606935464107));
#2755 = CARTESIAN_POINT('',(2.424885372869,-0.239426189605,
    0.621290562355));
#2756 = CARTESIAN_POINT('',(2.44110783289,-0.243619055254,0.635602327218
    ));
#2757 = CARTESIAN_POINT('',(2.473532149108,-0.249048799008,
    0.661604294387));
#2758 = CARTESIAN_POINT('',(2.48946174847,-0.250669585469,0.673455104834
    ));
#2759 = CARTESIAN_POINT('',(2.506495211862,-0.251196244911,
    0.685043508444));
#2760 = CARTESIAN_POINT('',(2.524527959388,-0.25035344694,0.696027839293
    ));
#2761 = CARTESIAN_POINT('',(2.543343478254,-0.247854159514,
    0.705968391385));
#2762 = CARTESIAN_POINT('',(2.562611312742,-0.243478827201,0.71439698369
    ));
#2763 = CARTESIAN_POINT('',(2.581859972017,-0.237084220733,
    0.720824079793));
#2764 = CARTESIAN_POINT('',(2.60910140322,-0.225137936334,0.72703893034)
  );
#2765 = CARTESIAN_POINT('',(2.617738358649,-0.220900749239,
    0.728562265654));
#2766 = CARTESIAN_POINT('',(2.626259813584,-0.216244490771,
    0.729589797475));
#2767 = CARTESIAN_POINT('',(2.634614573331,-0.211181583927,
    0.730098382962));
#2768 = CARTESIAN_POINT('',(2.64275460938,-0.205733166384,0.730076494893
    ));
#2769 = CARTESIAN_POINT('',(2.650635059402,-0.199929090505,
    0.729524221666));
#2770 = CARTESIAN_POINT('',(2.658214227257,-0.193807923338,
    0.728453267298));
#2771 = CARTESIAN_POINT('',(2.6791011494,-0.175368736441,0.723934147238)
  );
#2772 = CARTESIAN_POINT('',(2.690480624416,-0.163302373898,0.71945490095
    ));
#2773 = CARTESIAN_POINT('',(2.700238105406,-0.151299134573,
    0.713971427554));
#2774 = CARTESIAN_POINT('',(2.708612064754,-0.139401939545,
    0.707696815746));
#2775 = CARTESIAN_POINT('',(2.715848390387,-0.12763794673,0.700829677281
    ));
#2776 = CARTESIAN_POINT('',(2.722086469132,-0.116002948178,
    0.693465245756));
#2777 = CARTESIAN_POINT('',(2.727458179432,-0.104476464661,
    0.685676374679));
#2778 = CARTESIAN_POINT('',(2.736866967883,-8.100264916926E-02,
    0.668900233661));
#2779 = CARTESIAN_POINT('',(2.740809574107,-6.91100893002E-02,
    0.659908845035));
#2780 = CARTESIAN_POINT('',(2.74397912937,-5.732790968549E-02,
    0.650573551891));
#2781 = CARTESIAN_POINT('',(2.746441454367,-4.565321186873E-02,
    0.640940284061));
#2782 = CARTESIAN_POINT('',(2.748243288901,-3.4084511786E-02,
    0.631043013262));
#2783 = CARTESIAN_POINT('',(2.749420279743,-2.262052324615E-02,
    0.620908081359));
#2784 = CARTESIAN_POINT('',(2.75,-1.125962337166E-02,0.610555896911));
#2785 = CARTESIAN_POINT('',(2.75,2.498001805407E-16,0.6));
#2786 = ORIENTED_EDGE('',*,*,#2787,.T.);
#2787 = EDGE_CURVE('',#2732,#2703,#2788,.T.);
#2788 = CIRCLE('',#2789,2.5);
#2789 = AXIS2_PLACEMENT_3D('',#2790,#2791,#2792);
#2790 = CARTESIAN_POINT('',(1.25,2.22044604925E-16,2.6));
#2791 = DIRECTION('',(0.,-1.,0.));
#2792 = DIRECTION('',(-1.,0.,0.));
#2793 = ORIENTED_EDGE('',*,*,#2702,.T.);
#2794 = SPHERICAL_SURFACE('',#2795,3.125);
#2795 = AXIS2_PLACEMENT_3D('',#2796,#2797,#2798);
#2796 = CARTESIAN_POINT('',(1.25,1.875,2.6));
#2797 = DIRECTION('',(0.,-1.,0.));
#2798 = DIRECTION('',(-1.,0.,0.));
#2799 = ADVANCED_FACE('',(#2800),#2876,.T.);
#2800 = FACE_BOUND('',#2801,.T.);
#2801 = EDGE_LOOP('',(#2802,#2811,#2812,#2813,#2850,#2873,#2874,#2875));
#2802 = ORIENTED_EDGE('',*,*,#2803,.F.);
#2803 = EDGE_CURVE('',#2804,#2703,#2806,.T.);
#2804 = VERTEX_POINT('',#2805);
#2805 = CARTESIAN_POINT('',(1.25,1.25,2.6));
#2806 = CIRCLE('',#2807,3.125);
#2807 = AXIS2_PLACEMENT_3D('',#2808,#2809,#2810);
#2808 = CARTESIAN_POINT('',(1.25,-1.875,2.6));
#2809 = DIRECTION('',(0.,0.,1.));
#2810 = DIRECTION('',(-7.105427357601E-16,1.,0.));
#2811 = ORIENTED_EDGE('',*,*,#2803,.T.);
#2812 = ORIENTED_EDGE('',*,*,#2787,.F.);
#2813 = ORIENTED_EDGE('',*,*,#2814,.T.);
#2814 = EDGE_CURVE('',#2732,#2815,#2817,.T.);
#2815 = VERTEX_POINT('',#2816);
#2816 = CARTESIAN_POINT('',(2.5,0.25,0.679713563033));
#2817 = B_SPLINE_CURVE_WITH_KNOTS('',7,(#2818,#2819,#2820,#2821,#2822,
    #2823,#2824,#2825,#2826,#2827,#2828,#2829,#2830,#2831,#2832,#2833,
    #2834,#2835,#2836,#2837,#2838,#2839,#2840,#2841,#2842,#2843,#2844,
    #2845,#2846,#2847,#2848,#2849),.UNSPECIFIED.,.F.,.F.,(8,6,6,6,6,8),(
    0.,0.241317762403,0.44564446692,0.571243661275,0.762892742603,1.),
  .UNSPECIFIED.);
#2818 = CARTESIAN_POINT('',(2.75,2.22044604925E-16,0.6));
#2819 = CARTESIAN_POINT('',(2.75,9.684935722549E-03,0.60907962724));
#2820 = CARTESIAN_POINT('',(2.749562312585,1.958663774088E-02,
    0.618137008421));
#2821 = CARTESIAN_POINT('',(2.748651405776,2.972573255005E-02,
    0.627168846355));
#2822 = CARTESIAN_POINT('',(2.74722132271,4.012175883062E-02,
    0.63616421868));
#2823 = CARTESIAN_POINT('',(2.745209073056,5.079675639222E-02,
    0.645103357495));
#2824 = CARTESIAN_POINT('',(2.742537061215,6.177469968621E-02,
    0.65395826804));
#2825 = CARTESIAN_POINT('',(2.736139904849,8.269557316476E-02,
    0.670078636965));
#2826 = CARTESIAN_POINT('',(2.732704674351,9.232384083339E-02,
    0.677213594006));
#2827 = CARTESIAN_POINT('',(2.728740570253,0.101972617478,0.684056031738
    ));
#2828 = CARTESIAN_POINT('',(2.72421771453,0.111618402993,0.690558940343)
  );
#2829 = CARTESIAN_POINT('',(2.71910612962,0.121228653412,0.696665536009)
  );
#2830 = CARTESIAN_POINT('',(2.71337879605,0.130760638679,0.702310163106)
  );
#2831 = CARTESIAN_POINT('',(2.703102719827,0.145938252692,0.710559708365
    ));
#2832 = CARTESIAN_POINT('',(2.698861795951,0.15179743003,0.713569505904)
  );
#2833 = CARTESIAN_POINT('',(2.694252637492,0.157741594389,0.716425500368
    ));
#2834 = CARTESIAN_POINT('',(2.689235443481,0.163763565545,0.719093103762
    ));
#2835 = CARTESIAN_POINT('',(2.683769912919,0.169845221109,0.721526228722
    ));
#2836 = CARTESIAN_POINT('',(2.677815244776,0.175957496526,0.723667288523
    ));
#2837 = CARTESIAN_POINT('',(2.661434654483,0.191372650099,0.728163120845
    ));
#2838 = CARTESIAN_POINT('',(2.650771379058,0.200224266874,0.729910895033
    ));
#2839 = CARTESIAN_POINT('',(2.639433383976,0.208451319354,0.730582732085
    ));
#2840 = CARTESIAN_POINT('',(2.627539684801,0.215931925809,0.730132246231
    ));
#2841 = CARTESIAN_POINT('',(2.615231033911,0.222580375228,0.728568826536
    ));
#2842 = CARTESIAN_POINT('',(2.602669342049,0.22834679587,0.725956595391)
  );
#2843 = CARTESIAN_POINT('',(2.574416671496,0.239254373799,0.718039961551
    ));
#2844 = CARTESIAN_POINT('',(2.560129891044,0.243368610128,0.712649026434
    ));
#2845 = CARTESIAN_POINT('',(2.54674363206,0.246305062973,0.706703296778)
  );
#2846 = CARTESIAN_POINT('',(2.534183341358,0.248245212574,0.700340083924
    ));
#2847 = CARTESIAN_POINT('',(2.522277426468,0.249444115193,0.693702912712
    ));
#2848 = CARTESIAN_POINT('',(2.510927514729,0.249999998935,0.686826768264
    ));
#2849 = CARTESIAN_POINT('',(2.5,0.25,0.679713563033));
#2850 = ORIENTED_EDGE('',*,*,#2851,.T.);
#2851 = EDGE_CURVE('',#2815,#2723,#2852,.T.);
#2852 = B_SPLINE_CURVE_WITH_KNOTS('',7,(#2853,#2854,#2855,#2856,#2857,
    #2858,#2859,#2860,#2861,#2862,#2863,#2864,#2865,#2866,#2867,#2868,
    #2869,#2870,#2871,#2872),.UNSPECIFIED.,.F.,.F.,(8,6,6,8),(0.,
    0.247494418513,0.625913593946,1.),.UNSPECIFIED.);
#2853 = CARTESIAN_POINT('',(2.5,0.25,0.679713563033));
#2854 = CARTESIAN_POINT('',(2.48331769468,0.249999998375,0.668854305725)
  );
#2855 = CARTESIAN_POINT('',(2.467310645556,0.248701328528,0.657238205433
    ));
#2856 = CARTESIAN_POINT('',(2.451964778403,0.246292795207,0.645058427306
    ));
#2857 = CARTESIAN_POINT('',(2.437279649557,0.242904781034,0.632454202665
    ));
#2858 = CARTESIAN_POINT('',(2.423245170708,0.238646669924,0.619533115346
    ));
#2859 = CARTESIAN_POINT('',(2.4098439946,0.233600046124,0.606367996902)
  );
#2860 = CARTESIAN_POINT('',(2.377490022523,0.218979596466,0.572558438836
    ));
#2861 = CARTESIAN_POINT('',(2.359390171251,0.208441049644,0.551682950476
    ));
#2862 = CARTESIAN_POINT('',(2.342683890601,0.196421562524,0.530553330357
    ));
#2863 = CARTESIAN_POINT('',(2.327381770901,0.183060607605,0.509312840635
    ));
#2864 = CARTESIAN_POINT('',(2.313503656583,0.168477015091,0.488081826717
    ));
#2865 = CARTESIAN_POINT('',(2.301087743399,0.152757672751,0.466955654532
    ));
#2866 = CARTESIAN_POINT('',(2.279433025968,0.119340154575,0.425299865378
    ));
#2867 = CARTESIAN_POINT('',(2.270174862061,0.101690391405,0.404795744168
    ));
#2868 = CARTESIAN_POINT('',(2.262480511199,8.305904459994E-02,
    0.384568703651));
#2869 = CARTESIAN_POINT('',(2.256453998714,6.35032798938E-02,
    0.364715891403));
#2870 = CARTESIAN_POINT('',(2.252237474048,4.308939167547E-02,
    0.345357068254));
#2871 = CARTESIAN_POINT('',(2.25,2.189707437304E-02,0.326630902667));
#2872 = CARTESIAN_POINT('',(2.25,2.22044604925E-16,0.308712152522));
#2873 = ORIENTED_EDGE('',*,*,#2722,.F.);
#2874 = ORIENTED_EDGE('',*,*,#2613,.T.);
#2875 = ORIENTED_EDGE('',*,*,#2713,.F.);
#2876 = SPHERICAL_SURFACE('',#2877,3.125);
#2877 = AXIS2_PLACEMENT_3D('',#2878,#2879,#2880);
#2878 = CARTESIAN_POINT('',(1.25,-1.875,2.6));
#2879 = DIRECTION('',(0.,-1.,0.));
#2880 = DIRECTION('',(-1.,0.,0.));
#2881 = ADVANCED_FACE('',(#2882),#2903,.T.);
#2882 = FACE_BOUND('',#2883,.T.);
#2883 = EDGE_LOOP('',(#2884,#2892,#2893,#2894,#2895,#2896));
#2884 = ORIENTED_EDGE('',*,*,#2885,.T.);
#2885 = EDGE_CURVE('',#2886,#2815,#2888,.T.);
#2886 = VERTEX_POINT('',#2887);
#2887 = CARTESIAN_POINT('',(2.5,0.25,-2.));
#2888 = LINE('',#2889,#2890);
#2889 = CARTESIAN_POINT('',(2.5,0.25,-2.));
#2890 = VECTOR('',#2891,1.);
#2891 = DIRECTION('',(0.,0.,1.));
#2892 = ORIENTED_EDGE('',*,*,#2814,.F.);
#2893 = ORIENTED_EDGE('',*,*,#2731,.F.);
#2894 = ORIENTED_EDGE('',*,*,#2851,.F.);
#2895 = ORIENTED_EDGE('',*,*,#2885,.F.);
#2896 = ORIENTED_EDGE('',*,*,#2897,.T.);
#2897 = EDGE_CURVE('',#2886,#2886,#2898,.T.);
#2898 = CIRCLE('',#2899,0.25);
#2899 = AXIS2_PLACEMENT_3D('',#2900,#2901,#2902);
#2900 = CARTESIAN_POINT('',(2.5,0.,-2.));
#2901 = DIRECTION('',(0.,-0.,1.));
#2902 = DIRECTION('',(1.144237745222E-17,1.,0.));
#2903 = CYLINDRICAL_SURFACE('',#2904,0.25);
#2904 = AXIS2_PLACEMENT_3D('',#2905,#2906,#2907);
#2905 = CARTESIAN_POINT('',(2.5,0.,-2.));
#2906 = DIRECTION('',(0.,-0.,-1.));
#2907 = DIRECTION('',(1.144237745222E-17,1.,0.));
#2908 = ADVANCED_FACE('',(#2909),#2912,.T.);
#2909 = FACE_BOUND('',#2910,.F.);
#2910 = EDGE_LOOP('',(#2911));
#2911 = ORIENTED_EDGE('',*,*,#2897,.T.);
#2912 = PLANE('',#2913);
#2913 = AXIS2_PLACEMENT_3D('',#2914,#2915,#2916);
#2914 = CARTESIAN_POINT('',(2.5,0.25,-2.));
#2915 = DIRECTION('',(-0.,0.,-1.));
#2916 = DIRECTION('',(-1.144237745222E-17,-1.,0.));
#2917 = ( GEOMETRIC_REPRESENTATION_CONTEXT(3) 
GLOBAL_UNCERTAINTY_ASSIGNED_CONTEXT((#2921)) 
GLOBAL_UNIT_ASSIGNED_CONTEXT((#2918,#2919,#2920)) REPRESENTATION_CONTEXT
('Context #1','3D Context with UNIT and UNCERTAINTY') );
#2918 = ( LENGTH_UNIT() NAMED_UNIT(*) SI_UNIT(.MILLI.,.METRE.) );
#2919 = ( NAMED_UNIT(*) PLANE_ANGLE_UNIT() SI_UNIT($,.RADIAN.) );
#2920 = ( NAMED_UNIT(*) SI_UNIT($,.STERADIAN.) SOLID_ANGLE_UNIT() );
#2921 = UNCERTAINTY_MEASURE_WITH_UNIT(LENGTH_MEASURE(2.E-07),#2918,
  'distance_accuracy_value','confusion accuracy');
#2922 = SHAPE_DEFINITION_REPRESENTATION(#2923,#2544);
#2923 = PRODUCT_DEFINITION_SHAPE('','',#2924);
#2924 = PRODUCT_DEFINITION('design','',#2925,#2928);
#2925 = PRODUCT_DEFINITION_FORMATION('','',#2926);
#2926 = PRODUCT('C_Disc_D5.0mm_W2.5mm_P2.50mm',
  'C_Disc_D5.0mm_W2.5mm_P2.50mm','',(#2927));
#2927 = PRODUCT_CONTEXT('',#2,'mechanical');
#2928 = PRODUCT_DEFINITION_CONTEXT('part definition',#2,'design');
#2929 = CONTEXT_DEPENDENT_SHAPE_REPRESENTATION(#2930,#2932);
#2930 = ( REPRESENTATION_RELATIONSHIP('','',#2544,#10) 
REPRESENTATION_RELATIONSHIP_WITH_TRANSFORMATION(#2931) 
SHAPE_REPRESENTATION_RELATIONSHIP() );
#2931 = ITEM_DEFINED_TRANSFORMATION('','',#11,#23);
#2932 = PRODUCT_DEFINITION_SHAPE('Placement','Placement of an item',
  #2933);
#2933 = NEXT_ASSEMBLY_USAGE_OCCURRENCE('3','','',#5,#2924,$);
#2934 = PRODUCT_RELATED_PRODUCT_CATEGORY('part',$,(#2926));
#2935 = ADVANCED_BREP_SHAPE_REPRESENTATION('',(#11,#2936),#3599);
#2936 = MANIFOLD_SOLID_BREP('',#2937);
#2937 = CLOSED_SHELL('',(#2938,#2971,#2997,#3017,#3200,#3225,#3251,#3271
    ,#3296,#3321,#3330,#3356,#3539,#3565,#3590));
#2938 = ADVANCED_FACE('',(#2939),#2966,.T.);
#2939 = FACE_BOUND('',#2940,.T.);
#2940 = EDGE_LOOP('',(#2941,#2950,#2958,#2965));
#2941 = ORIENTED_EDGE('',*,*,#2942,.T.);
#2942 = EDGE_CURVE('',#2943,#2943,#2945,.T.);
#2943 = VERTEX_POINT('',#2944);
#2944 = CARTESIAN_POINT('',(1.285,1.25,1.25));
#2945 = CIRCLE('',#2946,1.25);
#2946 = AXIS2_PLACEMENT_3D('',#2947,#2948,#2949);
#2947 = CARTESIAN_POINT('',(1.285,0.,1.25));
#2948 = DIRECTION('',(1.,0.,0.));
#2949 = DIRECTION('',(-0.,1.,0.));
#2950 = ORIENTED_EDGE('',*,*,#2951,.T.);
#2951 = EDGE_CURVE('',#2943,#2952,#2954,.T.);
#2952 = VERTEX_POINT('',#2953);
#2953 = CARTESIAN_POINT('',(2.235,1.25,1.25));
#2954 = LINE('',#2955,#2956);
#2955 = CARTESIAN_POINT('',(0.66,1.25,1.25));
#2956 = VECTOR('',#2957,1.);
#2957 = DIRECTION('',(1.,0.,0.));
#2958 = ORIENTED_EDGE('',*,*,#2959,.F.);
#2959 = EDGE_CURVE('',#2952,#2952,#2960,.T.);
#2960 = CIRCLE('',#2961,1.25);
#2961 = AXIS2_PLACEMENT_3D('',#2962,#2963,#2964);
#2962 = CARTESIAN_POINT('',(2.235,0.,1.25));
#2963 = DIRECTION('',(1.,0.,0.));
#2964 = DIRECTION('',(-0.,1.,0.));
#2965 = ORIENTED_EDGE('',*,*,#2951,.F.);
#2966 = CYLINDRICAL_SURFACE('',#2967,1.25);
#2967 = AXIS2_PLACEMENT_3D('',#2968,#2969,#2970);
#2968 = CARTESIAN_POINT('',(0.66,0.,1.25));
#2969 = DIRECTION('',(-1.,-0.,-0.));
#2970 = DIRECTION('',(0.,1.,0.));
#2971 = ADVANCED_FACE('',(#2972),#2992,.T.);
#2972 = FACE_BOUND('',#2973,.T.);
#2973 = EDGE_LOOP('',(#2974,#2983,#2990,#2991));
#2974 = ORIENTED_EDGE('',*,*,#2975,.T.);
#2975 = EDGE_CURVE('',#2976,#2976,#2978,.T.);
#2976 = VERTEX_POINT('',#2977);
#2977 = CARTESIAN_POINT('',(0.66,0.625,1.25));
#2978 = CIRCLE('',#2979,0.625);
#2979 = AXIS2_PLACEMENT_3D('',#2980,#2981,#2982);
#2980 = CARTESIAN_POINT('',(0.66,0.,1.25));
#2981 = DIRECTION('',(1.,0.,0.));
#2982 = DIRECTION('',(-0.,1.,0.));
#2983 = ORIENTED_EDGE('',*,*,#2984,.F.);
#2984 = EDGE_CURVE('',#2943,#2976,#2985,.T.);
#2985 = CIRCLE('',#2986,0.625);
#2986 = AXIS2_PLACEMENT_3D('',#2987,#2988,#2989);
#2987 = CARTESIAN_POINT('',(1.285,0.625,1.25));
#2988 = DIRECTION('',(0.,-0.,1.));
#2989 = DIRECTION('',(0.,1.,0.));
#2990 = ORIENTED_EDGE('',*,*,#2942,.F.);
#2991 = ORIENTED_EDGE('',*,*,#2984,.T.);
#2992 = TOROIDAL_SURFACE('',#2993,0.625,0.625);
#2993 = AXIS2_PLACEMENT_3D('',#2994,#2995,#2996);
#2994 = CARTESIAN_POINT('',(1.285,0.,1.25));
#2995 = DIRECTION('',(-1.,0.,0.));
#2996 = DIRECTION('',(0.,1.,0.));
#2997 = ADVANCED_FACE('',(#2998,#3001),#3012,.F.);
#2998 = FACE_BOUND('',#2999,.F.);
#2999 = EDGE_LOOP('',(#3000));
#3000 = ORIENTED_EDGE('',*,*,#2959,.F.);
#3001 = FACE_BOUND('',#3002,.F.);
#3002 = EDGE_LOOP('',(#3003));
#3003 = ORIENTED_EDGE('',*,*,#3004,.F.);
#3004 = EDGE_CURVE('',#3005,#3005,#3007,.T.);
#3005 = VERTEX_POINT('',#3006);
#3006 = CARTESIAN_POINT('',(2.235,1.125,1.25));
#3007 = CIRCLE('',#3008,1.125);
#3008 = AXIS2_PLACEMENT_3D('',#3009,#3010,#3011);
#3009 = CARTESIAN_POINT('',(2.235,0.,1.25));
#3010 = DIRECTION('',(-1.,0.,0.));
#3011 = DIRECTION('',(0.,1.,0.));
#3012 = PLANE('',#3013);
#3013 = AXIS2_PLACEMENT_3D('',#3014,#3015,#3016);
#3014 = CARTESIAN_POINT('',(2.235,1.25,1.25));
#3015 = DIRECTION('',(-1.,0.,0.));
#3016 = DIRECTION('',(0.,0.,-1.));
#3017 = ADVANCED_FACE('',(#3018,#3021),#3195,.T.);
#3018 = FACE_BOUND('',#3019,.T.);
#3019 = EDGE_LOOP('',(#3020));
#3020 = ORIENTED_EDGE('',*,*,#2975,.F.);
#3021 = FACE_BOUND('',#3022,.T.);
#3022 = EDGE_LOOP('',(#3023));
#3023 = ORIENTED_EDGE('',*,*,#3024,.F.);
#3024 = EDGE_CURVE('',#3025,#3025,#3027,.T.);
#3025 = VERTEX_POINT('',#3026);
#3026 = CARTESIAN_POINT('',(0.66,1.102182119233E-16,0.899909083395));
#3027 = B_SPLINE_CURVE_WITH_KNOTS('',6,(#3028,#3029,#3030,#3031,#3032,
    #3033,#3034,#3035,#3036,#3037,#3038,#3039,#3040,#3041,#3042,#3043,
    #3044,#3045,#3046,#3047,#3048,#3049,#3050,#3051,#3052,#3053,#3054,
    #3055,#3056,#3057,#3058,#3059,#3060,#3061,#3062,#3063,#3064,#3065,
    #3066,#3067,#3068,#3069,#3070,#3071,#3072,#3073,#3074,#3075,#3076,
    #3077,#3078,#3079,#3080,#3081,#3082,#3083,#3084,#3085,#3086,#3087,
    #3088,#3089,#3090,#3091,#3092,#3093,#3094,#3095,#3096,#3097,#3098,
    #3099,#3100,#3101,#3102,#3103,#3104,#3105,#3106,#3107,#3108,#3109,
    #3110,#3111,#3112,#3113,#3114,#3115,#3116,#3117,#3118,#3119,#3120,
    #3121,#3122,#3123,#3124,#3125,#3126,#3127,#3128,#3129,#3130,#3131,
    #3132,#3133,#3134,#3135,#3136,#3137,#3138,#3139,#3140,#3141,#3142,
    #3143,#3144,#3145,#3146,#3147,#3148,#3149,#3150,#3151,#3152,#3153,
    #3154,#3155,#3156,#3157,#3158,#3159,#3160,#3161,#3162,#3163,#3164,
    #3165,#3166,#3167,#3168,#3169,#3170,#3171,#3172,#3173,#3174,#3175,
    #3176,#3177,#3178,#3179,#3180,#3181,#3182,#3183,#3184,#3185,#3186,
    #3187,#3188,#3189,#3190,#3191,#3192,#3193,#3194),.UNSPECIFIED.,.T.,
  .F.,(1,6,5,5,5,5,5,5,5,5,5,5,5,5,5,5,5,5,5,5,5,5,5,5,5,5,5,5,5,5,5,5,5
    ,5,6,1),(-3.7441643477E-02,0.,2.521870323933E-02,5.431496394384E-02,
    8.648919549843E-02,0.120700162351,0.155854554579,0.191019956077,
    0.22552099352,0.258944151729,0.291091798271,0.321919308947,
    0.351475044446,0.379851974729,0.407153625953,0.43347490921,
    0.458900868731,0.483545347382,0.505902822615,0.530283950565,
    0.555351989471,0.581274789002,0.608140584187,0.636038742308,
    0.665070462617,0.695336577837,0.72690990423,0.759792997252,
    0.79386262098,0.828806470397,0.864066503475,0.898816439436,
    0.932013287381,0.962558356523,1.,1.025218703239),.UNSPECIFIED.);
#3028 = CARTESIAN_POINT('',(0.66,0.,0.899909083395));
#3029 = CARTESIAN_POINT('',(0.66,-9.861963323296E-03,0.899909084471));
#3030 = CARTESIAN_POINT('',(0.66,-1.960383099012E-02,0.900333558971));
#3031 = CARTESIAN_POINT('',(0.66,-2.90667633729E-02,0.901163095205));
#3032 = CARTESIAN_POINT('',(0.66,-3.818473840012E-02,0.902336888075));
#3033 = CARTESIAN_POINT('',(0.66,-4.697555886318E-02,0.903805406252));
#3034 = CARTESIAN_POINT('',(0.66,-6.541217845247E-02,0.907588617289));
#3035 = CARTESIAN_POINT('',(0.66,-7.491989955217E-02,0.909985996381));
#3036 = CARTESIAN_POINT('',(0.66,-8.408858685729E-02,0.912709602459));
#3037 = CARTESIAN_POINT('',(0.66,-9.29431150905E-02,0.915726339128));
#3038 = CARTESIAN_POINT('',(0.66,-0.101504886237,0.919011492948));
#3039 = CARTESIAN_POINT('',(0.66,-0.118958160976,0.926453793498));
#3040 = CARTESIAN_POINT('',(0.66,-0.127787740677,0.930666021227));
#3041 = CARTESIAN_POINT('',(0.66,-0.136306213845,0.935155972835));
#3042 = CARTESIAN_POINT('',(0.66,-0.144532125259,0.939904061777));
#3043 = CARTESIAN_POINT('',(0.66,-0.152479834979,0.944895594586));
#3044 = CARTESIAN_POINT('',(0.66,-0.168328675181,0.955672717204));
#3045 = CARTESIAN_POINT('',(0.66,-0.176194628708,0.961488338811));
#3046 = CARTESIAN_POINT('',(0.66,-0.183772627725,0.967551590964));
#3047 = CARTESIAN_POINT('',(0.66,-0.191071921446,0.973851630909));
#3048 = CARTESIAN_POINT('',(0.66,-0.19809849539,0.980379998969));
#3049 = CARTESIAN_POINT('',(0.66,-0.211800252103,0.99406561399));
#3050 = CARTESIAN_POINT('',(0.66,-0.218460183619,1.001235038361));
#3051 = CARTESIAN_POINT('',(0.66,-0.224839916669,1.008630424477));
#3052 = CARTESIAN_POINT('',(0.66,-0.230940302033,1.016245317007));
#3053 = CARTESIAN_POINT('',(0.66,-0.236759778797,1.024074009311));
#3054 = CARTESIAN_POINT('',(0.66,-0.247832030244,1.040150827903));
#3055 = CARTESIAN_POINT('',(0.66,-0.253084597548,1.048398894868));
#3056 = CARTESIAN_POINT('',(0.66,-0.258049056373,1.056850063306));
#3057 = CARTESIAN_POINT('',(0.66,-0.262719990238,1.065498702059));
#3058 = CARTESIAN_POINT('',(0.66,-0.267090249501,1.07433884651));
#3059 = CARTESIAN_POINT('',(0.66,-0.275134936213,1.092219038761));
#3060 = CARTESIAN_POINT('',(0.66,-0.278821023102,1.101251941956));
#3061 = CARTESIAN_POINT('',(0.66,-0.282200792082,1.110456832947));
#3062 = CARTESIAN_POINT('',(0.66,-0.285264705632,1.119826546568));
#3063 = CARTESIAN_POINT('',(0.66,-0.288002108658,1.129352827713));
#3064 = CARTESIAN_POINT('',(0.66,-0.29272539517,1.148397615962));
#3065 = CARTESIAN_POINT('',(0.66,-0.29473218058,1.157906910826));
#3066 = CARTESIAN_POINT('',(0.66,-0.296410836061,1.167545600214));
#3067 = CARTESIAN_POINT('',(0.66,-0.297750151594,1.177303530334));
#3068 = CARTESIAN_POINT('',(0.66,-0.298738455802,1.187169009313));
#3069 = CARTESIAN_POINT('',(0.66,-0.299964918417,1.206708514181));
#3070 = CARTESIAN_POINT('',(0.66,-0.300230384291,1.216375379318));
#3071 = CARTESIAN_POINT('',(0.66,-0.300149186912,1.226117491764));
#3072 = CARTESIAN_POINT('',(0.66,-0.299710710819,1.235921272022));
#3073 = CARTESIAN_POINT('',(0.66,-0.298904551758,1.245771471938));
#3074 = CARTESIAN_POINT('',(0.66,-0.296585103724,1.265125169703));
#3075 = CARTESIAN_POINT('',(0.66,-0.295102339165,1.274626258325));
#3076 = CARTESIAN_POINT('',(0.66,-0.293263240337,1.284139377081));
#3077 = CARTESIAN_POINT('',(0.66,-0.291059628806,1.293647957516));
#3078 = CARTESIAN_POINT('',(0.66,-0.288484130363,1.303133926208));
#3079 = CARTESIAN_POINT('',(0.66,-0.282698083788,1.321631884472));
#3080 = CARTESIAN_POINT('',(0.66,-0.279518227914,1.330647303479));
#3081 = CARTESIAN_POINT('',(0.66,-0.275984860345,1.33960658093));
#3082 = CARTESIAN_POINT('',(0.66,-0.272093455342,1.348491200819));
#3083 = CARTESIAN_POINT('',(0.66,-0.267840708483,1.357281511993));
#3084 = CARTESIAN_POINT('',(0.66,-0.258792476906,1.374285940745));
#3085 = CARTESIAN_POINT('',(0.66,-0.254025481533,1.382509111114));
#3086 = CARTESIAN_POINT('',(0.66,-0.248921768643,1.390607755283));
#3087 = CARTESIAN_POINT('',(0.66,-0.243480982245,1.398562700734));
#3088 = CARTESIAN_POINT('',(0.66,-0.237704192262,1.406354086406));
#3089 = CARTESIAN_POINT('',(0.66,-0.22571513259,1.421280378602));
#3090 = CARTESIAN_POINT('',(0.66,-0.219527706492,1.428429037341));
#3091 = CARTESIAN_POINT('',(0.66,-0.213033892817,1.435388992124));
#3092 = CARTESIAN_POINT('',(0.66,-0.206237433156,1.442141613477));
#3093 = CARTESIAN_POINT('',(0.66,-0.199143534101,1.448667989237));
#3094 = CARTESIAN_POINT('',(0.66,-0.184639374507,1.46100431938));
#3095 = CARTESIAN_POINT('',(0.66,-0.177249666015,1.466831638372));
#3096 = CARTESIAN_POINT('',(0.66,-0.169595736209,1.472413656662));
#3097 = CARTESIAN_POINT('',(0.66,-0.161685054894,1.477733175901));
#3098 = CARTESIAN_POINT('',(0.66,-0.153526567249,1.482773024258));
#3099 = CARTESIAN_POINT('',(0.66,-0.137020407721,1.492097753386));
#3100 = CARTESIAN_POINT('',(0.66,-0.128688747003,1.496402530856));
#3101 = CARTESIAN_POINT('',(0.66,-0.12014499879,1.500414878928));
#3102 = CARTESIAN_POINT('',(0.66,-0.111400259626,1.504119593216));
#3103 = CARTESIAN_POINT('',(0.66,-0.102467435485,1.507501774849));
#3104 = CARTESIAN_POINT('',(0.66,-8.453493192811E-02,1.513498294635));
#3105 = CARTESIAN_POINT('',(0.66,-7.554639694304E-02,1.516132890753));
#3106 = CARTESIAN_POINT('',(0.66,-6.64085144705E-02,1.518437847791));
#3107 = CARTESIAN_POINT('',(0.66,-5.713783351899E-02,1.520400106432));
#3108 = CARTESIAN_POINT('',(0.66,-4.775488525608E-02,1.522007764907));
#3109 = CARTESIAN_POINT('',(0.66,-2.969295309097E-02,1.524379864025));
#3110 = CARTESIAN_POINT('',(0.66,-2.102888075484E-02,1.525208782901));
#3111 = CARTESIAN_POINT('',(0.66,-1.231401679426E-02,1.525730893697));
#3112 = CARTESIAN_POINT('',(0.66,-3.572675622322E-03,1.525941364018));
#3113 = CARTESIAN_POINT('',(0.66,5.168222805428E-03,1.525838983228));
#3114 = CARTESIAN_POINT('',(0.66,2.337847467049E-02,1.524978205181));
#3115 = CARTESIAN_POINT('',(0.66,3.284375814827E-02,1.524161190409));
#3116 = CARTESIAN_POINT('',(0.66,4.224166817951E-02,1.522980309203));
#3117 = CARTESIAN_POINT('',(0.66,5.154498116248E-02,1.52144453626));
#3118 = CARTESIAN_POINT('',(0.66,6.073223707979E-02,1.519565307122));
#3119 = CARTESIAN_POINT('',(0.66,7.909772773064E-02,1.515080653378));
#3120 = CARTESIAN_POINT('',(0.66,8.826753248322E-02,1.512456350085));
#3121 = CARTESIAN_POINT('',(0.66,9.727917108862E-02,1.509494369221));
#3122 = CARTESIAN_POINT('',(0.66,0.106117308319,1.506208374239));
#3123 = CARTESIAN_POINT('',(0.66,0.114768939441,1.502612541932));
#3124 = CARTESIAN_POINT('',(0.66,0.131966117695,1.494697909774));
#3125 = CARTESIAN_POINT('',(0.66,0.140497702999,1.490358571609));
#3126 = CARTESIAN_POINT('',(0.66,0.148806061897,1.485719660214));
#3127 = CARTESIAN_POINT('',(0.66,0.156880650792,1.480797427009));
#3128 = CARTESIAN_POINT('',(0.66,0.164712466725,1.47560826256));
#3129 = CARTESIAN_POINT('',(0.66,0.180151423764,1.464531255078));
#3130 = CARTESIAN_POINT('',(0.66,0.187739958872,1.458624810593));
#3131 = CARTESIAN_POINT('',(0.66,0.195051326582,1.452467732556));
#3132 = CARTESIAN_POINT('',(0.66,0.202078661493,1.446078253645));
#3133 = CARTESIAN_POINT('',(0.66,0.208816558921,1.439474469779));
#3134 = CARTESIAN_POINT('',(0.66,0.221953232148,1.425612904145));
#3135 = CARTESIAN_POINT('',(0.66,0.228328983313,1.41833967682));
#3136 = CARTESIAN_POINT('',(0.66,0.234383958936,1.410874731309));
#3137 = CARTESIAN_POINT('',(0.66,0.240115246881,1.403237638329));
#3138 = CARTESIAN_POINT('',(0.66,0.245521392347,1.395447466144));
#3139 = CARTESIAN_POINT('',(0.66,0.255889855564,1.379276097975));
#3140 = CARTESIAN_POINT('',(0.66,0.260825146013,1.370883681886));
#3141 = CARTESIAN_POINT('',(0.66,0.265408341569,1.362366377835));
#3142 = CARTESIAN_POINT('',(0.66,0.269640849736,1.353744088225));
#3143 = CARTESIAN_POINT('',(0.66,0.273525413156,1.345035772328));
#3144 = CARTESIAN_POINT('',(0.66,0.280757352367,1.327109961101));
#3145 = CARTESIAN_POINT('',(0.66,0.284074759274,1.317886517643));
#3146 = CARTESIAN_POINT('',(0.66,0.287023012024,1.308609403309));
#3147 = CARTESIAN_POINT('',(0.66,0.289607802772,1.299297542852));
#3148 = CARTESIAN_POINT('',(0.66,0.291835834134,1.289968498384));
#3149 = CARTESIAN_POINT('',(0.66,0.295674958709,1.270905470981));
#3150 = CARTESIAN_POINT('',(0.66,0.297255116553,1.261171411794));
#3151 = CARTESIAN_POINT('',(0.66,0.298464074992,1.251454521799));
#3152 = CARTESIAN_POINT('',(0.66,0.299311100714,1.241771401083));
#3153 = CARTESIAN_POINT('',(0.66,0.299805944827,1.232137019844));
#3154 = CARTESIAN_POINT('',(0.66,0.30011808361,1.212595326012));
#3155 = CARTESIAN_POINT('',(0.66,0.299906283631,1.202693348802));
#3156 = CARTESIAN_POINT('',(0.66,0.299334987113,1.192873693594));
#3157 = CARTESIAN_POINT('',(0.66,0.298415571185,1.183149633751));
#3158 = CARTESIAN_POINT('',(0.66,0.297159245916,1.173532809156));
#3159 = CARTESIAN_POINT('',(0.66,0.293937772017,1.154190866917));
#3160 = CARTESIAN_POINT('',(0.66,0.291948568133,1.144474505513));
#3161 = CARTESIAN_POINT('',(0.66,0.289621677512,1.134895129825));
#3162 = CARTESIAN_POINT('',(0.66,0.286968496105,1.125462405282));
#3163 = CARTESIAN_POINT('',(0.66,0.283999580964,1.116184674916));
#3164 = CARTESIAN_POINT('',(0.66,0.277365684897,1.097719334783));
#3165 = CARTESIAN_POINT('',(0.66,0.273684712853,1.08854034335));
#3166 = CARTESIAN_POINT('',(0.66,0.269692176119,1.079539433524));
#3167 = CARTESIAN_POINT('',(0.66,0.265397048483,1.07072335418));
#3168 = CARTESIAN_POINT('',(0.66,0.260806835513,1.062098154612));
#3169 = CARTESIAN_POINT('',(0.66,0.251004164416,1.045163946312));
#3170 = CARTESIAN_POINT('',(0.66,0.245786379559,1.036858764173));
#3171 = CARTESIAN_POINT('',(0.66,0.240280407048,1.028758964174));
#3172 = CARTESIAN_POINT('',(0.66,0.234490342534,1.020870115558));
#3173 = CARTESIAN_POINT('',(0.66,0.228418190257,1.013198030747));
#3174 = CARTESIAN_POINT('',(0.66,0.215801462132,0.998407266407));
#3175 = CARTESIAN_POINT('',(0.66,0.209265037039,0.991282398269));
#3176 = CARTESIAN_POINT('',(0.66,0.202454011648,0.98438004474));
#3177 = CARTESIAN_POINT('',(0.66,0.195365844133,0.977707070031));
#3178 = CARTESIAN_POINT('',(0.66,0.187995125017,0.971271927442));
#3179 = CARTESIAN_POINT('',(0.66,0.173012685338,0.959175110633));
#3180 = CARTESIAN_POINT('',(0.66,0.165426730288,0.953491920673));
#3181 = CARTESIAN_POINT('',(0.66,0.157566473117,0.948044968651));
#3182 = CARTESIAN_POINT('',(0.66,0.149421191466,0.9428457983));
#3183 = CARTESIAN_POINT('',(0.66,0.140976348171,0.937909629891));
#3184 = CARTESIAN_POINT('',(0.66,0.124148062588,0.928975570166));
#3185 = CARTESIAN_POINT('',(0.66,0.115814079383,0.924934455913));
#3186 = CARTESIAN_POINT('',(0.66,0.107194119667,0.921149233675));
#3187 = CARTESIAN_POINT('',(0.66,9.826941158436E-02,0.91763978502));
#3188 = CARTESIAN_POINT('',(0.66,8.901687105598E-02,0.914432779149));
#3189 = CARTESIAN_POINT('',(0.66,6.762842160337E-02,0.908048369916));
#3190 = CARTESIAN_POINT('',(0.66,5.540310162877E-02,0.905067930004));
#3191 = CARTESIAN_POINT('',(0.66,4.253150709481E-02,0.902628405907));
#3192 = CARTESIAN_POINT('',(0.66,2.893757304003E-02,0.900850137762));
#3193 = CARTESIAN_POINT('',(0.66,1.468319780375E-02,0.899909084997));
#3194 = CARTESIAN_POINT('',(0.66,0.,0.899909083395));
#3195 = PLANE('',#3196);
#3196 = AXIS2_PLACEMENT_3D('',#3197,#3198,#3199);
#3197 = CARTESIAN_POINT('',(0.66,1.25,1.25));
#3198 = DIRECTION('',(-1.,0.,0.));
#3199 = DIRECTION('',(0.,0.,-1.));
#3200 = ADVANCED_FACE('',(#3201),#3220,.T.);
#3201 = FACE_BOUND('',#3202,.T.);
#3202 = EDGE_LOOP('',(#3203,#3212,#3218,#3219));
#3203 = ORIENTED_EDGE('',*,*,#3204,.T.);
#3204 = EDGE_CURVE('',#3205,#3205,#3207,.T.);
#3205 = VERTEX_POINT('',#3206);
#3206 = CARTESIAN_POINT('',(5.385,1.125,1.25));
#3207 = CIRCLE('',#3208,1.125);
#3208 = AXIS2_PLACEMENT_3D('',#3209,#3210,#3211);
#3209 = CARTESIAN_POINT('',(5.385,0.,1.25));
#3210 = DIRECTION('',(-1.,0.,0.));
#3211 = DIRECTION('',(0.,1.,0.));
#3212 = ORIENTED_EDGE('',*,*,#3213,.F.);
#3213 = EDGE_CURVE('',#3005,#3205,#3214,.T.);
#3214 = LINE('',#3215,#3216);
#3215 = CARTESIAN_POINT('',(0.66,1.125,1.25));
#3216 = VECTOR('',#3217,1.);
#3217 = DIRECTION('',(1.,0.,0.));
#3218 = ORIENTED_EDGE('',*,*,#3004,.F.);
#3219 = ORIENTED_EDGE('',*,*,#3213,.T.);
#3220 = CYLINDRICAL_SURFACE('',#3221,1.125);
#3221 = AXIS2_PLACEMENT_3D('',#3222,#3223,#3224);
#3222 = CARTESIAN_POINT('',(0.66,0.,1.25));
#3223 = DIRECTION('',(-1.,-0.,-0.));
#3224 = DIRECTION('',(0.,1.,0.));
#3225 = ADVANCED_FACE('',(#3226),#3246,.T.);
#3226 = FACE_BOUND('',#3227,.T.);
#3227 = EDGE_LOOP('',(#3228,#3237,#3244,#3245));
#3228 = ORIENTED_EDGE('',*,*,#3229,.T.);
#3229 = EDGE_CURVE('',#3230,#3230,#3232,.T.);
#3230 = VERTEX_POINT('',#3231);
#3231 = CARTESIAN_POINT('',(0.3,0.,0.35));
#3232 = CIRCLE('',#3233,0.3);
#3233 = AXIS2_PLACEMENT_3D('',#3234,#3235,#3236);
#3234 = CARTESIAN_POINT('',(0.,0.,0.35));
#3235 = DIRECTION('',(0.,0.,1.));
#3236 = DIRECTION('',(1.,0.,-0.));
#3237 = ORIENTED_EDGE('',*,*,#3238,.T.);
#3238 = EDGE_CURVE('',#3230,#3025,#3239,.T.);
#3239 = CIRCLE('',#3240,0.6);
#3240 = AXIS2_PLACEMENT_3D('',#3241,#3242,#3243);
#3241 = CARTESIAN_POINT('',(0.9,1.102182119233E-16,0.35));
#3242 = DIRECTION('',(0.,1.,-0.));
#3243 = DIRECTION('',(-1.,0.,4.93432455389E-16));
#3244 = ORIENTED_EDGE('',*,*,#3024,.T.);
#3245 = ORIENTED_EDGE('',*,*,#3238,.F.);
#3246 = TOROIDAL_SURFACE('',#3247,0.9,0.3);
#3247 = AXIS2_PLACEMENT_3D('',#3248,#3249,#3250);
#3248 = CARTESIAN_POINT('',(0.9,0.,0.35));
#3249 = DIRECTION('',(0.,1.,0.));
#3250 = DIRECTION('',(-1.,0.,4.93432455389E-16));
#3251 = ADVANCED_FACE('',(#3252,#3263),#3266,.T.);
#3252 = FACE_BOUND('',#3253,.T.);
#3253 = EDGE_LOOP('',(#3254));
#3254 = ORIENTED_EDGE('',*,*,#3255,.F.);
#3255 = EDGE_CURVE('',#3256,#3256,#3258,.T.);
#3256 = VERTEX_POINT('',#3257);
#3257 = CARTESIAN_POINT('',(5.385,1.25,1.25));
#3258 = CIRCLE('',#3259,1.25);
#3259 = AXIS2_PLACEMENT_3D('',#3260,#3261,#3262);
#3260 = CARTESIAN_POINT('',(5.385,0.,1.25));
#3261 = DIRECTION('',(1.,0.,0.));
#3262 = DIRECTION('',(-0.,1.,0.));
#3263 = FACE_BOUND('',#3264,.T.);
#3264 = EDGE_LOOP('',(#3265));
#3265 = ORIENTED_EDGE('',*,*,#3204,.F.);
#3266 = PLANE('',#3267);
#3267 = AXIS2_PLACEMENT_3D('',#3268,#3269,#3270);
#3268 = CARTESIAN_POINT('',(5.385,1.25,1.25));
#3269 = DIRECTION('',(-1.,0.,0.));
#3270 = DIRECTION('',(0.,0.,-1.));
#3271 = ADVANCED_FACE('',(#3272),#3291,.T.);
#3272 = FACE_BOUND('',#3273,.T.);
#3273 = EDGE_LOOP('',(#3274,#3282,#3283,#3284));
#3274 = ORIENTED_EDGE('',*,*,#3275,.T.);
#3275 = EDGE_CURVE('',#3276,#3230,#3278,.T.);
#3276 = VERTEX_POINT('',#3277);
#3277 = CARTESIAN_POINT('',(0.3,-7.347880794884E-17,-3.));
#3278 = LINE('',#3279,#3280);
#3279 = CARTESIAN_POINT('',(0.3,0.,-3.));
#3280 = VECTOR('',#3281,1.);
#3281 = DIRECTION('',(0.,0.,1.));
#3282 = ORIENTED_EDGE('',*,*,#3229,.F.);
#3283 = ORIENTED_EDGE('',*,*,#3275,.F.);
#3284 = ORIENTED_EDGE('',*,*,#3285,.T.);
#3285 = EDGE_CURVE('',#3276,#3276,#3286,.T.);
#3286 = CIRCLE('',#3287,0.3);
#3287 = AXIS2_PLACEMENT_3D('',#3288,#3289,#3290);
#3288 = CARTESIAN_POINT('',(0.,0.,-3.));
#3289 = DIRECTION('',(0.,0.,1.));
#3290 = DIRECTION('',(1.,0.,-0.));
#3291 = CYLINDRICAL_SURFACE('',#3292,0.3);
#3292 = AXIS2_PLACEMENT_3D('',#3293,#3294,#3295);
#3293 = CARTESIAN_POINT('',(0.,0.,-3.));
#3294 = DIRECTION('',(0.,0.,1.));
#3295 = DIRECTION('',(1.,0.,-0.));
#3296 = ADVANCED_FACE('',(#3297),#3316,.T.);
#3297 = FACE_BOUND('',#3298,.T.);
#3298 = EDGE_LOOP('',(#3299,#3300,#3308,#3315));
#3299 = ORIENTED_EDGE('',*,*,#3255,.T.);
#3300 = ORIENTED_EDGE('',*,*,#3301,.T.);
#3301 = EDGE_CURVE('',#3256,#3302,#3304,.T.);
#3302 = VERTEX_POINT('',#3303);
#3303 = CARTESIAN_POINT('',(6.335,1.25,1.25));
#3304 = LINE('',#3305,#3306);
#3305 = CARTESIAN_POINT('',(5.385,1.25,1.25));
#3306 = VECTOR('',#3307,1.);
#3307 = DIRECTION('',(1.,0.,0.));
#3308 = ORIENTED_EDGE('',*,*,#3309,.F.);
#3309 = EDGE_CURVE('',#3302,#3302,#3310,.T.);
#3310 = CIRCLE('',#3311,1.25);
#3311 = AXIS2_PLACEMENT_3D('',#3312,#3313,#3314);
#3312 = CARTESIAN_POINT('',(6.335,0.,1.25));
#3313 = DIRECTION('',(1.,0.,0.));
#3314 = DIRECTION('',(-0.,1.,0.));
#3315 = ORIENTED_EDGE('',*,*,#3301,.F.);
#3316 = CYLINDRICAL_SURFACE('',#3317,1.25);
#3317 = AXIS2_PLACEMENT_3D('',#3318,#3319,#3320);
#3318 = CARTESIAN_POINT('',(5.385,0.,1.25));
#3319 = DIRECTION('',(-1.,-0.,-0.));
#3320 = DIRECTION('',(0.,1.,0.));
#3321 = ADVANCED_FACE('',(#3322),#3325,.T.);
#3322 = FACE_BOUND('',#3323,.F.);
#3323 = EDGE_LOOP('',(#3324));
#3324 = ORIENTED_EDGE('',*,*,#3285,.T.);
#3325 = PLANE('',#3326);
#3326 = AXIS2_PLACEMENT_3D('',#3327,#3328,#3329);
#3327 = CARTESIAN_POINT('',(0.3,0.,-3.));
#3328 = DIRECTION('',(0.,0.,-1.));
#3329 = DIRECTION('',(-1.,0.,0.));
#3330 = ADVANCED_FACE('',(#3331),#3351,.T.);
#3331 = FACE_BOUND('',#3332,.T.);
#3332 = EDGE_LOOP('',(#3333,#3342,#3343,#3344));
#3333 = ORIENTED_EDGE('',*,*,#3334,.F.);
#3334 = EDGE_CURVE('',#3302,#3335,#3337,.T.);
#3335 = VERTEX_POINT('',#3336);
#3336 = CARTESIAN_POINT('',(6.96,0.625,1.25));
#3337 = CIRCLE('',#3338,0.625);
#3338 = AXIS2_PLACEMENT_3D('',#3339,#3340,#3341);
#3339 = CARTESIAN_POINT('',(6.335,0.625,1.25));
#3340 = DIRECTION('',(0.,0.,-1.));
#3341 = DIRECTION('',(0.,1.,0.));
#3342 = ORIENTED_EDGE('',*,*,#3309,.T.);
#3343 = ORIENTED_EDGE('',*,*,#3334,.T.);
#3344 = ORIENTED_EDGE('',*,*,#3345,.F.);
#3345 = EDGE_CURVE('',#3335,#3335,#3346,.T.);
#3346 = CIRCLE('',#3347,0.625);
#3347 = AXIS2_PLACEMENT_3D('',#3348,#3349,#3350);
#3348 = CARTESIAN_POINT('',(6.96,0.,1.25));
#3349 = DIRECTION('',(1.,0.,0.));
#3350 = DIRECTION('',(-0.,1.,0.));
#3351 = TOROIDAL_SURFACE('',#3352,0.625,0.625);
#3352 = AXIS2_PLACEMENT_3D('',#3353,#3354,#3355);
#3353 = CARTESIAN_POINT('',(6.335,0.,1.25));
#3354 = DIRECTION('',(1.,0.,0.));
#3355 = DIRECTION('',(-0.,1.,0.));
#3356 = ADVANCED_FACE('',(#3357,#3360),#3534,.F.);
#3357 = FACE_BOUND('',#3358,.F.);
#3358 = EDGE_LOOP('',(#3359));
#3359 = ORIENTED_EDGE('',*,*,#3345,.F.);
#3360 = FACE_BOUND('',#3361,.F.);
#3361 = EDGE_LOOP('',(#3362));
#3362 = ORIENTED_EDGE('',*,*,#3363,.F.);
#3363 = EDGE_CURVE('',#3364,#3364,#3366,.T.);
#3364 = VERTEX_POINT('',#3365);
#3365 = CARTESIAN_POINT('',(6.96,1.102182119233E-16,0.899909083395));
#3366 = B_SPLINE_CURVE_WITH_KNOTS('',6,(#3367,#3368,#3369,#3370,#3371,
    #3372,#3373,#3374,#3375,#3376,#3377,#3378,#3379,#3380,#3381,#3382,
    #3383,#3384,#3385,#3386,#3387,#3388,#3389,#3390,#3391,#3392,#3393,
    #3394,#3395,#3396,#3397,#3398,#3399,#3400,#3401,#3402,#3403,#3404,
    #3405,#3406,#3407,#3408,#3409,#3410,#3411,#3412,#3413,#3414,#3415,
    #3416,#3417,#3418,#3419,#3420,#3421,#3422,#3423,#3424,#3425,#3426,
    #3427,#3428,#3429,#3430,#3431,#3432,#3433,#3434,#3435,#3436,#3437,
    #3438,#3439,#3440,#3441,#3442,#3443,#3444,#3445,#3446,#3447,#3448,
    #3449,#3450,#3451,#3452,#3453,#3454,#3455,#3456,#3457,#3458,#3459,
    #3460,#3461,#3462,#3463,#3464,#3465,#3466,#3467,#3468,#3469,#3470,
    #3471,#3472,#3473,#3474,#3475,#3476,#3477,#3478,#3479,#3480,#3481,
    #3482,#3483,#3484,#3485,#3486,#3487,#3488,#3489,#3490,#3491,#3492,
    #3493,#3494,#3495,#3496,#3497,#3498,#3499,#3500,#3501,#3502,#3503,
    #3504,#3505,#3506,#3507,#3508,#3509,#3510,#3511,#3512,#3513,#3514,
    #3515,#3516,#3517,#3518,#3519,#3520,#3521,#3522,#3523,#3524,#3525,
    #3526,#3527,#3528,#3529,#3530,#3531,#3532,#3533),.UNSPECIFIED.,.T.,
  .F.,(1,6,5,5,5,5,5,5,5,5,5,5,5,5,5,5,5,5,5,5,5,5,5,5,5,5,5,5,5,5,5,5,5
    ,5,6,1),(-3.7454922963E-02,0.,2.522151735631E-02,5.431626764274E-02,
    8.648932873413E-02,0.120698905604,0.15585219498,0.191016701755,
    0.225517033144,0.258939642143,0.291086884381,0.32191412294,
    0.351469698498,0.379846555914,0.407148198058,0.433469525493,
    0.458895614127,0.483540398702,0.505898369155,0.530279933853,
    0.555348100008,0.581270886766,0.608136607836,0.636034631737,
    0.665066137875,0.695331933304,0.726904811218,0.759787311372,
    0.793856187529,0.828799116201,0.864057997078,0.898806507422,
    0.932001552493,0.962545077037,1.,1.025221517356),.UNSPECIFIED.);
#3367 = CARTESIAN_POINT('',(6.96,0.,0.899909083395));
#3368 = CARTESIAN_POINT('',(6.96,-9.860167462582E-03,0.89990896861));
#3369 = CARTESIAN_POINT('',(6.96,-1.96044152314E-02,0.900333777569));
#3370 = CARTESIAN_POINT('',(6.96,-2.906856746895E-02,0.901162791225));
#3371 = CARTESIAN_POINT('',(6.96,-3.818494668051E-02,0.902337445313));
#3372 = CARTESIAN_POINT('',(6.96,-4.697397432956E-02,0.903804960014));
#3373 = CARTESIAN_POINT('',(6.96,-6.54122858756E-02,0.907588661461));
#3374 = CARTESIAN_POINT('',(6.96,-7.491985816654E-02,0.909985989386));
#3375 = CARTESIAN_POINT('',(6.96,-8.408849098391E-02,0.912709553602));
#3376 = CARTESIAN_POINT('',(6.96,-9.294310465939E-02,0.915726321464));
#3377 = CARTESIAN_POINT('',(6.96,-0.10150496885,0.919011549987));
#3378 = CARTESIAN_POINT('',(6.96,-0.118958221281,0.926453836747));
#3379 = CARTESIAN_POINT('',(6.96,-0.127787715696,0.930666010737));
#3380 = CARTESIAN_POINT('',(6.96,-0.136306161655,0.935155928941));
#3381 = CARTESIAN_POINT('',(6.96,-0.144532121634,0.939904049757));
#3382 = CARTESIAN_POINT('',(6.96,-0.152479877126,0.944895641374));
#3383 = CARTESIAN_POINT('',(6.96,-0.168328600516,0.955672815412));
#3384 = CARTESIAN_POINT('',(6.96,-0.176194773963,0.961488214941));
#3385 = CARTESIAN_POINT('',(6.96,-0.183772608747,0.967551566344));
#3386 = CARTESIAN_POINT('',(6.96,-0.191071765541,0.973851742068));
#3387 = CARTESIAN_POINT('',(6.96,-0.198098606692,0.980379951052));
#3388 = CARTESIAN_POINT('',(6.96,-0.211800202804,0.994065659178));
#3389 = CARTESIAN_POINT('',(6.96,-0.218460270558,1.001234983766));
#3390 = CARTESIAN_POINT('',(6.96,-0.224839910615,1.00863041136));
#3391 = CARTESIAN_POINT('',(6.96,-0.230940211566,1.016245364777));
#3392 = CARTESIAN_POINT('',(6.96,-0.236759839456,1.024073990789));
#3393 = CARTESIAN_POINT('',(6.96,-0.247832003876,1.040150861324));
#3394 = CARTESIAN_POINT('',(6.96,-0.253084568675,1.048398903269));
#3395 = CARTESIAN_POINT('',(6.96,-0.258049049185,1.05685004652));
#3396 = CARTESIAN_POINT('',(6.96,-0.2627200155,1.065498685566));
#3397 = CARTESIAN_POINT('',(6.96,-0.267090290802,1.074338848812));
#3398 = CARTESIAN_POINT('',(6.96,-0.275134913375,1.092219064394));
#3399 = CARTESIAN_POINT('',(6.96,-0.278821000575,1.10125194666));
#3400 = CARTESIAN_POINT('',(6.96,-0.282200788118,1.110456818481));
#3401 = CARTESIAN_POINT('',(6.96,-0.285264726102,1.119826534893));
#3402 = CARTESIAN_POINT('',(6.96,-0.288002139566,1.129352832871));
#3403 = CARTESIAN_POINT('',(6.96,-0.292725370416,1.148397637921));
#3404 = CARTESIAN_POINT('',(6.96,-0.29473215882,1.157906911838));
#3405 = CARTESIAN_POINT('',(6.96,-0.296410834199,1.16754558505));
#3406 = CARTESIAN_POINT('',(6.96,-0.297750172302,1.177303521997));
#3407 = CARTESIAN_POINT('',(6.96,-0.298738484134,1.187169019587));
#3408 = CARTESIAN_POINT('',(6.96,-0.29996489055,1.20670853133));
#3409 = CARTESIAN_POINT('',(6.96,-0.300230362775,1.216375375657));
#3410 = CARTESIAN_POINT('',(6.96,-0.300149187552,1.22611747583));
#3411 = CARTESIAN_POINT('',(6.96,-0.299710732489,1.235921267953));
#3412 = CARTESIAN_POINT('',(6.96,-0.298904577874,1.245771488577));
#3413 = CARTESIAN_POINT('',(6.96,-0.296585075031,1.265125180201));
#3414 = CARTESIAN_POINT('',(6.96,-0.295102319855,1.27462625024));
#3415 = CARTESIAN_POINT('',(6.96,-0.293263243612,1.284139361954));
#3416 = CARTESIAN_POINT('',(6.96,-0.29105964956,1.293647958229));
#3417 = CARTESIAN_POINT('',(6.96,-0.288484151749,1.303133947704));
#3418 = CARTESIAN_POINT('',(6.96,-0.282698057797,1.321631888118));
#3419 = CARTESIAN_POINT('',(6.96,-0.279518212828,1.330647292743));
#3420 = CARTESIAN_POINT('',(6.96,-0.275984865526,1.339606568389));
#3421 = CARTESIAN_POINT('',(6.96,-0.27209347283,1.348491205415));
#3422 = CARTESIAN_POINT('',(6.96,-0.26784072321,1.357281534804));
#3423 = CARTESIAN_POINT('',(6.96,-0.258792456003,1.374285939199));
#3424 = CARTESIAN_POINT('',(6.96,-0.254025471274,1.382509099941));
#3425 = CARTESIAN_POINT('',(6.96,-0.248921774536,1.390607746147));
#3426 = CARTESIAN_POINT('',(6.96,-0.24348099529,1.398562707415));
#3427 = CARTESIAN_POINT('',(6.96,-0.237704200488,1.406354107177));
#3428 = CARTESIAN_POINT('',(6.96,-0.225715116467,1.421280374005));
#3429 = CARTESIAN_POINT('',(6.96,-0.219527700064,1.428429026844));
#3430 = CARTESIAN_POINT('',(6.96,-0.213033898729,1.435388985848));
#3431 = CARTESIAN_POINT('',(6.96,-0.206237442407,1.442141620875));
#3432 = CARTESIAN_POINT('',(6.96,-0.199143537578,1.448668007007));
#3433 = CARTESIAN_POINT('',(6.96,-0.184639358866,1.461004311837));
#3434 = CARTESIAN_POINT('',(6.96,-0.177249661366,1.46683162664));
#3435 = CARTESIAN_POINT('',(6.96,-0.169595743404,1.472413651413));
#3436 = CARTESIAN_POINT('',(6.96,-0.161685063001,1.477733185029));
#3437 = CARTESIAN_POINT('',(6.96,-0.153526567552,1.482773042789));
#3438 = CARTESIAN_POINT('',(6.96,-0.137020377957,1.492097733275));
#3439 = CARTESIAN_POINT('',(6.96,-0.128688741655,1.496402506097));
#3440 = CARTESIAN_POINT('',(6.96,-0.120145015698,1.500414870926));
#3441 = CARTESIAN_POINT('',(6.96,-0.111400273136,1.504119613979));
#3442 = CARTESIAN_POINT('',(6.96,-0.102467429294,1.507501811642));
#3443 = CARTESIAN_POINT('',(6.96,-8.453487359643E-02,1.513498183633));
#3444 = CARTESIAN_POINT('',(6.96,-7.554644720911E-02,1.51613308184));
#3445 = CARTESIAN_POINT('',(6.96,-6.640854708582E-02,1.518437839156));
#3446 = CARTESIAN_POINT('',(6.96,-5.713780068804E-02,1.520399910874));
#3447 = CARTESIAN_POINT('',(6.96,-4.775487845774E-02,1.522007893513));
#3448 = CARTESIAN_POINT('',(6.96,-2.969292548283E-02,1.52437977876));
#3449 = CARTESIAN_POINT('',(6.96,-2.102889094976E-02,1.525208924822));
#3450 = CARTESIAN_POINT('',(6.96,-1.231404153143E-02,1.525730890851));
#3451 = CARTESIAN_POINT('',(6.96,-3.572679276074E-03,1.525941220805));
#3452 = CARTESIAN_POINT('',(6.96,5.168243033088E-03,1.52583907475));
#3453 = CARTESIAN_POINT('',(6.96,2.337844678287E-02,1.524978413229));
#3454 = CARTESIAN_POINT('',(6.96,3.284373024997E-02,1.524160868463));
#3455 = CARTESIAN_POINT('',(6.96,4.224172239025E-02,1.522980299422));
#3456 = CARTESIAN_POINT('',(6.96,5.154503802108E-02,1.521444853212));
#3457 = CARTESIAN_POINT('',(6.96,6.073215666605E-02,1.519565119195));
#3458 = CARTESIAN_POINT('',(6.96,7.909771199475E-02,1.515080715405));
#3459 = CARTESIAN_POINT('',(6.96,8.82675531125E-02,1.512456387335));
#3460 = CARTESIAN_POINT('',(6.96,9.727920151967E-02,1.509494357792));
#3461 = CARTESIAN_POINT('',(6.96,0.106117302403,1.506208331254));
#3462 = CARTESIAN_POINT('',(6.96,0.114768890523,1.502612503667));
#3463 = CARTESIAN_POINT('',(6.96,0.1319661163,1.494697932395));
#3464 = CARTESIAN_POINT('',(6.96,0.140497712216,1.490358583428));
#3465 = CARTESIAN_POINT('',(6.96,0.148806071355,1.485719654426));
#3466 = CARTESIAN_POINT('',(6.96,0.156880646133,1.480797412311));
#3467 = CARTESIAN_POINT('',(6.96,0.164712447986,1.475608252032));
#3468 = CARTESIAN_POINT('',(6.96,0.180151425777,1.46453127229));
#3469 = CARTESIAN_POINT('',(6.96,0.187739967164,1.45862481836));
#3470 = CARTESIAN_POINT('',(6.96,0.195051332691,1.452467727028));
#3471 = CARTESIAN_POINT('',(6.96,0.20207865613,1.446078243141));
#3472 = CARTESIAN_POINT('',(6.96,0.208816543867,1.439474464151));
#3473 = CARTESIAN_POINT('',(6.96,0.221953238059,1.425612923524));
#3474 = CARTESIAN_POINT('',(6.96,0.228328994524,1.418339683896));
#3475 = CARTESIAN_POINT('',(6.96,0.234383964852,1.410874723556));
#3476 = CARTESIAN_POINT('',(6.96,0.240115238483,1.403237627432));
#3477 = CARTESIAN_POINT('',(6.96,0.245521373748,1.395447463058));
#3478 = CARTESIAN_POINT('',(6.96,0.25588986733,1.379276120213));
#3479 = CARTESIAN_POINT('',(6.96,0.260825161615,1.370883687614));
#3480 = CARTESIAN_POINT('',(6.96,0.265408347201,1.362366366749));
#3481 = CARTESIAN_POINT('',(6.96,0.269640836772,1.353744077057));
#3482 = CARTESIAN_POINT('',(6.96,0.273525389215,1.345035773446));
#3483 = CARTESIAN_POINT('',(6.96,0.280757370989,1.327109983642));
#3484 = CARTESIAN_POINT('',(6.96,0.284074778857,1.317886520225));
#3485 = CARTESIAN_POINT('',(6.96,0.28702301626,1.308609389122));
#3486 = CARTESIAN_POINT('',(6.96,0.289607785113,1.29929753334));
#3487 = CARTESIAN_POINT('',(6.96,0.291835806202,1.289968505808));
#3488 = CARTESIAN_POINT('',(6.96,0.295674983107,1.270905490066));
#3489 = CARTESIAN_POINT('',(6.96,0.297255138129,1.261171409814));
#3490 = CARTESIAN_POINT('',(6.96,0.298464076807,1.251454505978));
#3491 = CARTESIAN_POINT('',(6.96,0.299311079865,1.241771395371));
#3492 = CARTESIAN_POINT('',(6.96,0.299805916194,1.232137034265));
#3493 = CARTESIAN_POINT('',(6.96,0.300118111197,1.212595339038));
#3494 = CARTESIAN_POINT('',(6.96,0.299906304864,1.202693342182));
#3495 = CARTESIAN_POINT('',(6.96,0.299334986276,1.192873677979));
#3496 = CARTESIAN_POINT('',(6.96,0.298415549391,1.183149632812));
#3497 = CARTESIAN_POINT('',(6.96,0.29715921972,1.173532829284));
#3498 = CARTESIAN_POINT('',(6.96,0.293937801394,1.154190874));
#3499 = CARTESIAN_POINT('',(6.96,0.291948588365,1.144474495238));
#3500 = CARTESIAN_POINT('',(6.96,0.28962167445,1.134895115228));
#3501 = CARTESIAN_POINT('',(6.96,0.286968474246,1.125462408515));
#3502 = CARTESIAN_POINT('',(6.96,0.283999557728,1.116184698885));
#3503 = CARTESIAN_POINT('',(6.96,0.277365720041,1.097719338125));
#3504 = CARTESIAN_POINT('',(6.96,0.273684735103,1.088540329457));
#3505 = CARTESIAN_POINT('',(6.96,0.269692170683,1.079539418357));
#3506 = CARTESIAN_POINT('',(6.96,0.265397023465,1.070723360764));
#3507 = CARTESIAN_POINT('',(6.96,0.260806811571,1.062098183552));
#3508 = CARTESIAN_POINT('',(6.96,0.251004219697,1.045163947022));
#3509 = CARTESIAN_POINT('',(6.96,0.245786411547,1.036858741787));
#3510 = CARTESIAN_POINT('',(6.96,0.240280395782,1.028758943151));
#3511 = CARTESIAN_POINT('',(6.96,0.234490304979,1.02087012779));
#3512 = CARTESIAN_POINT('',(6.96,0.22841815861,1.013198074729));
#3513 = CARTESIAN_POINT('',(6.96,0.215801547815,0.998407234883));
#3514 = CARTESIAN_POINT('',(6.96,0.209264913083,0.99128247471));
#3515 = CARTESIAN_POINT('',(6.96,0.202454000094,0.984380026053));
#3516 = CARTESIAN_POINT('',(6.96,0.195365961507,0.977706983911));
#3517 = CARTESIAN_POINT('',(6.96,0.187995061392,0.971271997058));
#3518 = CARTESIAN_POINT('',(6.96,0.173012837564,0.959175029375));
#3519 = CARTESIAN_POINT('',(6.96,0.165426529007,0.953492099376));
#3520 = CARTESIAN_POINT('',(6.96,0.157566437944,0.948044934321));
#3521 = CARTESIAN_POINT('',(6.96,0.149421373308,0.942845601948));
#3522 = CARTESIAN_POINT('',(6.96,0.140976264593,0.937909781461));
#3523 = CARTESIAN_POINT('',(6.96,0.124148131162,0.928975627958));
#3524 = CARTESIAN_POINT('',(6.96,0.115814071992,0.924934439518));
#3525 = CARTESIAN_POINT('',(6.96,0.107194037794,0.921149181784));
#3526 = CARTESIAN_POINT('',(6.96,9.826937450524E-02,0.917639774974));
#3527 = CARTESIAN_POINT('',(6.96,8.901696421491E-02,0.914432828225));
#3528 = CARTESIAN_POINT('',(6.96,6.762356037127E-02,0.908046964389));
#3529 = CARTESIAN_POINT('',(6.96,5.540377745077E-02,0.905068595899));
#3530 = CARTESIAN_POINT('',(6.96,4.253681255711E-02,0.902629529668));
#3531 = CARTESIAN_POINT('',(6.96,2.893994360873E-02,0.900849442899));
#3532 = CARTESIAN_POINT('',(6.96,1.46772221458E-02,0.899909046356));
#3533 = CARTESIAN_POINT('',(6.96,0.,0.899909083395));
#3534 = PLANE('',#3535);
#3535 = AXIS2_PLACEMENT_3D('',#3536,#3537,#3538);
#3536 = CARTESIAN_POINT('',(6.96,1.25,1.25));
#3537 = DIRECTION('',(-1.,0.,0.));
#3538 = DIRECTION('',(0.,0.,-1.));
#3539 = ADVANCED_FACE('',(#3540),#3560,.T.);
#3540 = FACE_BOUND('',#3541,.T.);
#3541 = EDGE_LOOP('',(#3542,#3543,#3552,#3559));
#3542 = ORIENTED_EDGE('',*,*,#3363,.F.);
#3543 = ORIENTED_EDGE('',*,*,#3544,.T.);
#3544 = EDGE_CURVE('',#3364,#3545,#3547,.T.);
#3545 = VERTEX_POINT('',#3546);
#3546 = CARTESIAN_POINT('',(7.32,0.,0.35));
#3547 = CIRCLE('',#3548,0.6);
#3548 = AXIS2_PLACEMENT_3D('',#3549,#3550,#3551);
#3549 = CARTESIAN_POINT('',(6.72,1.102182119233E-16,0.35));
#3550 = DIRECTION('',(0.,1.,0.));
#3551 = DIRECTION('',(0.,-0.,1.));
#3552 = ORIENTED_EDGE('',*,*,#3553,.T.);
#3553 = EDGE_CURVE('',#3545,#3545,#3554,.T.);
#3554 = CIRCLE('',#3555,0.3);
#3555 = AXIS2_PLACEMENT_3D('',#3556,#3557,#3558);
#3556 = CARTESIAN_POINT('',(7.62,0.,0.35));
#3557 = DIRECTION('',(3.828568698927E-16,-0.,1.));
#3558 = DIRECTION('',(1.,0.,-3.828568698927E-16));
#3559 = ORIENTED_EDGE('',*,*,#3544,.F.);
#3560 = TOROIDAL_SURFACE('',#3561,0.9,0.3);
#3561 = AXIS2_PLACEMENT_3D('',#3562,#3563,#3564);
#3562 = CARTESIAN_POINT('',(6.72,0.,0.35));
#3563 = DIRECTION('',(0.,1.,0.));
#3564 = DIRECTION('',(0.,-0.,1.));
#3565 = ADVANCED_FACE('',(#3566),#3585,.T.);
#3566 = FACE_BOUND('',#3567,.T.);
#3567 = EDGE_LOOP('',(#3568,#3576,#3583,#3584));
#3568 = ORIENTED_EDGE('',*,*,#3569,.T.);
#3569 = EDGE_CURVE('',#3545,#3570,#3572,.T.);
#3570 = VERTEX_POINT('',#3571);
#3571 = CARTESIAN_POINT('',(7.32,-7.347880794884E-17,-3.));
#3572 = LINE('',#3573,#3574);
#3573 = CARTESIAN_POINT('',(7.32,0.,0.35));
#3574 = VECTOR('',#3575,1.);
#3575 = DIRECTION('',(0.,0.,-1.));
#3576 = ORIENTED_EDGE('',*,*,#3577,.F.);
#3577 = EDGE_CURVE('',#3570,#3570,#3578,.T.);
#3578 = CIRCLE('',#3579,0.3);
#3579 = AXIS2_PLACEMENT_3D('',#3580,#3581,#3582);
#3580 = CARTESIAN_POINT('',(7.62,0.,-3.));
#3581 = DIRECTION('',(0.,0.,-1.));
#3582 = DIRECTION('',(-1.,0.,0.));
#3583 = ORIENTED_EDGE('',*,*,#3569,.F.);
#3584 = ORIENTED_EDGE('',*,*,#3553,.F.);
#3585 = CYLINDRICAL_SURFACE('',#3586,0.3);
#3586 = AXIS2_PLACEMENT_3D('',#3587,#3588,#3589);
#3587 = CARTESIAN_POINT('',(7.62,0.,0.35));
#3588 = DIRECTION('',(0.,0.,-1.));
#3589 = DIRECTION('',(-1.,0.,0.));
#3590 = ADVANCED_FACE('',(#3591),#3594,.F.);
#3591 = FACE_BOUND('',#3592,.T.);
#3592 = EDGE_LOOP('',(#3593));
#3593 = ORIENTED_EDGE('',*,*,#3577,.T.);
#3594 = PLANE('',#3595);
#3595 = AXIS2_PLACEMENT_3D('',#3596,#3597,#3598);
#3596 = CARTESIAN_POINT('',(7.32,0.,-3.));
#3597 = DIRECTION('',(0.,0.,1.));
#3598 = DIRECTION('',(1.,0.,-0.));
#3599 = ( GEOMETRIC_REPRESENTATION_CONTEXT(3) 
GLOBAL_UNCERTAINTY_ASSIGNED_CONTEXT((#3603)) 
GLOBAL_UNIT_ASSIGNED_CONTEXT((#3600,#3601,#3602)) REPRESENTATION_CONTEXT
('Context #1','3D Context with UNIT and UNCERTAINTY') );
#3600 = ( LENGTH_UNIT() NAMED_UNIT(*) SI_UNIT(.MILLI.,.METRE.) );
#3601 = ( NAMED_UNIT(*) PLANE_ANGLE_UNIT() SI_UNIT($,.RADIAN.) );
#3602 = ( NAMED_UNIT(*) SI_UNIT($,.STERADIAN.) SOLID_ANGLE_UNIT() );
#3603 = UNCERTAINTY_MEASURE_WITH_UNIT(LENGTH_MEASURE(1.E-07),#3600,
  'distance_accuracy_value','confusion accuracy');
#3604 = SHAPE_DEFINITION_REPRESENTATION(#3605,#2935);
#3605 = PRODUCT_DEFINITION_SHAPE('','',#3606);
#3606 = PRODUCT_DEFINITION('design','',#3607,#3610);
#3607 = PRODUCT_DEFINITION_FORMATION('','',#3608);
#3608 = PRODUCT('R_Axial_DIN0207_L6.3mm_D2.5mm_P7.62mm_Horizontal',
  'R_Axial_DIN0207_L6.3mm_D2.5mm_P7.62mm_Horizontal','',(#3609));
#3609 = PRODUCT_CONTEXT('',#2,'mechanical');
#3610 = PRODUCT_DEFINITION_CONTEXT('part definition',#2,'design');
#3611 = CONTEXT_DEPENDENT_SHAPE_REPRESENTATION(#3612,#3614);
#3612 = ( REPRESENTATION_RELATIONSHIP('','',#2935,#10) 
REPRESENTATION_RELATIONSHIP_WITH_TRANSFORMATION(#3613) 
SHAPE_REPRESENTATION_RELATIONSHIP() );
#3613 = ITEM_DEFINED_TRANSFORMATION('','',#11,#27);
#3614 = PRODUCT_DEFINITION_SHAPE('Placement','Placement of an item',
  #3615);
#3615 = NEXT_ASSEMBLY_USAGE_OCCURRENCE('4','','',#5,#3606,$);
#3616 = PRODUCT_RELATED_PRODUCT_CATEGORY('part',$,(#3608));
#3617 = ADVANCED_BREP_SHAPE_REPRESENTATION('',(#11,#3618),#5133);
#3618 = MANIFOLD_SOLID_BREP('',#3619);
#3619 = CLOSED_SHELL('',(#3620,#3660,#3691,#3722,#4124,#4526,#4538,#4555
    ,#4572,#4589,#4606,#4623,#4640,#4657,#4674,#4691,#4708,#4725,#4742,
    #4759,#4776,#4793,#4810,#4827,#4844,#4861,#4878,#4895,#4912,#4929,
    #4946,#4963,#4980,#4997,#5014,#5031,#5048,#5065,#5082,#5099,#5116));
#3620 = ADVANCED_FACE('',(#3621),#3655,.T.);
#3621 = FACE_BOUND('',#3622,.T.);
#3622 = EDGE_LOOP('',(#3623,#3633,#3641,#3649));
#3623 = ORIENTED_EDGE('',*,*,#3624,.T.);
#3624 = EDGE_CURVE('',#3625,#3627,#3629,.T.);
#3625 = VERTEX_POINT('',#3626);
#3626 = CARTESIAN_POINT('',(174.,-144.6,0.));
#3627 = VERTEX_POINT('',#3628);
#3628 = CARTESIAN_POINT('',(174.,-144.6,1.510198));
#3629 = LINE('',#3630,#3631);
#3630 = CARTESIAN_POINT('',(174.,-144.6,0.));
#3631 = VECTOR('',#3632,1.);
#3632 = DIRECTION('',(0.,0.,1.));
#3633 = ORIENTED_EDGE('',*,*,#3634,.T.);
#3634 = EDGE_CURVE('',#3627,#3635,#3637,.T.);
#3635 = VERTEX_POINT('',#3636);
#3636 = CARTESIAN_POINT('',(110.7,-144.6,1.510198));
#3637 = LINE('',#3638,#3639);
#3638 = CARTESIAN_POINT('',(174.,-144.6,1.510198));
#3639 = VECTOR('',#3640,1.);
#3640 = DIRECTION('',(-1.,0.,0.));
#3641 = ORIENTED_EDGE('',*,*,#3642,.F.);
#3642 = EDGE_CURVE('',#3643,#3635,#3645,.T.);
#3643 = VERTEX_POINT('',#3644);
#3644 = CARTESIAN_POINT('',(110.7,-144.6,0.));
#3645 = LINE('',#3646,#3647);
#3646 = CARTESIAN_POINT('',(110.7,-144.6,0.));
#3647 = VECTOR('',#3648,1.);
#3648 = DIRECTION('',(0.,0.,1.));
#3649 = ORIENTED_EDGE('',*,*,#3650,.F.);
#3650 = EDGE_CURVE('',#3625,#3643,#3651,.T.);
#3651 = LINE('',#3652,#3653);
#3652 = CARTESIAN_POINT('',(174.,-144.6,0.));
#3653 = VECTOR('',#3654,1.);
#3654 = DIRECTION('',(-1.,0.,0.));
#3655 = PLANE('',#3656);
#3656 = AXIS2_PLACEMENT_3D('',#3657,#3658,#3659);
#3657 = CARTESIAN_POINT('',(174.,-144.6,0.));
#3658 = DIRECTION('',(0.,-1.,0.));
#3659 = DIRECTION('',(-1.,0.,0.));
#3660 = ADVANCED_FACE('',(#3661),#3686,.T.);
#3661 = FACE_BOUND('',#3662,.T.);
#3662 = EDGE_LOOP('',(#3663,#3673,#3679,#3680));
#3663 = ORIENTED_EDGE('',*,*,#3664,.T.);
#3664 = EDGE_CURVE('',#3665,#3667,#3669,.T.);
#3665 = VERTEX_POINT('',#3666);
#3666 = CARTESIAN_POINT('',(174.,-35.1,0.));
#3667 = VERTEX_POINT('',#3668);
#3668 = CARTESIAN_POINT('',(174.,-35.1,1.510198));
#3669 = LINE('',#3670,#3671);
#3670 = CARTESIAN_POINT('',(174.,-35.1,0.));
#3671 = VECTOR('',#3672,1.);
#3672 = DIRECTION('',(0.,0.,1.));
#3673 = ORIENTED_EDGE('',*,*,#3674,.T.);
#3674 = EDGE_CURVE('',#3667,#3627,#3675,.T.);
#3675 = LINE('',#3676,#3677);
#3676 = CARTESIAN_POINT('',(174.,-35.1,1.510198));
#3677 = VECTOR('',#3678,1.);
#3678 = DIRECTION('',(0.,-1.,0.));
#3679 = ORIENTED_EDGE('',*,*,#3624,.F.);
#3680 = ORIENTED_EDGE('',*,*,#3681,.F.);
#3681 = EDGE_CURVE('',#3665,#3625,#3682,.T.);
#3682 = LINE('',#3683,#3684);
#3683 = CARTESIAN_POINT('',(174.,-35.1,0.));
#3684 = VECTOR('',#3685,1.);
#3685 = DIRECTION('',(0.,-1.,0.));
#3686 = PLANE('',#3687);
#3687 = AXIS2_PLACEMENT_3D('',#3688,#3689,#3690);
#3688 = CARTESIAN_POINT('',(174.,-35.1,0.));
#3689 = DIRECTION('',(1.,0.,-0.));
#3690 = DIRECTION('',(0.,-1.,0.));
#3691 = ADVANCED_FACE('',(#3692),#3717,.T.);
#3692 = FACE_BOUND('',#3693,.T.);
#3693 = EDGE_LOOP('',(#3694,#3695,#3703,#3711));
#3694 = ORIENTED_EDGE('',*,*,#3642,.T.);
#3695 = ORIENTED_EDGE('',*,*,#3696,.T.);
#3696 = EDGE_CURVE('',#3635,#3697,#3699,.T.);
#3697 = VERTEX_POINT('',#3698);
#3698 = CARTESIAN_POINT('',(110.7,-35.1,1.510198));
#3699 = LINE('',#3700,#3701);
#3700 = CARTESIAN_POINT('',(110.7,-144.6,1.510198));
#3701 = VECTOR('',#3702,1.);
#3702 = DIRECTION('',(0.,1.,0.));
#3703 = ORIENTED_EDGE('',*,*,#3704,.F.);
#3704 = EDGE_CURVE('',#3705,#3697,#3707,.T.);
#3705 = VERTEX_POINT('',#3706);
#3706 = CARTESIAN_POINT('',(110.7,-35.1,0.));
#3707 = LINE('',#3708,#3709);
#3708 = CARTESIAN_POINT('',(110.7,-35.1,0.));
#3709 = VECTOR('',#3710,1.);
#3710 = DIRECTION('',(0.,0.,1.));
#3711 = ORIENTED_EDGE('',*,*,#3712,.F.);
#3712 = EDGE_CURVE('',#3643,#3705,#3713,.T.);
#3713 = LINE('',#3714,#3715);
#3714 = CARTESIAN_POINT('',(110.7,-144.6,0.));
#3715 = VECTOR('',#3716,1.);
#3716 = DIRECTION('',(0.,1.,0.));
#3717 = PLANE('',#3718);
#3718 = AXIS2_PLACEMENT_3D('',#3719,#3720,#3721);
#3719 = CARTESIAN_POINT('',(110.7,-144.6,0.));
#3720 = DIRECTION('',(-1.,0.,0.));
#3721 = DIRECTION('',(0.,1.,0.));
#3722 = ADVANCED_FACE('',(#3723,#3734,#3745,#3756,#3767,#3778,#3789,
    #3800,#3811,#3822,#3833,#3844,#3855,#3866,#3877,#3888,#3899,#3910,
    #3921,#3932,#3943,#3954,#3965,#3976,#3987,#3998,#4009,#4020,#4031,
    #4042,#4053,#4064,#4075,#4086,#4097,#4108),#4119,.F.);
#3723 = FACE_BOUND('',#3724,.F.);
#3724 = EDGE_LOOP('',(#3725,#3726,#3727,#3733));
#3725 = ORIENTED_EDGE('',*,*,#3650,.F.);
#3726 = ORIENTED_EDGE('',*,*,#3681,.F.);
#3727 = ORIENTED_EDGE('',*,*,#3728,.F.);
#3728 = EDGE_CURVE('',#3705,#3665,#3729,.T.);
#3729 = LINE('',#3730,#3731);
#3730 = CARTESIAN_POINT('',(110.7,-35.1,0.));
#3731 = VECTOR('',#3732,1.);
#3732 = DIRECTION('',(1.,0.,0.));
#3733 = ORIENTED_EDGE('',*,*,#3712,.F.);
#3734 = FACE_BOUND('',#3735,.F.);
#3735 = EDGE_LOOP('',(#3736));
#3736 = ORIENTED_EDGE('',*,*,#3737,.T.);
#3737 = EDGE_CURVE('',#3738,#3738,#3740,.T.);
#3738 = VERTEX_POINT('',#3739);
#3739 = CARTESIAN_POINT('',(131.7,-142.28,0.));
#3740 = CIRCLE('',#3741,0.5);
#3741 = AXIS2_PLACEMENT_3D('',#3742,#3743,#3744);
#3742 = CARTESIAN_POINT('',(131.7,-141.78,0.));
#3743 = DIRECTION('',(-0.,0.,-1.));
#3744 = DIRECTION('',(-0.,-1.,0.));
#3745 = FACE_BOUND('',#3746,.F.);
#3746 = EDGE_LOOP('',(#3747));
#3747 = ORIENTED_EDGE('',*,*,#3748,.T.);
#3748 = EDGE_CURVE('',#3749,#3749,#3751,.T.);
#3749 = VERTEX_POINT('',#3750);
#3750 = CARTESIAN_POINT('',(134.24,-142.28,0.));
#3751 = CIRCLE('',#3752,0.5);
#3752 = AXIS2_PLACEMENT_3D('',#3753,#3754,#3755);
#3753 = CARTESIAN_POINT('',(134.24,-141.78,0.));
#3754 = DIRECTION('',(-0.,0.,-1.));
#3755 = DIRECTION('',(-0.,-1.,0.));
#3756 = FACE_BOUND('',#3757,.F.);
#3757 = EDGE_LOOP('',(#3758));
#3758 = ORIENTED_EDGE('',*,*,#3759,.T.);
#3759 = EDGE_CURVE('',#3760,#3760,#3762,.T.);
#3760 = VERTEX_POINT('',#3761);
#3761 = CARTESIAN_POINT('',(136.78,-142.28,0.));
#3762 = CIRCLE('',#3763,0.5);
#3763 = AXIS2_PLACEMENT_3D('',#3764,#3765,#3766);
#3764 = CARTESIAN_POINT('',(136.78,-141.78,0.));
#3765 = DIRECTION('',(-0.,0.,-1.));
#3766 = DIRECTION('',(-0.,-1.,0.));
#3767 = FACE_BOUND('',#3768,.F.);
#3768 = EDGE_LOOP('',(#3769));
#3769 = ORIENTED_EDGE('',*,*,#3770,.T.);
#3770 = EDGE_CURVE('',#3771,#3771,#3773,.T.);
#3771 = VERTEX_POINT('',#3772);
#3772 = CARTESIAN_POINT('',(139.32,-142.28,0.));
#3773 = CIRCLE('',#3774,0.5);
#3774 = AXIS2_PLACEMENT_3D('',#3775,#3776,#3777);
#3775 = CARTESIAN_POINT('',(139.32,-141.78,0.));
#3776 = DIRECTION('',(-0.,0.,-1.));
#3777 = DIRECTION('',(-0.,-1.,0.));
#3778 = FACE_BOUND('',#3779,.F.);
#3779 = EDGE_LOOP('',(#3780));
#3780 = ORIENTED_EDGE('',*,*,#3781,.T.);
#3781 = EDGE_CURVE('',#3782,#3782,#3784,.T.);
#3782 = VERTEX_POINT('',#3783);
#3783 = CARTESIAN_POINT('',(141.86,-142.28,0.));
#3784 = CIRCLE('',#3785,0.5);
#3785 = AXIS2_PLACEMENT_3D('',#3786,#3787,#3788);
#3786 = CARTESIAN_POINT('',(141.86,-141.78,0.));
#3787 = DIRECTION('',(-0.,0.,-1.));
#3788 = DIRECTION('',(-0.,-1.,0.));
#3789 = FACE_BOUND('',#3790,.F.);
#3790 = EDGE_LOOP('',(#3791));
#3791 = ORIENTED_EDGE('',*,*,#3792,.T.);
#3792 = EDGE_CURVE('',#3793,#3793,#3795,.T.);
#3793 = VERTEX_POINT('',#3794);
#3794 = CARTESIAN_POINT('',(144.4,-142.28,0.));
#3795 = CIRCLE('',#3796,0.5);
#3796 = AXIS2_PLACEMENT_3D('',#3797,#3798,#3799);
#3797 = CARTESIAN_POINT('',(144.4,-141.78,0.));
#3798 = DIRECTION('',(-0.,0.,-1.));
#3799 = DIRECTION('',(-0.,-1.,0.));
#3800 = FACE_BOUND('',#3801,.F.);
#3801 = EDGE_LOOP('',(#3802));
#3802 = ORIENTED_EDGE('',*,*,#3803,.T.);
#3803 = EDGE_CURVE('',#3804,#3804,#3806,.T.);
#3804 = VERTEX_POINT('',#3805);
#3805 = CARTESIAN_POINT('',(146.94,-142.28,0.));
#3806 = CIRCLE('',#3807,0.5);
#3807 = AXIS2_PLACEMENT_3D('',#3808,#3809,#3810);
#3808 = CARTESIAN_POINT('',(146.94,-141.78,0.));
#3809 = DIRECTION('',(-0.,0.,-1.));
#3810 = DIRECTION('',(-0.,-1.,0.));
#3811 = FACE_BOUND('',#3812,.F.);
#3812 = EDGE_LOOP('',(#3813));
#3813 = ORIENTED_EDGE('',*,*,#3814,.T.);
#3814 = EDGE_CURVE('',#3815,#3815,#3817,.T.);
#3815 = VERTEX_POINT('',#3816);
#3816 = CARTESIAN_POINT('',(149.48,-142.28,0.));
#3817 = CIRCLE('',#3818,0.5);
#3818 = AXIS2_PLACEMENT_3D('',#3819,#3820,#3821);
#3819 = CARTESIAN_POINT('',(149.48,-141.78,0.));
#3820 = DIRECTION('',(-0.,0.,-1.));
#3821 = DIRECTION('',(-0.,-1.,0.));
#3822 = FACE_BOUND('',#3823,.F.);
#3823 = EDGE_LOOP('',(#3824));
#3824 = ORIENTED_EDGE('',*,*,#3825,.T.);
#3825 = EDGE_CURVE('',#3826,#3826,#3828,.T.);
#3826 = VERTEX_POINT('',#3827);
#3827 = CARTESIAN_POINT('',(152.02,-142.28,0.));
#3828 = CIRCLE('',#3829,0.5);
#3829 = AXIS2_PLACEMENT_3D('',#3830,#3831,#3832);
#3830 = CARTESIAN_POINT('',(152.02,-141.78,0.));
#3831 = DIRECTION('',(-0.,0.,-1.));
#3832 = DIRECTION('',(-0.,-1.,0.));
#3833 = FACE_BOUND('',#3834,.F.);
#3834 = EDGE_LOOP('',(#3835));
#3835 = ORIENTED_EDGE('',*,*,#3836,.T.);
#3836 = EDGE_CURVE('',#3837,#3837,#3839,.T.);
#3837 = VERTEX_POINT('',#3838);
#3838 = CARTESIAN_POINT('',(129.29,-38.89,0.));
#3839 = CIRCLE('',#3840,0.5);
#3840 = AXIS2_PLACEMENT_3D('',#3841,#3842,#3843);
#3841 = CARTESIAN_POINT('',(129.29,-38.39,0.));
#3842 = DIRECTION('',(-0.,0.,-1.));
#3843 = DIRECTION('',(-0.,-1.,0.));
#3844 = FACE_BOUND('',#3845,.F.);
#3845 = EDGE_LOOP('',(#3846));
#3846 = ORIENTED_EDGE('',*,*,#3847,.T.);
#3847 = EDGE_CURVE('',#3848,#3848,#3850,.T.);
#3848 = VERTEX_POINT('',#3849);
#3849 = CARTESIAN_POINT('',(131.83,-38.89,0.));
#3850 = CIRCLE('',#3851,0.5);
#3851 = AXIS2_PLACEMENT_3D('',#3852,#3853,#3854);
#3852 = CARTESIAN_POINT('',(131.83,-38.39,0.));
#3853 = DIRECTION('',(-0.,0.,-1.));
#3854 = DIRECTION('',(-0.,-1.,0.));
#3855 = FACE_BOUND('',#3856,.F.);
#3856 = EDGE_LOOP('',(#3857));
#3857 = ORIENTED_EDGE('',*,*,#3858,.T.);
#3858 = EDGE_CURVE('',#3859,#3859,#3861,.T.);
#3859 = VERTEX_POINT('',#3860);
#3860 = CARTESIAN_POINT('',(134.363033,-38.862285,0.));
#3861 = CIRCLE('',#3862,0.5);
#3862 = AXIS2_PLACEMENT_3D('',#3863,#3864,#3865);
#3863 = CARTESIAN_POINT('',(134.363033,-38.362285,0.));
#3864 = DIRECTION('',(-0.,0.,-1.));
#3865 = DIRECTION('',(-0.,-1.,0.));
#3866 = FACE_BOUND('',#3867,.F.);
#3867 = EDGE_LOOP('',(#3868));
#3868 = ORIENTED_EDGE('',*,*,#3869,.T.);
#3869 = EDGE_CURVE('',#3870,#3870,#3872,.T.);
#3870 = VERTEX_POINT('',#3871);
#3871 = CARTESIAN_POINT('',(137.051423,-38.862285,0.));
#3872 = CIRCLE('',#3873,0.5);
#3873 = AXIS2_PLACEMENT_3D('',#3874,#3875,#3876);
#3874 = CARTESIAN_POINT('',(137.051423,-38.362285,0.));
#3875 = DIRECTION('',(-0.,0.,-1.));
#3876 = DIRECTION('',(-0.,-1.,0.));
#3877 = FACE_BOUND('',#3878,.F.);
#3878 = EDGE_LOOP('',(#3879));
#3879 = ORIENTED_EDGE('',*,*,#3880,.T.);
#3880 = EDGE_CURVE('',#3881,#3881,#3883,.T.);
#3881 = VERTEX_POINT('',#3882);
#3882 = CARTESIAN_POINT('',(156.2,-68.9,0.));
#3883 = CIRCLE('',#3884,0.4);
#3884 = AXIS2_PLACEMENT_3D('',#3885,#3886,#3887);
#3885 = CARTESIAN_POINT('',(156.2,-68.5,0.));
#3886 = DIRECTION('',(-0.,0.,-1.));
#3887 = DIRECTION('',(-0.,-1.,0.));
#3888 = FACE_BOUND('',#3889,.F.);
#3889 = EDGE_LOOP('',(#3890));
#3890 = ORIENTED_EDGE('',*,*,#3891,.T.);
#3891 = EDGE_CURVE('',#3892,#3892,#3894,.T.);
#3892 = VERTEX_POINT('',#3893);
#3893 = CARTESIAN_POINT('',(158.2,-68.9,0.));
#3894 = CIRCLE('',#3895,0.4);
#3895 = AXIS2_PLACEMENT_3D('',#3896,#3897,#3898);
#3896 = CARTESIAN_POINT('',(158.2,-68.5,0.));
#3897 = DIRECTION('',(-0.,0.,-1.));
#3898 = DIRECTION('',(-0.,-1.,0.));
#3899 = FACE_BOUND('',#3900,.F.);
#3900 = EDGE_LOOP('',(#3901));
#3901 = ORIENTED_EDGE('',*,*,#3902,.T.);
#3902 = EDGE_CURVE('',#3903,#3903,#3905,.T.);
#3903 = VERTEX_POINT('',#3904);
#3904 = CARTESIAN_POINT('',(168.425,-71.05,0.));
#3905 = CIRCLE('',#3906,0.45);
#3906 = AXIS2_PLACEMENT_3D('',#3907,#3908,#3909);
#3907 = CARTESIAN_POINT('',(168.425,-70.6,0.));
#3908 = DIRECTION('',(-0.,0.,-1.));
#3909 = DIRECTION('',(-0.,-1.,0.));
#3910 = FACE_BOUND('',#3911,.F.);
#3911 = EDGE_LOOP('',(#3912));
#3912 = ORIENTED_EDGE('',*,*,#3913,.T.);
#3913 = EDGE_CURVE('',#3914,#3914,#3916,.T.);
#3914 = VERTEX_POINT('',#3915);
#3915 = CARTESIAN_POINT('',(170.965,-71.05,0.));
#3916 = CIRCLE('',#3917,0.45);
#3917 = AXIS2_PLACEMENT_3D('',#3918,#3919,#3920);
#3918 = CARTESIAN_POINT('',(170.965,-70.6,0.));
#3919 = DIRECTION('',(-0.,0.,-1.));
#3920 = DIRECTION('',(6.315935428978E-14,-1.,-0.));
#3921 = FACE_BOUND('',#3922,.F.);
#3922 = EDGE_LOOP('',(#3923));
#3923 = ORIENTED_EDGE('',*,*,#3924,.T.);
#3924 = EDGE_CURVE('',#3925,#3925,#3927,.T.);
#3925 = VERTEX_POINT('',#3926);
#3926 = CARTESIAN_POINT('',(170.9,-66.51,0.));
#3927 = CIRCLE('',#3928,0.4);
#3928 = AXIS2_PLACEMENT_3D('',#3929,#3930,#3931);
#3929 = CARTESIAN_POINT('',(170.9,-66.11,0.));
#3930 = DIRECTION('',(-0.,0.,-1.));
#3931 = DIRECTION('',(-0.,-1.,0.));
#3932 = FACE_BOUND('',#3933,.F.);
#3933 = EDGE_LOOP('',(#3934));
#3934 = ORIENTED_EDGE('',*,*,#3935,.T.);
#3935 = EDGE_CURVE('',#3936,#3936,#3938,.T.);
#3936 = VERTEX_POINT('',#3937);
#3937 = CARTESIAN_POINT('',(155.85,-60.6,0.));
#3938 = CIRCLE('',#3939,0.4);
#3939 = AXIS2_PLACEMENT_3D('',#3940,#3941,#3942);
#3940 = CARTESIAN_POINT('',(155.85,-60.2,0.));
#3941 = DIRECTION('',(-0.,0.,-1.));
#3942 = DIRECTION('',(-0.,-1.,0.));
#3943 = FACE_BOUND('',#3944,.F.);
#3944 = EDGE_LOOP('',(#3945));
#3945 = ORIENTED_EDGE('',*,*,#3946,.T.);
#3946 = EDGE_CURVE('',#3947,#3947,#3949,.T.);
#3947 = VERTEX_POINT('',#3948);
#3948 = CARTESIAN_POINT('',(158.35,-60.6,0.));
#3949 = CIRCLE('',#3950,0.4);
#3950 = AXIS2_PLACEMENT_3D('',#3951,#3952,#3953);
#3951 = CARTESIAN_POINT('',(158.35,-60.2,0.));
#3952 = DIRECTION('',(-0.,0.,-1.));
#3953 = DIRECTION('',(-0.,-1.,0.));
#3954 = FACE_BOUND('',#3955,.F.);
#3955 = EDGE_LOOP('',(#3956));
#3956 = ORIENTED_EDGE('',*,*,#3957,.T.);
#3957 = EDGE_CURVE('',#3958,#3958,#3960,.T.);
#3958 = VERTEX_POINT('',#3959);
#3959 = CARTESIAN_POINT('',(155.76,-54.1645,0.));
#3960 = CIRCLE('',#3961,0.4445);
#3961 = AXIS2_PLACEMENT_3D('',#3962,#3963,#3964);
#3962 = CARTESIAN_POINT('',(155.76,-53.72,0.));
#3963 = DIRECTION('',(-0.,0.,-1.));
#3964 = DIRECTION('',(-0.,-1.,0.));
#3965 = FACE_BOUND('',#3966,.F.);
#3966 = EDGE_LOOP('',(#3967));
#3967 = ORIENTED_EDGE('',*,*,#3968,.T.);
#3968 = EDGE_CURVE('',#3969,#3969,#3971,.T.);
#3969 = VERTEX_POINT('',#3970);
#3970 = CARTESIAN_POINT('',(155.76,-51.6245,0.));
#3971 = CIRCLE('',#3972,0.4445);
#3972 = AXIS2_PLACEMENT_3D('',#3973,#3974,#3975);
#3973 = CARTESIAN_POINT('',(155.76,-51.18,0.));
#3974 = DIRECTION('',(-0.,0.,-1.));
#3975 = DIRECTION('',(-0.,-1.,0.));
#3976 = FACE_BOUND('',#3977,.F.);
#3977 = EDGE_LOOP('',(#3978));
#3978 = ORIENTED_EDGE('',*,*,#3979,.T.);
#3979 = EDGE_CURVE('',#3980,#3980,#3982,.T.);
#3980 = VERTEX_POINT('',#3981);
#3981 = CARTESIAN_POINT('',(155.76,-49.0845,0.));
#3982 = CIRCLE('',#3983,0.4445);
#3983 = AXIS2_PLACEMENT_3D('',#3984,#3985,#3986);
#3984 = CARTESIAN_POINT('',(155.76,-48.64,0.));
#3985 = DIRECTION('',(-0.,0.,-1.));
#3986 = DIRECTION('',(-0.,-1.,0.));
#3987 = FACE_BOUND('',#3988,.F.);
#3988 = EDGE_LOOP('',(#3989));
#3989 = ORIENTED_EDGE('',*,*,#3990,.T.);
#3990 = EDGE_CURVE('',#3991,#3991,#3993,.T.);
#3991 = VERTEX_POINT('',#3992);
#3992 = CARTESIAN_POINT('',(155.76,-46.5445,0.));
#3993 = CIRCLE('',#3994,0.4445);
#3994 = AXIS2_PLACEMENT_3D('',#3995,#3996,#3997);
#3995 = CARTESIAN_POINT('',(155.76,-46.1,0.));
#3996 = DIRECTION('',(-0.,0.,-1.));
#3997 = DIRECTION('',(-0.,-1.,0.));
#3998 = FACE_BOUND('',#3999,.F.);
#3999 = EDGE_LOOP('',(#4000));
#4000 = ORIENTED_EDGE('',*,*,#4001,.T.);
#4001 = EDGE_CURVE('',#4002,#4002,#4004,.T.);
#4002 = VERTEX_POINT('',#4003);
#4003 = CARTESIAN_POINT('',(155.76,-44.0045,0.));
#4004 = CIRCLE('',#4005,0.4445);
#4005 = AXIS2_PLACEMENT_3D('',#4006,#4007,#4008);
#4006 = CARTESIAN_POINT('',(155.76,-43.56,0.));
#4007 = DIRECTION('',(-0.,0.,-1.));
#4008 = DIRECTION('',(-0.,-1.,0.));
#4009 = FACE_BOUND('',#4010,.F.);
#4010 = EDGE_LOOP('',(#4011));
#4011 = ORIENTED_EDGE('',*,*,#4012,.T.);
#4012 = EDGE_CURVE('',#4013,#4013,#4015,.T.);
#4013 = VERTEX_POINT('',#4014);
#4014 = CARTESIAN_POINT('',(155.76,-41.4645,0.));
#4015 = CIRCLE('',#4016,0.4445);
#4016 = AXIS2_PLACEMENT_3D('',#4017,#4018,#4019);
#4017 = CARTESIAN_POINT('',(155.76,-41.02,0.));
#4018 = DIRECTION('',(-0.,0.,-1.));
#4019 = DIRECTION('',(-0.,-1.,0.));
#4020 = FACE_BOUND('',#4021,.F.);
#4021 = EDGE_LOOP('',(#4022));
#4022 = ORIENTED_EDGE('',*,*,#4023,.T.);
#4023 = EDGE_CURVE('',#4024,#4024,#4026,.T.);
#4024 = VERTEX_POINT('',#4025);
#4025 = CARTESIAN_POINT('',(155.76,-38.9245,0.));
#4026 = CIRCLE('',#4027,0.4445);
#4027 = AXIS2_PLACEMENT_3D('',#4028,#4029,#4030);
#4028 = CARTESIAN_POINT('',(155.76,-38.48,0.));
#4029 = DIRECTION('',(-0.,0.,-1.));
#4030 = DIRECTION('',(-0.,-1.,0.));
#4031 = FACE_BOUND('',#4032,.F.);
#4032 = EDGE_LOOP('',(#4033));
#4033 = ORIENTED_EDGE('',*,*,#4034,.T.);
#4034 = EDGE_CURVE('',#4035,#4035,#4037,.T.);
#4035 = VERTEX_POINT('',#4036);
#4036 = CARTESIAN_POINT('',(170.9,-58.89,0.));
#4037 = CIRCLE('',#4038,0.4);
#4038 = AXIS2_PLACEMENT_3D('',#4039,#4040,#4041);
#4039 = CARTESIAN_POINT('',(170.9,-58.49,0.));
#4040 = DIRECTION('',(-0.,0.,-1.));
#4041 = DIRECTION('',(-0.,-1.,0.));
#4042 = FACE_BOUND('',#4043,.F.);
#4043 = EDGE_LOOP('',(#4044));
#4044 = ORIENTED_EDGE('',*,*,#4045,.T.);
#4045 = EDGE_CURVE('',#4046,#4046,#4048,.T.);
#4046 = VERTEX_POINT('',#4047);
#4047 = CARTESIAN_POINT('',(171.,-54.1645,0.));
#4048 = CIRCLE('',#4049,0.4445);
#4049 = AXIS2_PLACEMENT_3D('',#4050,#4051,#4052);
#4050 = CARTESIAN_POINT('',(171.,-53.72,0.));
#4051 = DIRECTION('',(-0.,0.,-1.));
#4052 = DIRECTION('',(-0.,-1.,0.));
#4053 = FACE_BOUND('',#4054,.F.);
#4054 = EDGE_LOOP('',(#4055));
#4055 = ORIENTED_EDGE('',*,*,#4056,.T.);
#4056 = EDGE_CURVE('',#4057,#4057,#4059,.T.);
#4057 = VERTEX_POINT('',#4058);
#4058 = CARTESIAN_POINT('',(171.,-51.6245,0.));
#4059 = CIRCLE('',#4060,0.4445);
#4060 = AXIS2_PLACEMENT_3D('',#4061,#4062,#4063);
#4061 = CARTESIAN_POINT('',(171.,-51.18,0.));
#4062 = DIRECTION('',(-0.,0.,-1.));
#4063 = DIRECTION('',(-0.,-1.,0.));
#4064 = FACE_BOUND('',#4065,.F.);
#4065 = EDGE_LOOP('',(#4066));
#4066 = ORIENTED_EDGE('',*,*,#4067,.T.);
#4067 = EDGE_CURVE('',#4068,#4068,#4070,.T.);
#4068 = VERTEX_POINT('',#4069);
#4069 = CARTESIAN_POINT('',(171.,-49.0845,0.));
#4070 = CIRCLE('',#4071,0.4445);
#4071 = AXIS2_PLACEMENT_3D('',#4072,#4073,#4074);
#4072 = CARTESIAN_POINT('',(171.,-48.64,0.));
#4073 = DIRECTION('',(-0.,0.,-1.));
#4074 = DIRECTION('',(-0.,-1.,0.));
#4075 = FACE_BOUND('',#4076,.F.);
#4076 = EDGE_LOOP('',(#4077));
#4077 = ORIENTED_EDGE('',*,*,#4078,.T.);
#4078 = EDGE_CURVE('',#4079,#4079,#4081,.T.);
#4079 = VERTEX_POINT('',#4080);
#4080 = CARTESIAN_POINT('',(171.,-46.5445,0.));
#4081 = CIRCLE('',#4082,0.4445);
#4082 = AXIS2_PLACEMENT_3D('',#4083,#4084,#4085);
#4083 = CARTESIAN_POINT('',(171.,-46.1,0.));
#4084 = DIRECTION('',(-0.,0.,-1.));
#4085 = DIRECTION('',(-0.,-1.,0.));
#4086 = FACE_BOUND('',#4087,.F.);
#4087 = EDGE_LOOP('',(#4088));
#4088 = ORIENTED_EDGE('',*,*,#4089,.T.);
#4089 = EDGE_CURVE('',#4090,#4090,#4092,.T.);
#4090 = VERTEX_POINT('',#4091);
#4091 = CARTESIAN_POINT('',(171.,-44.0045,0.));
#4092 = CIRCLE('',#4093,0.4445);
#4093 = AXIS2_PLACEMENT_3D('',#4094,#4095,#4096);
#4094 = CARTESIAN_POINT('',(171.,-43.56,0.));
#4095 = DIRECTION('',(-0.,0.,-1.));
#4096 = DIRECTION('',(-0.,-1.,0.));
#4097 = FACE_BOUND('',#4098,.F.);
#4098 = EDGE_LOOP('',(#4099));
#4099 = ORIENTED_EDGE('',*,*,#4100,.T.);
#4100 = EDGE_CURVE('',#4101,#4101,#4103,.T.);
#4101 = VERTEX_POINT('',#4102);
#4102 = CARTESIAN_POINT('',(171.,-41.4645,0.));
#4103 = CIRCLE('',#4104,0.4445);
#4104 = AXIS2_PLACEMENT_3D('',#4105,#4106,#4107);
#4105 = CARTESIAN_POINT('',(171.,-41.02,0.));
#4106 = DIRECTION('',(-0.,0.,-1.));
#4107 = DIRECTION('',(-0.,-1.,0.));
#4108 = FACE_BOUND('',#4109,.F.);
#4109 = EDGE_LOOP('',(#4110));
#4110 = ORIENTED_EDGE('',*,*,#4111,.T.);
#4111 = EDGE_CURVE('',#4112,#4112,#4114,.T.);
#4112 = VERTEX_POINT('',#4113);
#4113 = CARTESIAN_POINT('',(171.,-38.9245,0.));
#4114 = CIRCLE('',#4115,0.4445);
#4115 = AXIS2_PLACEMENT_3D('',#4116,#4117,#4118);
#4116 = CARTESIAN_POINT('',(171.,-38.48,0.));
#4117 = DIRECTION('',(-0.,0.,-1.));
#4118 = DIRECTION('',(-0.,-1.,0.));
#4119 = PLANE('',#4120);
#4120 = AXIS2_PLACEMENT_3D('',#4121,#4122,#4123);
#4121 = CARTESIAN_POINT('',(0.,0.,0.));
#4122 = DIRECTION('',(0.,0.,1.));
#4123 = DIRECTION('',(1.,0.,-0.));
#4124 = ADVANCED_FACE('',(#4125,#4136,#4147,#4158,#4169,#4180,#4191,
    #4202,#4213,#4224,#4235,#4246,#4257,#4268,#4279,#4290,#4301,#4312,
    #4323,#4334,#4345,#4356,#4367,#4378,#4389,#4400,#4411,#4422,#4433,
    #4444,#4455,#4466,#4477,#4488,#4499,#4510),#4521,.T.);
#4125 = FACE_BOUND('',#4126,.T.);
#4126 = EDGE_LOOP('',(#4127,#4128,#4129,#4135));
#4127 = ORIENTED_EDGE('',*,*,#3634,.F.);
#4128 = ORIENTED_EDGE('',*,*,#3674,.F.);
#4129 = ORIENTED_EDGE('',*,*,#4130,.F.);
#4130 = EDGE_CURVE('',#3697,#3667,#4131,.T.);
#4131 = LINE('',#4132,#4133);
#4132 = CARTESIAN_POINT('',(110.7,-35.1,1.510198));
#4133 = VECTOR('',#4134,1.);
#4134 = DIRECTION('',(1.,0.,0.));
#4135 = ORIENTED_EDGE('',*,*,#3696,.F.);
#4136 = FACE_BOUND('',#4137,.T.);
#4137 = EDGE_LOOP('',(#4138));
#4138 = ORIENTED_EDGE('',*,*,#4139,.T.);
#4139 = EDGE_CURVE('',#4140,#4140,#4142,.T.);
#4140 = VERTEX_POINT('',#4141);
#4141 = CARTESIAN_POINT('',(131.7,-142.28,1.510198));
#4142 = CIRCLE('',#4143,0.5);
#4143 = AXIS2_PLACEMENT_3D('',#4144,#4145,#4146);
#4144 = CARTESIAN_POINT('',(131.7,-141.78,1.510198));
#4145 = DIRECTION('',(-0.,0.,-1.));
#4146 = DIRECTION('',(-0.,-1.,0.));
#4147 = FACE_BOUND('',#4148,.T.);
#4148 = EDGE_LOOP('',(#4149));
#4149 = ORIENTED_EDGE('',*,*,#4150,.T.);
#4150 = EDGE_CURVE('',#4151,#4151,#4153,.T.);
#4151 = VERTEX_POINT('',#4152);
#4152 = CARTESIAN_POINT('',(134.24,-142.28,1.510198));
#4153 = CIRCLE('',#4154,0.5);
#4154 = AXIS2_PLACEMENT_3D('',#4155,#4156,#4157);
#4155 = CARTESIAN_POINT('',(134.24,-141.78,1.510198));
#4156 = DIRECTION('',(-0.,0.,-1.));
#4157 = DIRECTION('',(-0.,-1.,0.));
#4158 = FACE_BOUND('',#4159,.T.);
#4159 = EDGE_LOOP('',(#4160));
#4160 = ORIENTED_EDGE('',*,*,#4161,.T.);
#4161 = EDGE_CURVE('',#4162,#4162,#4164,.T.);
#4162 = VERTEX_POINT('',#4163);
#4163 = CARTESIAN_POINT('',(136.78,-142.28,1.510198));
#4164 = CIRCLE('',#4165,0.5);
#4165 = AXIS2_PLACEMENT_3D('',#4166,#4167,#4168);
#4166 = CARTESIAN_POINT('',(136.78,-141.78,1.510198));
#4167 = DIRECTION('',(-0.,0.,-1.));
#4168 = DIRECTION('',(-0.,-1.,0.));
#4169 = FACE_BOUND('',#4170,.T.);
#4170 = EDGE_LOOP('',(#4171));
#4171 = ORIENTED_EDGE('',*,*,#4172,.T.);
#4172 = EDGE_CURVE('',#4173,#4173,#4175,.T.);
#4173 = VERTEX_POINT('',#4174);
#4174 = CARTESIAN_POINT('',(139.32,-142.28,1.510198));
#4175 = CIRCLE('',#4176,0.5);
#4176 = AXIS2_PLACEMENT_3D('',#4177,#4178,#4179);
#4177 = CARTESIAN_POINT('',(139.32,-141.78,1.510198));
#4178 = DIRECTION('',(-0.,0.,-1.));
#4179 = DIRECTION('',(-0.,-1.,0.));
#4180 = FACE_BOUND('',#4181,.T.);
#4181 = EDGE_LOOP('',(#4182));
#4182 = ORIENTED_EDGE('',*,*,#4183,.T.);
#4183 = EDGE_CURVE('',#4184,#4184,#4186,.T.);
#4184 = VERTEX_POINT('',#4185);
#4185 = CARTESIAN_POINT('',(141.86,-142.28,1.510198));
#4186 = CIRCLE('',#4187,0.5);
#4187 = AXIS2_PLACEMENT_3D('',#4188,#4189,#4190);
#4188 = CARTESIAN_POINT('',(141.86,-141.78,1.510198));
#4189 = DIRECTION('',(-0.,0.,-1.));
#4190 = DIRECTION('',(-0.,-1.,0.));
#4191 = FACE_BOUND('',#4192,.T.);
#4192 = EDGE_LOOP('',(#4193));
#4193 = ORIENTED_EDGE('',*,*,#4194,.T.);
#4194 = EDGE_CURVE('',#4195,#4195,#4197,.T.);
#4195 = VERTEX_POINT('',#4196);
#4196 = CARTESIAN_POINT('',(144.4,-142.28,1.510198));
#4197 = CIRCLE('',#4198,0.5);
#4198 = AXIS2_PLACEMENT_3D('',#4199,#4200,#4201);
#4199 = CARTESIAN_POINT('',(144.4,-141.78,1.510198));
#4200 = DIRECTION('',(-0.,0.,-1.));
#4201 = DIRECTION('',(-0.,-1.,0.));
#4202 = FACE_BOUND('',#4203,.T.);
#4203 = EDGE_LOOP('',(#4204));
#4204 = ORIENTED_EDGE('',*,*,#4205,.T.);
#4205 = EDGE_CURVE('',#4206,#4206,#4208,.T.);
#4206 = VERTEX_POINT('',#4207);
#4207 = CARTESIAN_POINT('',(146.94,-142.28,1.510198));
#4208 = CIRCLE('',#4209,0.5);
#4209 = AXIS2_PLACEMENT_3D('',#4210,#4211,#4212);
#4210 = CARTESIAN_POINT('',(146.94,-141.78,1.510198));
#4211 = DIRECTION('',(-0.,0.,-1.));
#4212 = DIRECTION('',(-0.,-1.,0.));
#4213 = FACE_BOUND('',#4214,.T.);
#4214 = EDGE_LOOP('',(#4215));
#4215 = ORIENTED_EDGE('',*,*,#4216,.T.);
#4216 = EDGE_CURVE('',#4217,#4217,#4219,.T.);
#4217 = VERTEX_POINT('',#4218);
#4218 = CARTESIAN_POINT('',(149.48,-142.28,1.510198));
#4219 = CIRCLE('',#4220,0.5);
#4220 = AXIS2_PLACEMENT_3D('',#4221,#4222,#4223);
#4221 = CARTESIAN_POINT('',(149.48,-141.78,1.510198));
#4222 = DIRECTION('',(-0.,0.,-1.));
#4223 = DIRECTION('',(-0.,-1.,0.));
#4224 = FACE_BOUND('',#4225,.T.);
#4225 = EDGE_LOOP('',(#4226));
#4226 = ORIENTED_EDGE('',*,*,#4227,.T.);
#4227 = EDGE_CURVE('',#4228,#4228,#4230,.T.);
#4228 = VERTEX_POINT('',#4229);
#4229 = CARTESIAN_POINT('',(152.02,-142.28,1.510198));
#4230 = CIRCLE('',#4231,0.5);
#4231 = AXIS2_PLACEMENT_3D('',#4232,#4233,#4234);
#4232 = CARTESIAN_POINT('',(152.02,-141.78,1.510198));
#4233 = DIRECTION('',(-0.,0.,-1.));
#4234 = DIRECTION('',(-0.,-1.,0.));
#4235 = FACE_BOUND('',#4236,.T.);
#4236 = EDGE_LOOP('',(#4237));
#4237 = ORIENTED_EDGE('',*,*,#4238,.T.);
#4238 = EDGE_CURVE('',#4239,#4239,#4241,.T.);
#4239 = VERTEX_POINT('',#4240);
#4240 = CARTESIAN_POINT('',(129.29,-38.89,1.510198));
#4241 = CIRCLE('',#4242,0.5);
#4242 = AXIS2_PLACEMENT_3D('',#4243,#4244,#4245);
#4243 = CARTESIAN_POINT('',(129.29,-38.39,1.510198));
#4244 = DIRECTION('',(-0.,0.,-1.));
#4245 = DIRECTION('',(-0.,-1.,0.));
#4246 = FACE_BOUND('',#4247,.T.);
#4247 = EDGE_LOOP('',(#4248));
#4248 = ORIENTED_EDGE('',*,*,#4249,.T.);
#4249 = EDGE_CURVE('',#4250,#4250,#4252,.T.);
#4250 = VERTEX_POINT('',#4251);
#4251 = CARTESIAN_POINT('',(131.83,-38.89,1.510198));
#4252 = CIRCLE('',#4253,0.5);
#4253 = AXIS2_PLACEMENT_3D('',#4254,#4255,#4256);
#4254 = CARTESIAN_POINT('',(131.83,-38.39,1.510198));
#4255 = DIRECTION('',(-0.,0.,-1.));
#4256 = DIRECTION('',(-0.,-1.,0.));
#4257 = FACE_BOUND('',#4258,.T.);
#4258 = EDGE_LOOP('',(#4259));
#4259 = ORIENTED_EDGE('',*,*,#4260,.T.);
#4260 = EDGE_CURVE('',#4261,#4261,#4263,.T.);
#4261 = VERTEX_POINT('',#4262);
#4262 = CARTESIAN_POINT('',(134.363033,-38.862285,1.510198));
#4263 = CIRCLE('',#4264,0.5);
#4264 = AXIS2_PLACEMENT_3D('',#4265,#4266,#4267);
#4265 = CARTESIAN_POINT('',(134.363033,-38.362285,1.510198));
#4266 = DIRECTION('',(-0.,0.,-1.));
#4267 = DIRECTION('',(-0.,-1.,0.));
#4268 = FACE_BOUND('',#4269,.T.);
#4269 = EDGE_LOOP('',(#4270));
#4270 = ORIENTED_EDGE('',*,*,#4271,.T.);
#4271 = EDGE_CURVE('',#4272,#4272,#4274,.T.);
#4272 = VERTEX_POINT('',#4273);
#4273 = CARTESIAN_POINT('',(137.051423,-38.862285,1.510198));
#4274 = CIRCLE('',#4275,0.5);
#4275 = AXIS2_PLACEMENT_3D('',#4276,#4277,#4278);
#4276 = CARTESIAN_POINT('',(137.051423,-38.362285,1.510198));
#4277 = DIRECTION('',(-0.,0.,-1.));
#4278 = DIRECTION('',(-0.,-1.,0.));
#4279 = FACE_BOUND('',#4280,.T.);
#4280 = EDGE_LOOP('',(#4281));
#4281 = ORIENTED_EDGE('',*,*,#4282,.T.);
#4282 = EDGE_CURVE('',#4283,#4283,#4285,.T.);
#4283 = VERTEX_POINT('',#4284);
#4284 = CARTESIAN_POINT('',(156.2,-68.9,1.510198));
#4285 = CIRCLE('',#4286,0.4);
#4286 = AXIS2_PLACEMENT_3D('',#4287,#4288,#4289);
#4287 = CARTESIAN_POINT('',(156.2,-68.5,1.510198));
#4288 = DIRECTION('',(-0.,0.,-1.));
#4289 = DIRECTION('',(-0.,-1.,0.));
#4290 = FACE_BOUND('',#4291,.T.);
#4291 = EDGE_LOOP('',(#4292));
#4292 = ORIENTED_EDGE('',*,*,#4293,.T.);
#4293 = EDGE_CURVE('',#4294,#4294,#4296,.T.);
#4294 = VERTEX_POINT('',#4295);
#4295 = CARTESIAN_POINT('',(158.2,-68.9,1.510198));
#4296 = CIRCLE('',#4297,0.4);
#4297 = AXIS2_PLACEMENT_3D('',#4298,#4299,#4300);
#4298 = CARTESIAN_POINT('',(158.2,-68.5,1.510198));
#4299 = DIRECTION('',(-0.,0.,-1.));
#4300 = DIRECTION('',(-0.,-1.,0.));
#4301 = FACE_BOUND('',#4302,.T.);
#4302 = EDGE_LOOP('',(#4303));
#4303 = ORIENTED_EDGE('',*,*,#4304,.T.);
#4304 = EDGE_CURVE('',#4305,#4305,#4307,.T.);
#4305 = VERTEX_POINT('',#4306);
#4306 = CARTESIAN_POINT('',(168.425,-71.05,1.510198));
#4307 = CIRCLE('',#4308,0.45);
#4308 = AXIS2_PLACEMENT_3D('',#4309,#4310,#4311);
#4309 = CARTESIAN_POINT('',(168.425,-70.6,1.510198));
#4310 = DIRECTION('',(-0.,0.,-1.));
#4311 = DIRECTION('',(-0.,-1.,0.));
#4312 = FACE_BOUND('',#4313,.T.);
#4313 = EDGE_LOOP('',(#4314));
#4314 = ORIENTED_EDGE('',*,*,#4315,.T.);
#4315 = EDGE_CURVE('',#4316,#4316,#4318,.T.);
#4316 = VERTEX_POINT('',#4317);
#4317 = CARTESIAN_POINT('',(170.965,-71.05,1.510198));
#4318 = CIRCLE('',#4319,0.45);
#4319 = AXIS2_PLACEMENT_3D('',#4320,#4321,#4322);
#4320 = CARTESIAN_POINT('',(170.965,-70.6,1.510198));
#4321 = DIRECTION('',(-0.,0.,-1.));
#4322 = DIRECTION('',(6.315935428978E-14,-1.,-0.));
#4323 = FACE_BOUND('',#4324,.T.);
#4324 = EDGE_LOOP('',(#4325));
#4325 = ORIENTED_EDGE('',*,*,#4326,.T.);
#4326 = EDGE_CURVE('',#4327,#4327,#4329,.T.);
#4327 = VERTEX_POINT('',#4328);
#4328 = CARTESIAN_POINT('',(170.9,-66.51,1.510198));
#4329 = CIRCLE('',#4330,0.4);
#4330 = AXIS2_PLACEMENT_3D('',#4331,#4332,#4333);
#4331 = CARTESIAN_POINT('',(170.9,-66.11,1.510198));
#4332 = DIRECTION('',(-0.,0.,-1.));
#4333 = DIRECTION('',(-0.,-1.,0.));
#4334 = FACE_BOUND('',#4335,.T.);
#4335 = EDGE_LOOP('',(#4336));
#4336 = ORIENTED_EDGE('',*,*,#4337,.T.);
#4337 = EDGE_CURVE('',#4338,#4338,#4340,.T.);
#4338 = VERTEX_POINT('',#4339);
#4339 = CARTESIAN_POINT('',(155.85,-60.6,1.510198));
#4340 = CIRCLE('',#4341,0.4);
#4341 = AXIS2_PLACEMENT_3D('',#4342,#4343,#4344);
#4342 = CARTESIAN_POINT('',(155.85,-60.2,1.510198));
#4343 = DIRECTION('',(-0.,0.,-1.));
#4344 = DIRECTION('',(-0.,-1.,0.));
#4345 = FACE_BOUND('',#4346,.T.);
#4346 = EDGE_LOOP('',(#4347));
#4347 = ORIENTED_EDGE('',*,*,#4348,.T.);
#4348 = EDGE_CURVE('',#4349,#4349,#4351,.T.);
#4349 = VERTEX_POINT('',#4350);
#4350 = CARTESIAN_POINT('',(158.35,-60.6,1.510198));
#4351 = CIRCLE('',#4352,0.4);
#4352 = AXIS2_PLACEMENT_3D('',#4353,#4354,#4355);
#4353 = CARTESIAN_POINT('',(158.35,-60.2,1.510198));
#4354 = DIRECTION('',(-0.,0.,-1.));
#4355 = DIRECTION('',(-0.,-1.,0.));
#4356 = FACE_BOUND('',#4357,.T.);
#4357 = EDGE_LOOP('',(#4358));
#4358 = ORIENTED_EDGE('',*,*,#4359,.T.);
#4359 = EDGE_CURVE('',#4360,#4360,#4362,.T.);
#4360 = VERTEX_POINT('',#4361);
#4361 = CARTESIAN_POINT('',(155.76,-54.1645,1.510198));
#4362 = CIRCLE('',#4363,0.4445);
#4363 = AXIS2_PLACEMENT_3D('',#4364,#4365,#4366);
#4364 = CARTESIAN_POINT('',(155.76,-53.72,1.510198));
#4365 = DIRECTION('',(-0.,0.,-1.));
#4366 = DIRECTION('',(-0.,-1.,0.));
#4367 = FACE_BOUND('',#4368,.T.);
#4368 = EDGE_LOOP('',(#4369));
#4369 = ORIENTED_EDGE('',*,*,#4370,.T.);
#4370 = EDGE_CURVE('',#4371,#4371,#4373,.T.);
#4371 = VERTEX_POINT('',#4372);
#4372 = CARTESIAN_POINT('',(155.76,-51.6245,1.510198));
#4373 = CIRCLE('',#4374,0.4445);
#4374 = AXIS2_PLACEMENT_3D('',#4375,#4376,#4377);
#4375 = CARTESIAN_POINT('',(155.76,-51.18,1.510198));
#4376 = DIRECTION('',(-0.,0.,-1.));
#4377 = DIRECTION('',(-0.,-1.,0.));
#4378 = FACE_BOUND('',#4379,.T.);
#4379 = EDGE_LOOP('',(#4380));
#4380 = ORIENTED_EDGE('',*,*,#4381,.T.);
#4381 = EDGE_CURVE('',#4382,#4382,#4384,.T.);
#4382 = VERTEX_POINT('',#4383);
#4383 = CARTESIAN_POINT('',(155.76,-49.0845,1.510198));
#4384 = CIRCLE('',#4385,0.4445);
#4385 = AXIS2_PLACEMENT_3D('',#4386,#4387,#4388);
#4386 = CARTESIAN_POINT('',(155.76,-48.64,1.510198));
#4387 = DIRECTION('',(-0.,0.,-1.));
#4388 = DIRECTION('',(-0.,-1.,0.));
#4389 = FACE_BOUND('',#4390,.T.);
#4390 = EDGE_LOOP('',(#4391));
#4391 = ORIENTED_EDGE('',*,*,#4392,.T.);
#4392 = EDGE_CURVE('',#4393,#4393,#4395,.T.);
#4393 = VERTEX_POINT('',#4394);
#4394 = CARTESIAN_POINT('',(155.76,-46.5445,1.510198));
#4395 = CIRCLE('',#4396,0.4445);
#4396 = AXIS2_PLACEMENT_3D('',#4397,#4398,#4399);
#4397 = CARTESIAN_POINT('',(155.76,-46.1,1.510198));
#4398 = DIRECTION('',(-0.,0.,-1.));
#4399 = DIRECTION('',(-0.,-1.,0.));
#4400 = FACE_BOUND('',#4401,.T.);
#4401 = EDGE_LOOP('',(#4402));
#4402 = ORIENTED_EDGE('',*,*,#4403,.T.);
#4403 = EDGE_CURVE('',#4404,#4404,#4406,.T.);
#4404 = VERTEX_POINT('',#4405);
#4405 = CARTESIAN_POINT('',(155.76,-44.0045,1.510198));
#4406 = CIRCLE('',#4407,0.4445);
#4407 = AXIS2_PLACEMENT_3D('',#4408,#4409,#4410);
#4408 = CARTESIAN_POINT('',(155.76,-43.56,1.510198));
#4409 = DIRECTION('',(-0.,0.,-1.));
#4410 = DIRECTION('',(-0.,-1.,0.));
#4411 = FACE_BOUND('',#4412,.T.);
#4412 = EDGE_LOOP('',(#4413));
#4413 = ORIENTED_EDGE('',*,*,#4414,.T.);
#4414 = EDGE_CURVE('',#4415,#4415,#4417,.T.);
#4415 = VERTEX_POINT('',#4416);
#4416 = CARTESIAN_POINT('',(155.76,-41.4645,1.510198));
#4417 = CIRCLE('',#4418,0.4445);
#4418 = AXIS2_PLACEMENT_3D('',#4419,#4420,#4421);
#4419 = CARTESIAN_POINT('',(155.76,-41.02,1.510198));
#4420 = DIRECTION('',(-0.,0.,-1.));
#4421 = DIRECTION('',(-0.,-1.,0.));
#4422 = FACE_BOUND('',#4423,.T.);
#4423 = EDGE_LOOP('',(#4424));
#4424 = ORIENTED_EDGE('',*,*,#4425,.T.);
#4425 = EDGE_CURVE('',#4426,#4426,#4428,.T.);
#4426 = VERTEX_POINT('',#4427);
#4427 = CARTESIAN_POINT('',(155.76,-38.9245,1.510198));
#4428 = CIRCLE('',#4429,0.4445);
#4429 = AXIS2_PLACEMENT_3D('',#4430,#4431,#4432);
#4430 = CARTESIAN_POINT('',(155.76,-38.48,1.510198));
#4431 = DIRECTION('',(-0.,0.,-1.));
#4432 = DIRECTION('',(-0.,-1.,0.));
#4433 = FACE_BOUND('',#4434,.T.);
#4434 = EDGE_LOOP('',(#4435));
#4435 = ORIENTED_EDGE('',*,*,#4436,.T.);
#4436 = EDGE_CURVE('',#4437,#4437,#4439,.T.);
#4437 = VERTEX_POINT('',#4438);
#4438 = CARTESIAN_POINT('',(170.9,-58.89,1.510198));
#4439 = CIRCLE('',#4440,0.4);
#4440 = AXIS2_PLACEMENT_3D('',#4441,#4442,#4443);
#4441 = CARTESIAN_POINT('',(170.9,-58.49,1.510198));
#4442 = DIRECTION('',(-0.,0.,-1.));
#4443 = DIRECTION('',(-0.,-1.,0.));
#4444 = FACE_BOUND('',#4445,.T.);
#4445 = EDGE_LOOP('',(#4446));
#4446 = ORIENTED_EDGE('',*,*,#4447,.T.);
#4447 = EDGE_CURVE('',#4448,#4448,#4450,.T.);
#4448 = VERTEX_POINT('',#4449);
#4449 = CARTESIAN_POINT('',(171.,-54.1645,1.510198));
#4450 = CIRCLE('',#4451,0.4445);
#4451 = AXIS2_PLACEMENT_3D('',#4452,#4453,#4454);
#4452 = CARTESIAN_POINT('',(171.,-53.72,1.510198));
#4453 = DIRECTION('',(-0.,0.,-1.));
#4454 = DIRECTION('',(-0.,-1.,0.));
#4455 = FACE_BOUND('',#4456,.T.);
#4456 = EDGE_LOOP('',(#4457));
#4457 = ORIENTED_EDGE('',*,*,#4458,.T.);
#4458 = EDGE_CURVE('',#4459,#4459,#4461,.T.);
#4459 = VERTEX_POINT('',#4460);
#4460 = CARTESIAN_POINT('',(171.,-51.6245,1.510198));
#4461 = CIRCLE('',#4462,0.4445);
#4462 = AXIS2_PLACEMENT_3D('',#4463,#4464,#4465);
#4463 = CARTESIAN_POINT('',(171.,-51.18,1.510198));
#4464 = DIRECTION('',(-0.,0.,-1.));
#4465 = DIRECTION('',(-0.,-1.,0.));
#4466 = FACE_BOUND('',#4467,.T.);
#4467 = EDGE_LOOP('',(#4468));
#4468 = ORIENTED_EDGE('',*,*,#4469,.T.);
#4469 = EDGE_CURVE('',#4470,#4470,#4472,.T.);
#4470 = VERTEX_POINT('',#4471);
#4471 = CARTESIAN_POINT('',(171.,-49.0845,1.510198));
#4472 = CIRCLE('',#4473,0.4445);
#4473 = AXIS2_PLACEMENT_3D('',#4474,#4475,#4476);
#4474 = CARTESIAN_POINT('',(171.,-48.64,1.510198));
#4475 = DIRECTION('',(-0.,0.,-1.));
#4476 = DIRECTION('',(-0.,-1.,0.));
#4477 = FACE_BOUND('',#4478,.T.);
#4478 = EDGE_LOOP('',(#4479));
#4479 = ORIENTED_EDGE('',*,*,#4480,.T.);
#4480 = EDGE_CURVE('',#4481,#4481,#4483,.T.);
#4481 = VERTEX_POINT('',#4482);
#4482 = CARTESIAN_POINT('',(171.,-46.5445,1.510198));
#4483 = CIRCLE('',#4484,0.4445);
#4484 = AXIS2_PLACEMENT_3D('',#4485,#4486,#4487);
#4485 = CARTESIAN_POINT('',(171.,-46.1,1.510198));
#4486 = DIRECTION('',(-0.,0.,-1.));
#4487 = DIRECTION('',(-0.,-1.,0.));
#4488 = FACE_BOUND('',#4489,.T.);
#4489 = EDGE_LOOP('',(#4490));
#4490 = ORIENTED_EDGE('',*,*,#4491,.T.);
#4491 = EDGE_CURVE('',#4492,#4492,#4494,.T.);
#4492 = VERTEX_POINT('',#4493);
#4493 = CARTESIAN_POINT('',(171.,-44.0045,1.510198));
#4494 = CIRCLE('',#4495,0.4445);
#4495 = AXIS2_PLACEMENT_3D('',#4496,#4497,#4498);
#4496 = CARTESIAN_POINT('',(171.,-43.56,1.510198));
#4497 = DIRECTION('',(-0.,0.,-1.));
#4498 = DIRECTION('',(-0.,-1.,0.));
#4499 = FACE_BOUND('',#4500,.T.);
#4500 = EDGE_LOOP('',(#4501));
#4501 = ORIENTED_EDGE('',*,*,#4502,.T.);
#4502 = EDGE_CURVE('',#4503,#4503,#4505,.T.);
#4503 = VERTEX_POINT('',#4504);
#4504 = CARTESIAN_POINT('',(171.,-41.4645,1.510198));
#4505 = CIRCLE('',#4506,0.4445);
#4506 = AXIS2_PLACEMENT_3D('',#4507,#4508,#4509);
#4507 = CARTESIAN_POINT('',(171.,-41.02,1.510198));
#4508 = DIRECTION('',(-0.,0.,-1.));
#4509 = DIRECTION('',(-0.,-1.,0.));
#4510 = FACE_BOUND('',#4511,.T.);
#4511 = EDGE_LOOP('',(#4512));
#4512 = ORIENTED_EDGE('',*,*,#4513,.T.);
#4513 = EDGE_CURVE('',#4514,#4514,#4516,.T.);
#4514 = VERTEX_POINT('',#4515);
#4515 = CARTESIAN_POINT('',(171.,-38.9245,1.510198));
#4516 = CIRCLE('',#4517,0.4445);
#4517 = AXIS2_PLACEMENT_3D('',#4518,#4519,#4520);
#4518 = CARTESIAN_POINT('',(171.,-38.48,1.510198));
#4519 = DIRECTION('',(-0.,0.,-1.));
#4520 = DIRECTION('',(-0.,-1.,0.));
#4521 = PLANE('',#4522);
#4522 = AXIS2_PLACEMENT_3D('',#4523,#4524,#4525);
#4523 = CARTESIAN_POINT('',(0.,0.,1.510198));
#4524 = DIRECTION('',(0.,0.,1.));
#4525 = DIRECTION('',(1.,0.,-0.));
#4526 = ADVANCED_FACE('',(#4527),#4533,.T.);
#4527 = FACE_BOUND('',#4528,.T.);
#4528 = EDGE_LOOP('',(#4529,#4530,#4531,#4532));
#4529 = ORIENTED_EDGE('',*,*,#3704,.T.);
#4530 = ORIENTED_EDGE('',*,*,#4130,.T.);
#4531 = ORIENTED_EDGE('',*,*,#3664,.F.);
#4532 = ORIENTED_EDGE('',*,*,#3728,.F.);
#4533 = PLANE('',#4534);
#4534 = AXIS2_PLACEMENT_3D('',#4535,#4536,#4537);
#4535 = CARTESIAN_POINT('',(110.7,-35.1,0.));
#4536 = DIRECTION('',(0.,1.,0.));
#4537 = DIRECTION('',(1.,0.,0.));
#4538 = ADVANCED_FACE('',(#4539),#4550,.F.);
#4539 = FACE_BOUND('',#4540,.T.);
#4540 = EDGE_LOOP('',(#4541,#4542,#4548,#4549));
#4541 = ORIENTED_EDGE('',*,*,#3737,.T.);
#4542 = ORIENTED_EDGE('',*,*,#4543,.T.);
#4543 = EDGE_CURVE('',#3738,#4140,#4544,.T.);
#4544 = LINE('',#4545,#4546);
#4545 = CARTESIAN_POINT('',(131.7,-142.28,-4.6E-02));
#4546 = VECTOR('',#4547,1.);
#4547 = DIRECTION('',(0.,0.,1.));
#4548 = ORIENTED_EDGE('',*,*,#4139,.F.);
#4549 = ORIENTED_EDGE('',*,*,#4543,.F.);
#4550 = CYLINDRICAL_SURFACE('',#4551,0.5);
#4551 = AXIS2_PLACEMENT_3D('',#4552,#4553,#4554);
#4552 = CARTESIAN_POINT('',(131.7,-141.78,-4.6E-02));
#4553 = DIRECTION('',(-0.,-0.,-1.));
#4554 = DIRECTION('',(-0.,-1.,0.));
#4555 = ADVANCED_FACE('',(#4556),#4567,.F.);
#4556 = FACE_BOUND('',#4557,.T.);
#4557 = EDGE_LOOP('',(#4558,#4559,#4565,#4566));
#4558 = ORIENTED_EDGE('',*,*,#3748,.T.);
#4559 = ORIENTED_EDGE('',*,*,#4560,.T.);
#4560 = EDGE_CURVE('',#3749,#4151,#4561,.T.);
#4561 = LINE('',#4562,#4563);
#4562 = CARTESIAN_POINT('',(134.24,-142.28,-4.6E-02));
#4563 = VECTOR('',#4564,1.);
#4564 = DIRECTION('',(0.,0.,1.));
#4565 = ORIENTED_EDGE('',*,*,#4150,.F.);
#4566 = ORIENTED_EDGE('',*,*,#4560,.F.);
#4567 = CYLINDRICAL_SURFACE('',#4568,0.5);
#4568 = AXIS2_PLACEMENT_3D('',#4569,#4570,#4571);
#4569 = CARTESIAN_POINT('',(134.24,-141.78,-4.6E-02));
#4570 = DIRECTION('',(-0.,-0.,-1.));
#4571 = DIRECTION('',(-0.,-1.,0.));
#4572 = ADVANCED_FACE('',(#4573),#4584,.F.);
#4573 = FACE_BOUND('',#4574,.T.);
#4574 = EDGE_LOOP('',(#4575,#4576,#4582,#4583));
#4575 = ORIENTED_EDGE('',*,*,#3759,.T.);
#4576 = ORIENTED_EDGE('',*,*,#4577,.T.);
#4577 = EDGE_CURVE('',#3760,#4162,#4578,.T.);
#4578 = LINE('',#4579,#4580);
#4579 = CARTESIAN_POINT('',(136.78,-142.28,-4.6E-02));
#4580 = VECTOR('',#4581,1.);
#4581 = DIRECTION('',(0.,0.,1.));
#4582 = ORIENTED_EDGE('',*,*,#4161,.F.);
#4583 = ORIENTED_EDGE('',*,*,#4577,.F.);
#4584 = CYLINDRICAL_SURFACE('',#4585,0.5);
#4585 = AXIS2_PLACEMENT_3D('',#4586,#4587,#4588);
#4586 = CARTESIAN_POINT('',(136.78,-141.78,-4.6E-02));
#4587 = DIRECTION('',(-0.,-0.,-1.));
#4588 = DIRECTION('',(-0.,-1.,0.));
#4589 = ADVANCED_FACE('',(#4590),#4601,.F.);
#4590 = FACE_BOUND('',#4591,.T.);
#4591 = EDGE_LOOP('',(#4592,#4593,#4599,#4600));
#4592 = ORIENTED_EDGE('',*,*,#3770,.T.);
#4593 = ORIENTED_EDGE('',*,*,#4594,.T.);
#4594 = EDGE_CURVE('',#3771,#4173,#4595,.T.);
#4595 = LINE('',#4596,#4597);
#4596 = CARTESIAN_POINT('',(139.32,-142.28,-4.6E-02));
#4597 = VECTOR('',#4598,1.);
#4598 = DIRECTION('',(0.,0.,1.));
#4599 = ORIENTED_EDGE('',*,*,#4172,.F.);
#4600 = ORIENTED_EDGE('',*,*,#4594,.F.);
#4601 = CYLINDRICAL_SURFACE('',#4602,0.5);
#4602 = AXIS2_PLACEMENT_3D('',#4603,#4604,#4605);
#4603 = CARTESIAN_POINT('',(139.32,-141.78,-4.6E-02));
#4604 = DIRECTION('',(-0.,-0.,-1.));
#4605 = DIRECTION('',(-0.,-1.,0.));
#4606 = ADVANCED_FACE('',(#4607),#4618,.F.);
#4607 = FACE_BOUND('',#4608,.T.);
#4608 = EDGE_LOOP('',(#4609,#4610,#4616,#4617));
#4609 = ORIENTED_EDGE('',*,*,#3781,.T.);
#4610 = ORIENTED_EDGE('',*,*,#4611,.T.);
#4611 = EDGE_CURVE('',#3782,#4184,#4612,.T.);
#4612 = LINE('',#4613,#4614);
#4613 = CARTESIAN_POINT('',(141.86,-142.28,-4.6E-02));
#4614 = VECTOR('',#4615,1.);
#4615 = DIRECTION('',(0.,0.,1.));
#4616 = ORIENTED_EDGE('',*,*,#4183,.F.);
#4617 = ORIENTED_EDGE('',*,*,#4611,.F.);
#4618 = CYLINDRICAL_SURFACE('',#4619,0.5);
#4619 = AXIS2_PLACEMENT_3D('',#4620,#4621,#4622);
#4620 = CARTESIAN_POINT('',(141.86,-141.78,-4.6E-02));
#4621 = DIRECTION('',(-0.,-0.,-1.));
#4622 = DIRECTION('',(-0.,-1.,0.));
#4623 = ADVANCED_FACE('',(#4624),#4635,.F.);
#4624 = FACE_BOUND('',#4625,.T.);
#4625 = EDGE_LOOP('',(#4626,#4627,#4633,#4634));
#4626 = ORIENTED_EDGE('',*,*,#3792,.T.);
#4627 = ORIENTED_EDGE('',*,*,#4628,.T.);
#4628 = EDGE_CURVE('',#3793,#4195,#4629,.T.);
#4629 = LINE('',#4630,#4631);
#4630 = CARTESIAN_POINT('',(144.4,-142.28,-4.6E-02));
#4631 = VECTOR('',#4632,1.);
#4632 = DIRECTION('',(0.,0.,1.));
#4633 = ORIENTED_EDGE('',*,*,#4194,.F.);
#4634 = ORIENTED_EDGE('',*,*,#4628,.F.);
#4635 = CYLINDRICAL_SURFACE('',#4636,0.5);
#4636 = AXIS2_PLACEMENT_3D('',#4637,#4638,#4639);
#4637 = CARTESIAN_POINT('',(144.4,-141.78,-4.6E-02));
#4638 = DIRECTION('',(-0.,-0.,-1.));
#4639 = DIRECTION('',(-0.,-1.,0.));
#4640 = ADVANCED_FACE('',(#4641),#4652,.F.);
#4641 = FACE_BOUND('',#4642,.T.);
#4642 = EDGE_LOOP('',(#4643,#4644,#4650,#4651));
#4643 = ORIENTED_EDGE('',*,*,#3803,.T.);
#4644 = ORIENTED_EDGE('',*,*,#4645,.T.);
#4645 = EDGE_CURVE('',#3804,#4206,#4646,.T.);
#4646 = LINE('',#4647,#4648);
#4647 = CARTESIAN_POINT('',(146.94,-142.28,-4.6E-02));
#4648 = VECTOR('',#4649,1.);
#4649 = DIRECTION('',(0.,0.,1.));
#4650 = ORIENTED_EDGE('',*,*,#4205,.F.);
#4651 = ORIENTED_EDGE('',*,*,#4645,.F.);
#4652 = CYLINDRICAL_SURFACE('',#4653,0.5);
#4653 = AXIS2_PLACEMENT_3D('',#4654,#4655,#4656);
#4654 = CARTESIAN_POINT('',(146.94,-141.78,-4.6E-02));
#4655 = DIRECTION('',(-0.,-0.,-1.));
#4656 = DIRECTION('',(-0.,-1.,0.));
#4657 = ADVANCED_FACE('',(#4658),#4669,.F.);
#4658 = FACE_BOUND('',#4659,.T.);
#4659 = EDGE_LOOP('',(#4660,#4661,#4667,#4668));
#4660 = ORIENTED_EDGE('',*,*,#3814,.T.);
#4661 = ORIENTED_EDGE('',*,*,#4662,.T.);
#4662 = EDGE_CURVE('',#3815,#4217,#4663,.T.);
#4663 = LINE('',#4664,#4665);
#4664 = CARTESIAN_POINT('',(149.48,-142.28,-4.6E-02));
#4665 = VECTOR('',#4666,1.);
#4666 = DIRECTION('',(0.,0.,1.));
#4667 = ORIENTED_EDGE('',*,*,#4216,.F.);
#4668 = ORIENTED_EDGE('',*,*,#4662,.F.);
#4669 = CYLINDRICAL_SURFACE('',#4670,0.5);
#4670 = AXIS2_PLACEMENT_3D('',#4671,#4672,#4673);
#4671 = CARTESIAN_POINT('',(149.48,-141.78,-4.6E-02));
#4672 = DIRECTION('',(-0.,-0.,-1.));
#4673 = DIRECTION('',(-0.,-1.,0.));
#4674 = ADVANCED_FACE('',(#4675),#4686,.F.);
#4675 = FACE_BOUND('',#4676,.T.);
#4676 = EDGE_LOOP('',(#4677,#4678,#4684,#4685));
#4677 = ORIENTED_EDGE('',*,*,#3825,.T.);
#4678 = ORIENTED_EDGE('',*,*,#4679,.T.);
#4679 = EDGE_CURVE('',#3826,#4228,#4680,.T.);
#4680 = LINE('',#4681,#4682);
#4681 = CARTESIAN_POINT('',(152.02,-142.28,-4.6E-02));
#4682 = VECTOR('',#4683,1.);
#4683 = DIRECTION('',(0.,0.,1.));
#4684 = ORIENTED_EDGE('',*,*,#4227,.F.);
#4685 = ORIENTED_EDGE('',*,*,#4679,.F.);
#4686 = CYLINDRICAL_SURFACE('',#4687,0.5);
#4687 = AXIS2_PLACEMENT_3D('',#4688,#4689,#4690);
#4688 = CARTESIAN_POINT('',(152.02,-141.78,-4.6E-02));
#4689 = DIRECTION('',(-0.,-0.,-1.));
#4690 = DIRECTION('',(-0.,-1.,0.));
#4691 = ADVANCED_FACE('',(#4692),#4703,.F.);
#4692 = FACE_BOUND('',#4693,.T.);
#4693 = EDGE_LOOP('',(#4694,#4695,#4701,#4702));
#4694 = ORIENTED_EDGE('',*,*,#3836,.T.);
#4695 = ORIENTED_EDGE('',*,*,#4696,.T.);
#4696 = EDGE_CURVE('',#3837,#4239,#4697,.T.);
#4697 = LINE('',#4698,#4699);
#4698 = CARTESIAN_POINT('',(129.29,-38.89,-4.6E-02));
#4699 = VECTOR('',#4700,1.);
#4700 = DIRECTION('',(0.,0.,1.));
#4701 = ORIENTED_EDGE('',*,*,#4238,.F.);
#4702 = ORIENTED_EDGE('',*,*,#4696,.F.);
#4703 = CYLINDRICAL_SURFACE('',#4704,0.5);
#4704 = AXIS2_PLACEMENT_3D('',#4705,#4706,#4707);
#4705 = CARTESIAN_POINT('',(129.29,-38.39,-4.6E-02));
#4706 = DIRECTION('',(-0.,-0.,-1.));
#4707 = DIRECTION('',(-0.,-1.,0.));
#4708 = ADVANCED_FACE('',(#4709),#4720,.F.);
#4709 = FACE_BOUND('',#4710,.T.);
#4710 = EDGE_LOOP('',(#4711,#4712,#4718,#4719));
#4711 = ORIENTED_EDGE('',*,*,#3847,.T.);
#4712 = ORIENTED_EDGE('',*,*,#4713,.T.);
#4713 = EDGE_CURVE('',#3848,#4250,#4714,.T.);
#4714 = LINE('',#4715,#4716);
#4715 = CARTESIAN_POINT('',(131.83,-38.89,-4.6E-02));
#4716 = VECTOR('',#4717,1.);
#4717 = DIRECTION('',(0.,0.,1.));
#4718 = ORIENTED_EDGE('',*,*,#4249,.F.);
#4719 = ORIENTED_EDGE('',*,*,#4713,.F.);
#4720 = CYLINDRICAL_SURFACE('',#4721,0.5);
#4721 = AXIS2_PLACEMENT_3D('',#4722,#4723,#4724);
#4722 = CARTESIAN_POINT('',(131.83,-38.39,-4.6E-02));
#4723 = DIRECTION('',(-0.,-0.,-1.));
#4724 = DIRECTION('',(-0.,-1.,0.));
#4725 = ADVANCED_FACE('',(#4726),#4737,.F.);
#4726 = FACE_BOUND('',#4727,.T.);
#4727 = EDGE_LOOP('',(#4728,#4729,#4735,#4736));
#4728 = ORIENTED_EDGE('',*,*,#3858,.T.);
#4729 = ORIENTED_EDGE('',*,*,#4730,.T.);
#4730 = EDGE_CURVE('',#3859,#4261,#4731,.T.);
#4731 = LINE('',#4732,#4733);
#4732 = CARTESIAN_POINT('',(134.363033,-38.862285,-4.6E-02));
#4733 = VECTOR('',#4734,1.);
#4734 = DIRECTION('',(0.,0.,1.));
#4735 = ORIENTED_EDGE('',*,*,#4260,.F.);
#4736 = ORIENTED_EDGE('',*,*,#4730,.F.);
#4737 = CYLINDRICAL_SURFACE('',#4738,0.5);
#4738 = AXIS2_PLACEMENT_3D('',#4739,#4740,#4741);
#4739 = CARTESIAN_POINT('',(134.363033,-38.362285,-4.6E-02));
#4740 = DIRECTION('',(-0.,-0.,-1.));
#4741 = DIRECTION('',(-0.,-1.,0.));
#4742 = ADVANCED_FACE('',(#4743),#4754,.F.);
#4743 = FACE_BOUND('',#4744,.T.);
#4744 = EDGE_LOOP('',(#4745,#4746,#4752,#4753));
#4745 = ORIENTED_EDGE('',*,*,#3869,.T.);
#4746 = ORIENTED_EDGE('',*,*,#4747,.T.);
#4747 = EDGE_CURVE('',#3870,#4272,#4748,.T.);
#4748 = LINE('',#4749,#4750);
#4749 = CARTESIAN_POINT('',(137.051423,-38.862285,-4.6E-02));
#4750 = VECTOR('',#4751,1.);
#4751 = DIRECTION('',(0.,0.,1.));
#4752 = ORIENTED_EDGE('',*,*,#4271,.F.);
#4753 = ORIENTED_EDGE('',*,*,#4747,.F.);
#4754 = CYLINDRICAL_SURFACE('',#4755,0.5);
#4755 = AXIS2_PLACEMENT_3D('',#4756,#4757,#4758);
#4756 = CARTESIAN_POINT('',(137.051423,-38.362285,-4.6E-02));
#4757 = DIRECTION('',(-0.,-0.,-1.));
#4758 = DIRECTION('',(-0.,-1.,0.));
#4759 = ADVANCED_FACE('',(#4760),#4771,.F.);
#4760 = FACE_BOUND('',#4761,.T.);
#4761 = EDGE_LOOP('',(#4762,#4763,#4769,#4770));
#4762 = ORIENTED_EDGE('',*,*,#3880,.T.);
#4763 = ORIENTED_EDGE('',*,*,#4764,.T.);
#4764 = EDGE_CURVE('',#3881,#4283,#4765,.T.);
#4765 = LINE('',#4766,#4767);
#4766 = CARTESIAN_POINT('',(156.2,-68.9,-4.6E-02));
#4767 = VECTOR('',#4768,1.);
#4768 = DIRECTION('',(0.,0.,1.));
#4769 = ORIENTED_EDGE('',*,*,#4282,.F.);
#4770 = ORIENTED_EDGE('',*,*,#4764,.F.);
#4771 = CYLINDRICAL_SURFACE('',#4772,0.4);
#4772 = AXIS2_PLACEMENT_3D('',#4773,#4774,#4775);
#4773 = CARTESIAN_POINT('',(156.2,-68.5,-4.6E-02));
#4774 = DIRECTION('',(-0.,-0.,-1.));
#4775 = DIRECTION('',(-0.,-1.,0.));
#4776 = ADVANCED_FACE('',(#4777),#4788,.F.);
#4777 = FACE_BOUND('',#4778,.T.);
#4778 = EDGE_LOOP('',(#4779,#4780,#4786,#4787));
#4779 = ORIENTED_EDGE('',*,*,#3891,.T.);
#4780 = ORIENTED_EDGE('',*,*,#4781,.T.);
#4781 = EDGE_CURVE('',#3892,#4294,#4782,.T.);
#4782 = LINE('',#4783,#4784);
#4783 = CARTESIAN_POINT('',(158.2,-68.9,-4.6E-02));
#4784 = VECTOR('',#4785,1.);
#4785 = DIRECTION('',(0.,0.,1.));
#4786 = ORIENTED_EDGE('',*,*,#4293,.F.);
#4787 = ORIENTED_EDGE('',*,*,#4781,.F.);
#4788 = CYLINDRICAL_SURFACE('',#4789,0.4);
#4789 = AXIS2_PLACEMENT_3D('',#4790,#4791,#4792);
#4790 = CARTESIAN_POINT('',(158.2,-68.5,-4.6E-02));
#4791 = DIRECTION('',(-0.,-0.,-1.));
#4792 = DIRECTION('',(-0.,-1.,0.));
#4793 = ADVANCED_FACE('',(#4794),#4805,.F.);
#4794 = FACE_BOUND('',#4795,.T.);
#4795 = EDGE_LOOP('',(#4796,#4797,#4803,#4804));
#4796 = ORIENTED_EDGE('',*,*,#3902,.T.);
#4797 = ORIENTED_EDGE('',*,*,#4798,.T.);
#4798 = EDGE_CURVE('',#3903,#4305,#4799,.T.);
#4799 = LINE('',#4800,#4801);
#4800 = CARTESIAN_POINT('',(168.425,-71.05,-4.6E-02));
#4801 = VECTOR('',#4802,1.);
#4802 = DIRECTION('',(0.,0.,1.));
#4803 = ORIENTED_EDGE('',*,*,#4304,.F.);
#4804 = ORIENTED_EDGE('',*,*,#4798,.F.);
#4805 = CYLINDRICAL_SURFACE('',#4806,0.45);
#4806 = AXIS2_PLACEMENT_3D('',#4807,#4808,#4809);
#4807 = CARTESIAN_POINT('',(168.425,-70.6,-4.6E-02));
#4808 = DIRECTION('',(-0.,-0.,-1.));
#4809 = DIRECTION('',(-0.,-1.,0.));
#4810 = ADVANCED_FACE('',(#4811),#4822,.F.);
#4811 = FACE_BOUND('',#4812,.T.);
#4812 = EDGE_LOOP('',(#4813,#4814,#4820,#4821));
#4813 = ORIENTED_EDGE('',*,*,#3913,.T.);
#4814 = ORIENTED_EDGE('',*,*,#4815,.T.);
#4815 = EDGE_CURVE('',#3914,#4316,#4816,.T.);
#4816 = LINE('',#4817,#4818);
#4817 = CARTESIAN_POINT('',(170.965,-71.05,-4.6E-02));
#4818 = VECTOR('',#4819,1.);
#4819 = DIRECTION('',(0.,0.,1.));
#4820 = ORIENTED_EDGE('',*,*,#4315,.F.);
#4821 = ORIENTED_EDGE('',*,*,#4815,.F.);
#4822 = CYLINDRICAL_SURFACE('',#4823,0.45);
#4823 = AXIS2_PLACEMENT_3D('',#4824,#4825,#4826);
#4824 = CARTESIAN_POINT('',(170.965,-70.6,-4.6E-02));
#4825 = DIRECTION('',(-0.,0.,-1.));
#4826 = DIRECTION('',(6.315935428978E-14,-1.,-0.));
#4827 = ADVANCED_FACE('',(#4828),#4839,.F.);
#4828 = FACE_BOUND('',#4829,.T.);
#4829 = EDGE_LOOP('',(#4830,#4831,#4837,#4838));
#4830 = ORIENTED_EDGE('',*,*,#3924,.T.);
#4831 = ORIENTED_EDGE('',*,*,#4832,.T.);
#4832 = EDGE_CURVE('',#3925,#4327,#4833,.T.);
#4833 = LINE('',#4834,#4835);
#4834 = CARTESIAN_POINT('',(170.9,-66.51,-4.6E-02));
#4835 = VECTOR('',#4836,1.);
#4836 = DIRECTION('',(0.,0.,1.));
#4837 = ORIENTED_EDGE('',*,*,#4326,.F.);
#4838 = ORIENTED_EDGE('',*,*,#4832,.F.);
#4839 = CYLINDRICAL_SURFACE('',#4840,0.4);
#4840 = AXIS2_PLACEMENT_3D('',#4841,#4842,#4843);
#4841 = CARTESIAN_POINT('',(170.9,-66.11,-4.6E-02));
#4842 = DIRECTION('',(-0.,-0.,-1.));
#4843 = DIRECTION('',(-0.,-1.,0.));
#4844 = ADVANCED_FACE('',(#4845),#4856,.F.);
#4845 = FACE_BOUND('',#4846,.T.);
#4846 = EDGE_LOOP('',(#4847,#4848,#4854,#4855));
#4847 = ORIENTED_EDGE('',*,*,#3935,.T.);
#4848 = ORIENTED_EDGE('',*,*,#4849,.T.);
#4849 = EDGE_CURVE('',#3936,#4338,#4850,.T.);
#4850 = LINE('',#4851,#4852);
#4851 = CARTESIAN_POINT('',(155.85,-60.6,-4.6E-02));
#4852 = VECTOR('',#4853,1.);
#4853 = DIRECTION('',(0.,0.,1.));
#4854 = ORIENTED_EDGE('',*,*,#4337,.F.);
#4855 = ORIENTED_EDGE('',*,*,#4849,.F.);
#4856 = CYLINDRICAL_SURFACE('',#4857,0.4);
#4857 = AXIS2_PLACEMENT_3D('',#4858,#4859,#4860);
#4858 = CARTESIAN_POINT('',(155.85,-60.2,-4.6E-02));
#4859 = DIRECTION('',(-0.,-0.,-1.));
#4860 = DIRECTION('',(-0.,-1.,0.));
#4861 = ADVANCED_FACE('',(#4862),#4873,.F.);
#4862 = FACE_BOUND('',#4863,.T.);
#4863 = EDGE_LOOP('',(#4864,#4865,#4871,#4872));
#4864 = ORIENTED_EDGE('',*,*,#3946,.T.);
#4865 = ORIENTED_EDGE('',*,*,#4866,.T.);
#4866 = EDGE_CURVE('',#3947,#4349,#4867,.T.);
#4867 = LINE('',#4868,#4869);
#4868 = CARTESIAN_POINT('',(158.35,-60.6,-4.6E-02));
#4869 = VECTOR('',#4870,1.);
#4870 = DIRECTION('',(0.,0.,1.));
#4871 = ORIENTED_EDGE('',*,*,#4348,.F.);
#4872 = ORIENTED_EDGE('',*,*,#4866,.F.);
#4873 = CYLINDRICAL_SURFACE('',#4874,0.4);
#4874 = AXIS2_PLACEMENT_3D('',#4875,#4876,#4877);
#4875 = CARTESIAN_POINT('',(158.35,-60.2,-4.6E-02));
#4876 = DIRECTION('',(-0.,-0.,-1.));
#4877 = DIRECTION('',(-0.,-1.,0.));
#4878 = ADVANCED_FACE('',(#4879),#4890,.F.);
#4879 = FACE_BOUND('',#4880,.T.);
#4880 = EDGE_LOOP('',(#4881,#4882,#4888,#4889));
#4881 = ORIENTED_EDGE('',*,*,#3957,.T.);
#4882 = ORIENTED_EDGE('',*,*,#4883,.T.);
#4883 = EDGE_CURVE('',#3958,#4360,#4884,.T.);
#4884 = LINE('',#4885,#4886);
#4885 = CARTESIAN_POINT('',(155.76,-54.1645,-4.6E-02));
#4886 = VECTOR('',#4887,1.);
#4887 = DIRECTION('',(0.,0.,1.));
#4888 = ORIENTED_EDGE('',*,*,#4359,.F.);
#4889 = ORIENTED_EDGE('',*,*,#4883,.F.);
#4890 = CYLINDRICAL_SURFACE('',#4891,0.4445);
#4891 = AXIS2_PLACEMENT_3D('',#4892,#4893,#4894);
#4892 = CARTESIAN_POINT('',(155.76,-53.72,-4.6E-02));
#4893 = DIRECTION('',(-0.,-0.,-1.));
#4894 = DIRECTION('',(-0.,-1.,0.));
#4895 = ADVANCED_FACE('',(#4896),#4907,.F.);
#4896 = FACE_BOUND('',#4897,.T.);
#4897 = EDGE_LOOP('',(#4898,#4899,#4905,#4906));
#4898 = ORIENTED_EDGE('',*,*,#3968,.T.);
#4899 = ORIENTED_EDGE('',*,*,#4900,.T.);
#4900 = EDGE_CURVE('',#3969,#4371,#4901,.T.);
#4901 = LINE('',#4902,#4903);
#4902 = CARTESIAN_POINT('',(155.76,-51.6245,-4.6E-02));
#4903 = VECTOR('',#4904,1.);
#4904 = DIRECTION('',(0.,0.,1.));
#4905 = ORIENTED_EDGE('',*,*,#4370,.F.);
#4906 = ORIENTED_EDGE('',*,*,#4900,.F.);
#4907 = CYLINDRICAL_SURFACE('',#4908,0.4445);
#4908 = AXIS2_PLACEMENT_3D('',#4909,#4910,#4911);
#4909 = CARTESIAN_POINT('',(155.76,-51.18,-4.6E-02));
#4910 = DIRECTION('',(-0.,-0.,-1.));
#4911 = DIRECTION('',(-0.,-1.,0.));
#4912 = ADVANCED_FACE('',(#4913),#4924,.F.);
#4913 = FACE_BOUND('',#4914,.T.);
#4914 = EDGE_LOOP('',(#4915,#4916,#4922,#4923));
#4915 = ORIENTED_EDGE('',*,*,#3979,.T.);
#4916 = ORIENTED_EDGE('',*,*,#4917,.T.);
#4917 = EDGE_CURVE('',#3980,#4382,#4918,.T.);
#4918 = LINE('',#4919,#4920);
#4919 = CARTESIAN_POINT('',(155.76,-49.0845,-4.6E-02));
#4920 = VECTOR('',#4921,1.);
#4921 = DIRECTION('',(0.,0.,1.));
#4922 = ORIENTED_EDGE('',*,*,#4381,.F.);
#4923 = ORIENTED_EDGE('',*,*,#4917,.F.);
#4924 = CYLINDRICAL_SURFACE('',#4925,0.4445);
#4925 = AXIS2_PLACEMENT_3D('',#4926,#4927,#4928);
#4926 = CARTESIAN_POINT('',(155.76,-48.64,-4.6E-02));
#4927 = DIRECTION('',(-0.,-0.,-1.));
#4928 = DIRECTION('',(-0.,-1.,0.));
#4929 = ADVANCED_FACE('',(#4930),#4941,.F.);
#4930 = FACE_BOUND('',#4931,.T.);
#4931 = EDGE_LOOP('',(#4932,#4933,#4939,#4940));
#4932 = ORIENTED_EDGE('',*,*,#3990,.T.);
#4933 = ORIENTED_EDGE('',*,*,#4934,.T.);
#4934 = EDGE_CURVE('',#3991,#4393,#4935,.T.);
#4935 = LINE('',#4936,#4937);
#4936 = CARTESIAN_POINT('',(155.76,-46.5445,-4.6E-02));
#4937 = VECTOR('',#4938,1.);
#4938 = DIRECTION('',(0.,0.,1.));
#4939 = ORIENTED_EDGE('',*,*,#4392,.F.);
#4940 = ORIENTED_EDGE('',*,*,#4934,.F.);
#4941 = CYLINDRICAL_SURFACE('',#4942,0.4445);
#4942 = AXIS2_PLACEMENT_3D('',#4943,#4944,#4945);
#4943 = CARTESIAN_POINT('',(155.76,-46.1,-4.6E-02));
#4944 = DIRECTION('',(-0.,-0.,-1.));
#4945 = DIRECTION('',(-0.,-1.,0.));
#4946 = ADVANCED_FACE('',(#4947),#4958,.F.);
#4947 = FACE_BOUND('',#4948,.T.);
#4948 = EDGE_LOOP('',(#4949,#4950,#4956,#4957));
#4949 = ORIENTED_EDGE('',*,*,#4001,.T.);
#4950 = ORIENTED_EDGE('',*,*,#4951,.T.);
#4951 = EDGE_CURVE('',#4002,#4404,#4952,.T.);
#4952 = LINE('',#4953,#4954);
#4953 = CARTESIAN_POINT('',(155.76,-44.0045,-4.6E-02));
#4954 = VECTOR('',#4955,1.);
#4955 = DIRECTION('',(0.,0.,1.));
#4956 = ORIENTED_EDGE('',*,*,#4403,.F.);
#4957 = ORIENTED_EDGE('',*,*,#4951,.F.);
#4958 = CYLINDRICAL_SURFACE('',#4959,0.4445);
#4959 = AXIS2_PLACEMENT_3D('',#4960,#4961,#4962);
#4960 = CARTESIAN_POINT('',(155.76,-43.56,-4.6E-02));
#4961 = DIRECTION('',(-0.,-0.,-1.));
#4962 = DIRECTION('',(-0.,-1.,0.));
#4963 = ADVANCED_FACE('',(#4964),#4975,.F.);
#4964 = FACE_BOUND('',#4965,.T.);
#4965 = EDGE_LOOP('',(#4966,#4967,#4973,#4974));
#4966 = ORIENTED_EDGE('',*,*,#4012,.T.);
#4967 = ORIENTED_EDGE('',*,*,#4968,.T.);
#4968 = EDGE_CURVE('',#4013,#4415,#4969,.T.);
#4969 = LINE('',#4970,#4971);
#4970 = CARTESIAN_POINT('',(155.76,-41.4645,-4.6E-02));
#4971 = VECTOR('',#4972,1.);
#4972 = DIRECTION('',(0.,0.,1.));
#4973 = ORIENTED_EDGE('',*,*,#4414,.F.);
#4974 = ORIENTED_EDGE('',*,*,#4968,.F.);
#4975 = CYLINDRICAL_SURFACE('',#4976,0.4445);
#4976 = AXIS2_PLACEMENT_3D('',#4977,#4978,#4979);
#4977 = CARTESIAN_POINT('',(155.76,-41.02,-4.6E-02));
#4978 = DIRECTION('',(-0.,-0.,-1.));
#4979 = DIRECTION('',(-0.,-1.,0.));
#4980 = ADVANCED_FACE('',(#4981),#4992,.F.);
#4981 = FACE_BOUND('',#4982,.T.);
#4982 = EDGE_LOOP('',(#4983,#4984,#4990,#4991));
#4983 = ORIENTED_EDGE('',*,*,#4023,.T.);
#4984 = ORIENTED_EDGE('',*,*,#4985,.T.);
#4985 = EDGE_CURVE('',#4024,#4426,#4986,.T.);
#4986 = LINE('',#4987,#4988);
#4987 = CARTESIAN_POINT('',(155.76,-38.9245,-4.6E-02));
#4988 = VECTOR('',#4989,1.);
#4989 = DIRECTION('',(0.,0.,1.));
#4990 = ORIENTED_EDGE('',*,*,#4425,.F.);
#4991 = ORIENTED_EDGE('',*,*,#4985,.F.);
#4992 = CYLINDRICAL_SURFACE('',#4993,0.4445);
#4993 = AXIS2_PLACEMENT_3D('',#4994,#4995,#4996);
#4994 = CARTESIAN_POINT('',(155.76,-38.48,-4.6E-02));
#4995 = DIRECTION('',(-0.,-0.,-1.));
#4996 = DIRECTION('',(-0.,-1.,0.));
#4997 = ADVANCED_FACE('',(#4998),#5009,.F.);
#4998 = FACE_BOUND('',#4999,.T.);
#4999 = EDGE_LOOP('',(#5000,#5001,#5007,#5008));
#5000 = ORIENTED_EDGE('',*,*,#4034,.T.);
#5001 = ORIENTED_EDGE('',*,*,#5002,.T.);
#5002 = EDGE_CURVE('',#4035,#4437,#5003,.T.);
#5003 = LINE('',#5004,#5005);
#5004 = CARTESIAN_POINT('',(170.9,-58.89,-4.6E-02));
#5005 = VECTOR('',#5006,1.);
#5006 = DIRECTION('',(0.,0.,1.));
#5007 = ORIENTED_EDGE('',*,*,#4436,.F.);
#5008 = ORIENTED_EDGE('',*,*,#5002,.F.);
#5009 = CYLINDRICAL_SURFACE('',#5010,0.4);
#5010 = AXIS2_PLACEMENT_3D('',#5011,#5012,#5013);
#5011 = CARTESIAN_POINT('',(170.9,-58.49,-4.6E-02));
#5012 = DIRECTION('',(-0.,-0.,-1.));
#5013 = DIRECTION('',(-0.,-1.,0.));
#5014 = ADVANCED_FACE('',(#5015),#5026,.F.);
#5015 = FACE_BOUND('',#5016,.T.);
#5016 = EDGE_LOOP('',(#5017,#5018,#5024,#5025));
#5017 = ORIENTED_EDGE('',*,*,#4045,.T.);
#5018 = ORIENTED_EDGE('',*,*,#5019,.T.);
#5019 = EDGE_CURVE('',#4046,#4448,#5020,.T.);
#5020 = LINE('',#5021,#5022);
#5021 = CARTESIAN_POINT('',(171.,-54.1645,-4.6E-02));
#5022 = VECTOR('',#5023,1.);
#5023 = DIRECTION('',(0.,0.,1.));
#5024 = ORIENTED_EDGE('',*,*,#4447,.F.);
#5025 = ORIENTED_EDGE('',*,*,#5019,.F.);
#5026 = CYLINDRICAL_SURFACE('',#5027,0.4445);
#5027 = AXIS2_PLACEMENT_3D('',#5028,#5029,#5030);
#5028 = CARTESIAN_POINT('',(171.,-53.72,-4.6E-02));
#5029 = DIRECTION('',(-0.,-0.,-1.));
#5030 = DIRECTION('',(-0.,-1.,0.));
#5031 = ADVANCED_FACE('',(#5032),#5043,.F.);
#5032 = FACE_BOUND('',#5033,.T.);
#5033 = EDGE_LOOP('',(#5034,#5035,#5041,#5042));
#5034 = ORIENTED_EDGE('',*,*,#4056,.T.);
#5035 = ORIENTED_EDGE('',*,*,#5036,.T.);
#5036 = EDGE_CURVE('',#4057,#4459,#5037,.T.);
#5037 = LINE('',#5038,#5039);
#5038 = CARTESIAN_POINT('',(171.,-51.6245,-4.6E-02));
#5039 = VECTOR('',#5040,1.);
#5040 = DIRECTION('',(0.,0.,1.));
#5041 = ORIENTED_EDGE('',*,*,#4458,.F.);
#5042 = ORIENTED_EDGE('',*,*,#5036,.F.);
#5043 = CYLINDRICAL_SURFACE('',#5044,0.4445);
#5044 = AXIS2_PLACEMENT_3D('',#5045,#5046,#5047);
#5045 = CARTESIAN_POINT('',(171.,-51.18,-4.6E-02));
#5046 = DIRECTION('',(-0.,-0.,-1.));
#5047 = DIRECTION('',(-0.,-1.,0.));
#5048 = ADVANCED_FACE('',(#5049),#5060,.F.);
#5049 = FACE_BOUND('',#5050,.T.);
#5050 = EDGE_LOOP('',(#5051,#5052,#5058,#5059));
#5051 = ORIENTED_EDGE('',*,*,#4067,.T.);
#5052 = ORIENTED_EDGE('',*,*,#5053,.T.);
#5053 = EDGE_CURVE('',#4068,#4470,#5054,.T.);
#5054 = LINE('',#5055,#5056);
#5055 = CARTESIAN_POINT('',(171.,-49.0845,-4.6E-02));
#5056 = VECTOR('',#5057,1.);
#5057 = DIRECTION('',(0.,0.,1.));
#5058 = ORIENTED_EDGE('',*,*,#4469,.F.);
#5059 = ORIENTED_EDGE('',*,*,#5053,.F.);
#5060 = CYLINDRICAL_SURFACE('',#5061,0.4445);
#5061 = AXIS2_PLACEMENT_3D('',#5062,#5063,#5064);
#5062 = CARTESIAN_POINT('',(171.,-48.64,-4.6E-02));
#5063 = DIRECTION('',(-0.,-0.,-1.));
#5064 = DIRECTION('',(-0.,-1.,0.));
#5065 = ADVANCED_FACE('',(#5066),#5077,.F.);
#5066 = FACE_BOUND('',#5067,.T.);
#5067 = EDGE_LOOP('',(#5068,#5069,#5075,#5076));
#5068 = ORIENTED_EDGE('',*,*,#4078,.T.);
#5069 = ORIENTED_EDGE('',*,*,#5070,.T.);
#5070 = EDGE_CURVE('',#4079,#4481,#5071,.T.);
#5071 = LINE('',#5072,#5073);
#5072 = CARTESIAN_POINT('',(171.,-46.5445,-4.6E-02));
#5073 = VECTOR('',#5074,1.);
#5074 = DIRECTION('',(0.,0.,1.));
#5075 = ORIENTED_EDGE('',*,*,#4480,.F.);
#5076 = ORIENTED_EDGE('',*,*,#5070,.F.);
#5077 = CYLINDRICAL_SURFACE('',#5078,0.4445);
#5078 = AXIS2_PLACEMENT_3D('',#5079,#5080,#5081);
#5079 = CARTESIAN_POINT('',(171.,-46.1,-4.6E-02));
#5080 = DIRECTION('',(-0.,-0.,-1.));
#5081 = DIRECTION('',(-0.,-1.,0.));
#5082 = ADVANCED_FACE('',(#5083),#5094,.F.);
#5083 = FACE_BOUND('',#5084,.T.);
#5084 = EDGE_LOOP('',(#5085,#5086,#5092,#5093));
#5085 = ORIENTED_EDGE('',*,*,#4089,.T.);
#5086 = ORIENTED_EDGE('',*,*,#5087,.T.);
#5087 = EDGE_CURVE('',#4090,#4492,#5088,.T.);
#5088 = LINE('',#5089,#5090);
#5089 = CARTESIAN_POINT('',(171.,-44.0045,-4.6E-02));
#5090 = VECTOR('',#5091,1.);
#5091 = DIRECTION('',(0.,0.,1.));
#5092 = ORIENTED_EDGE('',*,*,#4491,.F.);
#5093 = ORIENTED_EDGE('',*,*,#5087,.F.);
#5094 = CYLINDRICAL_SURFACE('',#5095,0.4445);
#5095 = AXIS2_PLACEMENT_3D('',#5096,#5097,#5098);
#5096 = CARTESIAN_POINT('',(171.,-43.56,-4.6E-02));
#5097 = DIRECTION('',(-0.,-0.,-1.));
#5098 = DIRECTION('',(-0.,-1.,0.));
#5099 = ADVANCED_FACE('',(#5100),#5111,.F.);
#5100 = FACE_BOUND('',#5101,.T.);
#5101 = EDGE_LOOP('',(#5102,#5103,#5109,#5110));
#5102 = ORIENTED_EDGE('',*,*,#4100,.T.);
#5103 = ORIENTED_EDGE('',*,*,#5104,.T.);
#5104 = EDGE_CURVE('',#4101,#4503,#5105,.T.);
#5105 = LINE('',#5106,#5107);
#5106 = CARTESIAN_POINT('',(171.,-41.4645,-4.6E-02));
#5107 = VECTOR('',#5108,1.);
#5108 = DIRECTION('',(0.,0.,1.));
#5109 = ORIENTED_EDGE('',*,*,#4502,.F.);
#5110 = ORIENTED_EDGE('',*,*,#5104,.F.);
#5111 = CYLINDRICAL_SURFACE('',#5112,0.4445);
#5112 = AXIS2_PLACEMENT_3D('',#5113,#5114,#5115);
#5113 = CARTESIAN_POINT('',(171.,-41.02,-4.6E-02));
#5114 = DIRECTION('',(-0.,-0.,-1.));
#5115 = DIRECTION('',(-0.,-1.,0.));
#5116 = ADVANCED_FACE('',(#5117),#5128,.F.);
#5117 = FACE_BOUND('',#5118,.T.);
#5118 = EDGE_LOOP('',(#5119,#5120,#5126,#5127));
#5119 = ORIENTED_EDGE('',*,*,#4111,.T.);
#5120 = ORIENTED_EDGE('',*,*,#5121,.T.);
#5121 = EDGE_CURVE('',#4112,#4514,#5122,.T.);
#5122 = LINE('',#5123,#5124);
#5123 = CARTESIAN_POINT('',(171.,-38.9245,-4.6E-02));
#5124 = VECTOR('',#5125,1.);
#5125 = DIRECTION('',(0.,0.,1.));
#5126 = ORIENTED_EDGE('',*,*,#4513,.F.);
#5127 = ORIENTED_EDGE('',*,*,#5121,.F.);
#5128 = CYLINDRICAL_SURFACE('',#5129,0.4445);
#5129 = AXIS2_PLACEMENT_3D('',#5130,#5131,#5132);
#5130 = CARTESIAN_POINT('',(171.,-38.48,-4.6E-02));
#5131 = DIRECTION('',(-0.,-0.,-1.));
#5132 = DIRECTION('',(-0.,-1.,0.));
#5133 = ( GEOMETRIC_REPRESENTATION_CONTEXT(3) 
GLOBAL_UNCERTAINTY_ASSIGNED_CONTEXT((#5137)) 
GLOBAL_UNIT_ASSIGNED_CONTEXT((#5134,#5135,#5136)) REPRESENTATION_CONTEXT
('Context #1','3D Context with UNIT and UNCERTAINTY') );
#5134 = ( LENGTH_UNIT() NAMED_UNIT(*) SI_UNIT(.MILLI.,.METRE.) );
#5135 = ( NAMED_UNIT(*) PLANE_ANGLE_UNIT() SI_UNIT($,.RADIAN.) );
#5136 = ( NAMED_UNIT(*) SI_UNIT($,.STERADIAN.) SOLID_ANGLE_UNIT() );
#5137 = UNCERTAINTY_MEASURE_WITH_UNIT(LENGTH_MEASURE(1.E-07),#5134,
  'distance_accuracy_value','confusion accuracy');
#5138 = SHAPE_DEFINITION_REPRESENTATION(#5139,#3617);
#5139 = PRODUCT_DEFINITION_SHAPE('','',#5140);
#5140 = PRODUCT_DEFINITION('design','',#5141,#5144);
#5141 = PRODUCT_DEFINITION_FORMATION('','',#5142);
#5142 = PRODUCT('pos_PCB','pos_PCB','',(#5143));
#5143 = PRODUCT_CONTEXT('',#2,'mechanical');
#5144 = PRODUCT_DEFINITION_CONTEXT('part definition',#2,'design');
#5145 = CONTEXT_DEPENDENT_SHAPE_REPRESENTATION(#5146,#5148);
#5146 = ( REPRESENTATION_RELATIONSHIP('','',#3617,#10) 
REPRESENTATION_RELATIONSHIP_WITH_TRANSFORMATION(#5147) 
SHAPE_REPRESENTATION_RELATIONSHIP() );
#5147 = ITEM_DEFINED_TRANSFORMATION('','',#11,#31);
#5148 = PRODUCT_DEFINITION_SHAPE('Placement','Placement of an item',
  #5149);
#5149 = NEXT_ASSEMBLY_USAGE_OCCURRENCE('5','','',#5,#5140,$);
#5150 = PRODUCT_RELATED_PRODUCT_CATEGORY('part',$,(#5142));
ENDSEC;
END-ISO-10303-21;
